{"type":"FeatureCollection","features":[{"type":"Feature","properties":{"code":"21","nom":"Côte-d’Or"},"geometry":{"type":"MultiPolygon","coordinates":[[[[4.349,47.09636],[4.34673,47.10123],[4.3402,47.10328],[4.33526,47.10202],[4.31554,47.10478],[4.30652,47.10327],[4.29713,47.11315],[4.29388,47.11071],[4.28582,47.11024],[4.28562,47.10826],[4.27475,47.10734],[4.25359,47.11738],[4.25631,47.11973],[4.25627,47.1223],[4.25303,47.12323],[4.25669,47.12548],[4.25399,47.12835],[4.25179,47.12804],[4.25165,47.13151],[4.24684,47.13348],[4.24079,47.13226],[4.24269,47.13282],[4.24106,47.13622],[4.24364,47.13785],[4.24437,47.14149],[4.242,47.13995],[4.23642,47.1431],[4.24533,47.14686],[4.24183,47.1482],[4.2358,47.14624],[4.23108,47.14215],[4.22662,47.14717],[4.21288,47.14438],[4.21641,47.14773],[4.2152,47.15437],[4.20969,47.15545],[4.21016,47.16028],[4.20823,47.164],[4.21305,47.17385],[4.20952,47.17152],[4.20834,47.17239],[4.21338,47.17497],[4.21004,47.17959],[4.2157,47.18541],[4.22,47.18588],[4.21908,47.18697],[4.22181,47.18734],[4.2215,47.18914],[4.22373,47.18875],[4.22567,47.19362],[4.22885,47.19316],[4.2311,47.19556],[4.22938,47.19604],[4.23183,47.19857],[4.22889,47.20113],[4.23067,47.20186],[4.22576,47.20728],[4.22871,47.20828],[4.22003,47.21404],[4.22156,47.21975],[4.21051,47.22388],[4.19893,47.23261],[4.19225,47.23434],[4.19125,47.23804],[4.18815,47.24029],[4.18788,47.24458],[4.17962,47.24858],[4.17911,47.25446],[4.17265,47.24939],[4.16725,47.25025],[4.1449,47.23987],[4.13954,47.2403],[4.13548,47.2374],[4.13254,47.24259],[4.1256,47.2474],[4.12622,47.25891],[4.1202,47.2678],[4.1253,47.27395],[4.11769,47.27443],[4.11474,47.28241],[4.1169,47.28857],[4.11452,47.29223],[4.13409,47.3061],[4.13255,47.30749],[4.12377,47.30302],[4.11384,47.30804],[4.12897,47.31725],[4.1304,47.32057],[4.12397,47.32888],[4.12693,47.33248],[4.12477,47.33588],[4.13052,47.34207],[4.1376,47.34514],[4.13627,47.35058],[4.14345,47.35446],[4.14013,47.35709],[4.13481,47.35753],[4.12674,47.35022],[4.12453,47.34369],[4.1132,47.33413],[4.10644,47.33519],[4.10379,47.33867],[4.10866,47.34121],[4.10677,47.35207],[4.09829,47.35513],[4.09774,47.35936],[4.09788,47.3616],[4.10564,47.36279],[4.1059,47.37048],[4.10797,47.37354],[4.10679,47.3765],[4.09838,47.37156],[4.0941,47.37829],[4.09295,47.37321],[4.08762,47.37276],[4.08017,47.37609],[4.07613,47.38291],[4.08169,47.38871],[4.08476,47.38844],[4.08593,47.39171],[4.08994,47.39178],[4.09008,47.39475],[4.08845,47.39662],[4.08121,47.39451],[4.07959,47.39808],[4.07574,47.40015],[4.06678,47.39866],[4.06519,47.40708],[4.07149,47.40721],[4.0736,47.4151],[4.07872,47.41597],[4.08127,47.41949],[4.08467,47.42058],[4.08241,47.42562],[4.08589,47.42999],[4.07891,47.43765],[4.08003,47.44084],[4.08657,47.44047],[4.09892,47.4305],[4.10834,47.43743],[4.10113,47.44388],[4.1073,47.44699],[4.11278,47.44391],[4.11318,47.44136],[4.11901,47.44328],[4.11785,47.44489],[4.12396,47.45044],[4.12237,47.45381],[4.12501,47.45862],[4.12979,47.46245],[4.12882,47.46585],[4.1262,47.46737],[4.13037,47.47114],[4.1301,47.47461],[4.12598,47.47379],[4.12562,47.47771],[4.1189,47.47841],[4.11529,47.48178],[4.1169,47.48662],[4.12324,47.49048],[4.1125,47.50357],[4.11725,47.50612],[4.11728,47.51204],[4.11456,47.51465],[4.1204,47.51448],[4.12785,47.51814],[4.13765,47.51839],[4.14041,47.5249],[4.1506,47.5327],[4.14592,47.54045],[4.15338,47.54294],[4.15653,47.55162],[4.16457,47.55361],[4.17194,47.55021],[4.17427,47.55208],[4.17533,47.5555],[4.18046,47.55934],[4.18217,47.56669],[4.18716,47.57048],[4.18916,47.57647],[4.18614,47.58129],[4.19004,47.58451],[4.19473,47.59307],[4.19888,47.59571],[4.19732,47.59681],[4.19665,47.60437],[4.20297,47.60088],[4.21583,47.6009],[4.2119,47.60481],[4.21421,47.61003],[4.21321,47.61932],[4.21569,47.62373],[4.21208,47.62812],[4.21595,47.63103],[4.22247,47.63098],[4.228,47.64373],[4.23229,47.64701],[4.2368,47.64641],[4.23729,47.64913],[4.25034,47.65992],[4.22631,47.67088],[4.22728,47.67879],[4.25089,47.677],[4.2518,47.68391],[4.27292,47.6805],[4.28402,47.68268],[4.27771,47.68656],[4.277,47.68989],[4.27509,47.68686],[4.27228,47.6865],[4.26174,47.69401],[4.26706,47.7017],[4.2675,47.70547],[4.25669,47.70673],[4.25272,47.7162],[4.24431,47.71547],[4.23899,47.71825],[4.23935,47.72458],[4.25444,47.72743],[4.2579,47.72617],[4.25792,47.73163],[4.26087,47.73379],[4.25863,47.73643],[4.26051,47.7422],[4.27723,47.73951],[4.29308,47.73301],[4.30408,47.74374],[4.30943,47.75263],[4.3144,47.74899],[4.33254,47.75665],[4.33363,47.76072],[4.32919,47.77015],[4.33036,47.77324],[4.33546,47.77396],[4.33495,47.77802],[4.32729,47.78589],[4.3403,47.79956],[4.32018,47.81175],[4.32336,47.81449],[4.32552,47.82089],[4.32118,47.82549],[4.32451,47.82889],[4.32461,47.83152],[4.32081,47.83226],[4.32092,47.83572],[4.31912,47.8373],[4.3305,47.83759],[4.3273,47.84256],[4.32953,47.84681],[4.31867,47.84608],[4.31536,47.84977],[4.31122,47.84693],[4.30126,47.84875],[4.2979,47.84612],[4.28845,47.84638],[4.2713,47.83878],[4.2679,47.84222],[4.261,47.84385],[4.2594,47.84653],[4.26455,47.84843],[4.26306,47.85398],[4.26428,47.86053],[4.26162,47.86423],[4.26685,47.86829],[4.2645,47.87382],[4.26035,47.87567],[4.25371,47.87326],[4.24605,47.87425],[4.24656,47.87786],[4.26862,47.88795],[4.27016,47.8933],[4.27782,47.89975],[4.29659,47.89987],[4.31292,47.90511],[4.30698,47.90882],[4.30534,47.92126],[4.29668,47.92303],[4.2928,47.92588],[4.30297,47.93789],[4.29808,47.94974],[4.30259,47.95076],[4.3078,47.95602],[4.30989,47.9616],[4.31272,47.96269],[4.31975,47.95962],[4.33687,47.95872],[4.34311,47.95585],[4.36149,47.95719],[4.36959,47.96012],[4.36853,47.96187],[4.3816,47.96133],[4.38377,47.95969],[4.38732,47.96217],[4.39723,47.96224],[4.40324,47.96565],[4.4172,47.96868],[4.42616,47.96679],[4.43523,47.96036],[4.44713,47.95638],[4.45575,47.95985],[4.46646,47.95937],[4.47329,47.96238],[4.48291,47.96326],[4.49356,47.96888],[4.5151,47.9663],[4.53176,47.96997],[4.55422,47.96766],[4.56003,47.97174],[4.55684,47.98215],[4.555,47.98599],[4.54526,47.98841],[4.54098,47.99203],[4.53583,48.00098],[4.53572,48.00677],[4.54948,48.00443],[4.55562,48.01362],[4.56364,48.01556],[4.57126,48.02495],[4.57832,48.02885],[4.58511,48.03006],[4.59913,48.03051],[4.60789,48.02836],[4.61655,48.0313],[4.62196,48.02438],[4.64745,48.02572],[4.65452,48.02173],[4.65588,48.01697],[4.66538,48.021],[4.67082,48.01534],[4.66994,48.0145],[4.70054,48.02373],[4.71618,48.01139],[4.72272,48.01015],[4.72013,48.00903],[4.74214,48.00462],[4.77306,48.00497],[4.78949,48.00811],[4.79322,48.00612],[4.79201,48.00504],[4.79373,48.00324],[4.79324,47.99654],[4.81059,47.98865],[4.80614,47.98584],[4.79995,47.9848],[4.79755,47.98671],[4.79464,47.98447],[4.78747,47.97136],[4.78559,47.97142],[4.78651,47.9642],[4.79126,47.96536],[4.79337,47.96242],[4.80676,47.96211],[4.81143,47.95935],[4.81942,47.96036],[4.81778,47.96386],[4.81982,47.96449],[4.82146,47.96229],[4.82748,47.96086],[4.84519,47.96125],[4.85774,47.95207],[4.86609,47.94051],[4.85365,47.93088],[4.84715,47.929],[4.84704,47.92147],[4.83969,47.92276],[4.83121,47.91786],[4.82894,47.91512],[4.82942,47.91243],[4.83332,47.90725],[4.85679,47.89563],[4.86043,47.89632],[4.86161,47.89989],[4.85922,47.90179],[4.87055,47.91477],[4.86923,47.91773],[4.89434,47.92303],[4.90291,47.92104],[4.90586,47.91431],[4.914,47.90559],[4.91543,47.89782],[4.92749,47.88855],[4.92714,47.87884],[4.93003,47.87504],[4.92746,47.87154],[4.9402,47.86703],[4.9541,47.86677],[4.9634,47.85221],[4.96302,47.84848],[4.96013,47.84558],[4.96075,47.83899],[4.96617,47.83937],[4.96865,47.8367],[4.96835,47.83194],[4.98457,47.82896],[4.98409,47.82469],[4.98598,47.82254],[4.99413,47.81975],[4.98879,47.81865],[4.99385,47.81291],[4.99193,47.81318],[4.98817,47.80895],[4.99153,47.80792],[4.98853,47.80386],[4.98239,47.80206],[4.9824,47.79979],[4.97833,47.80049],[4.96403,47.79503],[4.95627,47.7899],[4.91796,47.77709],[4.92388,47.77534],[4.92379,47.77341],[4.92076,47.7728],[4.92088,47.76722],[4.91692,47.76685],[4.92671,47.76484],[4.92241,47.75895],[4.94221,47.76261],[4.94601,47.76653],[4.95003,47.76545],[4.95082,47.76264],[4.95899,47.76187],[4.95995,47.75155],[4.96392,47.74696],[4.96614,47.74056],[4.9568,47.73245],[4.96983,47.73557],[4.97177,47.73022],[4.9635,47.72217],[4.96567,47.71488],[4.95381,47.70692],[4.95373,47.70283],[4.95976,47.69704],[4.97242,47.69115],[4.96857,47.68732],[4.96909,47.68583],[4.99511,47.6891],[5.00005,47.69318],[5.0036,47.69355],[5.00235,47.69635],[5.00477,47.70125],[5.01116,47.70092],[5.01428,47.70586],[5.01658,47.70671],[5.01799,47.70447],[5.02479,47.70935],[5.02916,47.70992],[5.03365,47.70788],[5.03196,47.70351],[5.03394,47.70167],[5.02912,47.69746],[5.02878,47.69328],[5.03472,47.6922],[5.05328,47.69402],[5.05572,47.69743],[5.06081,47.69485],[5.05736,47.69055],[5.05258,47.68836],[5.05028,47.67987],[5.04385,47.67662],[5.05088,47.67264],[5.05342,47.66838],[5.06421,47.66685],[5.06618,47.66901],[5.06894,47.66446],[5.06916,47.66858],[5.07233,47.66419],[5.0763,47.66495],[5.07927,47.66834],[5.07699,47.66412],[5.07973,47.66167],[5.07824,47.65991],[5.08365,47.66044],[5.08318,47.65768],[5.08695,47.65849],[5.08613,47.65662],[5.0947,47.65754],[5.09384,47.65886],[5.09428,47.65975],[5.09538,47.65784],[5.10152,47.65958],[5.10415,47.65875],[5.10339,47.65562],[5.10661,47.65352],[5.10274,47.65465],[5.10887,47.64969],[5.1166,47.65189],[5.11744,47.64944],[5.12023,47.65105],[5.12195,47.64747],[5.12537,47.64677],[5.12916,47.6479],[5.12729,47.64911],[5.12866,47.64984],[5.13857,47.65087],[5.13609,47.6536],[5.14351,47.65606],[5.14941,47.66356],[5.15631,47.66798],[5.16103,47.67551],[5.16158,47.68044],[5.17844,47.68098],[5.17932,47.67931],[5.17539,47.66668],[5.17319,47.66609],[5.1744,47.65162],[5.18812,47.64971],[5.19816,47.64437],[5.21232,47.64142],[5.22127,47.63224],[5.23025,47.62954],[5.22904,47.62579],[5.23737,47.62104],[5.23805,47.61639],[5.25054,47.62215],[5.25872,47.62217],[5.23811,47.5965],[5.24852,47.58881],[5.25312,47.57686],[5.26853,47.58146],[5.27789,47.58157],[5.2777,47.59014],[5.2808,47.59264],[5.29399,47.59787],[5.29947,47.60251],[5.29821,47.60434],[5.30184,47.60623],[5.31428,47.60613],[5.32246,47.61241],[5.3394,47.6102],[5.34103,47.60837],[5.33995,47.60704],[5.34548,47.60474],[5.34148,47.59517],[5.34411,47.59615],[5.3549,47.59131],[5.36452,47.59916],[5.36681,47.60494],[5.3698,47.60551],[5.3876,47.60036],[5.38711,47.59634],[5.39002,47.59424],[5.39568,47.59489],[5.39695,47.5971],[5.39974,47.59653],[5.40524,47.60363],[5.40607,47.60887],[5.41368,47.61425],[5.41358,47.61664],[5.41763,47.62],[5.41815,47.62543],[5.426,47.63233],[5.441,47.63027],[5.44691,47.62313],[5.45164,47.62211],[5.45366,47.61908],[5.46692,47.61261],[5.47106,47.60822],[5.4776,47.60867],[5.48348,47.59005],[5.48413,47.58172],[5.48824,47.57701],[5.48524,47.57237],[5.48659,47.56941],[5.47991,47.56545],[5.48383,47.56323],[5.49129,47.56338],[5.49177,47.56026],[5.49702,47.55463],[5.49686,47.54415],[5.48641,47.52697],[5.47168,47.52746],[5.46221,47.51221],[5.45802,47.51109],[5.45619,47.50608],[5.45292,47.50643],[5.44758,47.49642],[5.43644,47.49045],[5.42903,47.49256],[5.43379,47.49578],[5.43509,47.49469],[5.43149,47.49825],[5.42755,47.49568],[5.3993,47.49924],[5.38853,47.48545],[5.387,47.48049],[5.39248,47.48141],[5.40088,47.47722],[5.40798,47.47738],[5.38226,47.46581],[5.37661,47.46448],[5.36865,47.46709],[5.36697,47.46488],[5.37854,47.45857],[5.38609,47.4591],[5.37955,47.45054],[5.38884,47.45288],[5.40651,47.4619],[5.41233,47.46106],[5.416,47.45822],[5.41294,47.45596],[5.41896,47.45146],[5.41805,47.44917],[5.4291,47.44967],[5.43207,47.44803],[5.4393,47.45039],[5.44102,47.44573],[5.43493,47.44219],[5.43107,47.43565],[5.43307,47.43077],[5.43037,47.42143],[5.43544,47.4136],[5.44143,47.41101],[5.44141,47.40819],[5.44453,47.40441],[5.4404,47.40488],[5.43584,47.40277],[5.43226,47.39294],[5.43881,47.39253],[5.44884,47.38717],[5.45244,47.38316],[5.47777,47.39561],[5.48725,47.39092],[5.49719,47.39013],[5.49322,47.38313],[5.49493,47.37605],[5.48879,47.36994],[5.48971,47.36563],[5.48809,47.36191],[5.48888,47.35591],[5.49526,47.34389],[5.49347,47.33316],[5.48993,47.32789],[5.4858,47.32654],[5.48056,47.33188],[5.47687,47.33132],[5.47518,47.32958],[5.47814,47.32978],[5.47747,47.32654],[5.47373,47.32414],[5.47654,47.32393],[5.47677,47.32093],[5.47367,47.3214],[5.47281,47.31815],[5.46895,47.3164],[5.47239,47.31678],[5.47508,47.31542],[5.47499,47.31328],[5.47841,47.31459],[5.47991,47.31286],[5.48016,47.31664],[5.48513,47.3168],[5.4902,47.31447],[5.49783,47.31594],[5.50035,47.31285],[5.5048,47.31313],[5.50516,47.30828],[5.51271,47.3084],[5.51865,47.30278],[5.5087,47.29333],[5.50506,47.28621],[5.50543,47.28314],[5.48831,47.28924],[5.48804,47.26681],[5.48006,47.25635],[5.478,47.25618],[5.48635,47.25038],[5.48314,47.24597],[5.48632,47.24338],[5.48278,47.23945],[5.48418,47.23764],[5.48021,47.23708],[5.47634,47.2315],[5.47392,47.23098],[5.48055,47.21828],[5.47721,47.21684],[5.47829,47.21583],[5.47319,47.21571],[5.47425,47.2131],[5.46434,47.20686],[5.44926,47.20322],[5.44506,47.19966],[5.45586,47.19244],[5.45912,47.18701],[5.45762,47.18438],[5.45923,47.18284],[5.45331,47.17286],[5.45399,47.17012],[5.4506,47.1615],[5.44045,47.1569],[5.43781,47.15308],[5.43949,47.14976],[5.43732,47.14491],[5.44,47.1444],[5.43852,47.14153],[5.43273,47.14062],[5.42747,47.13631],[5.42475,47.13725],[5.41428,47.13291],[5.41518,47.13031],[5.40851,47.12685],[5.40882,47.12042],[5.41226,47.12006],[5.4109,47.11481],[5.39881,47.10635],[5.39856,47.09567],[5.39198,47.09178],[5.3904,47.08659],[5.38573,47.08198],[5.36981,47.07763],[5.36185,47.07847],[5.3594,47.08084],[5.3572,47.07841],[5.34565,47.07661],[5.33539,47.07813],[5.32074,47.07183],[5.31631,47.06586],[5.31318,47.06492],[5.31154,47.05818],[5.30769,47.05862],[5.30542,47.06328],[5.29588,47.05785],[5.29546,47.05329],[5.28404,47.04816],[5.28265,47.03998],[5.27816,47.03748],[5.27542,47.02693],[5.31113,47.01789],[5.31767,47.01533],[5.31826,47.01273],[5.31057,47.01037],[5.30371,47.01238],[5.30224,47.00842],[5.30456,47.00566],[5.30027,47.00183],[5.27416,46.99847],[5.27579,46.99609],[5.27188,46.99305],[5.27477,46.99162],[5.26072,46.98374],[5.25747,46.98363],[5.25702,46.98053],[5.23952,46.98181],[5.2406,46.98419],[5.2221,46.98906],[5.2122,46.98014],[5.20449,46.98536],[5.19402,46.97713],[5.19728,46.97529],[5.19543,46.9703],[5.18167,46.97482],[5.17735,46.96934],[5.16763,46.96926],[5.17054,46.96678],[5.16613,46.96389],[5.15563,46.96487],[5.15373,46.96697],[5.14691,46.9657],[5.14459,46.96264],[5.14079,46.96183],[5.12002,46.96309],[5.11919,46.96046],[5.10681,46.95831],[5.10647,46.95133],[5.09762,46.94482],[5.09741,46.95006],[5.10243,46.95517],[5.10206,46.95825],[5.0946,46.95514],[5.09128,46.96045],[5.09098,46.9591],[5.08647,46.96016],[5.08499,46.95787],[5.08116,46.96025],[5.07447,46.95945],[5.07245,46.96113],[5.07361,46.96723],[5.06876,46.96853],[5.06593,46.96701],[5.06457,46.96875],[5.06704,46.97081],[5.05889,46.97344],[5.04931,46.98158],[5.03257,46.97995],[5.03044,46.98111],[5.01834,46.97306],[5.01684,46.96846],[5.00967,46.97356],[5.00664,46.97008],[5.00336,46.97219],[4.99688,46.96663],[4.99501,46.96153],[5.00539,46.95924],[5.00448,46.95801],[4.98975,46.9606],[4.98669,46.95821],[4.97452,46.96245],[4.96464,46.96191],[4.96681,46.96506],[4.95529,46.96312],[4.9498,46.96601],[4.94125,46.96523],[4.92961,46.96799],[4.89449,46.96657],[4.89106,46.95752],[4.89514,46.95273],[4.89381,46.95094],[4.88358,46.94967],[4.87573,46.95139],[4.86203,46.94457],[4.85362,46.94586],[4.84892,46.94284],[4.84023,46.94265],[4.83144,46.93861],[4.81934,46.93765],[4.81633,46.93603],[4.81745,46.9338],[4.81107,46.93106],[4.80887,46.93069],[4.80661,46.93336],[4.80044,46.93163],[4.78893,46.93227],[4.79207,46.92528],[4.78565,46.92298],[4.7835,46.9201],[4.7813,46.92078],[4.78055,46.9183],[4.77729,46.91945],[4.77479,46.91691],[4.76347,46.91872],[4.76044,46.91692],[4.75375,46.91687],[4.74437,46.92455],[4.74015,46.92111],[4.73689,46.92349],[4.72821,46.91938],[4.72458,46.92173],[4.725,46.92372],[4.71854,46.91976],[4.72179,46.91333],[4.71524,46.91164],[4.71752,46.90799],[4.70585,46.904],[4.6974,46.90396],[4.69239,46.90145],[4.68924,46.90245],[4.68756,46.89984],[4.68318,46.90178],[4.68118,46.90508],[4.67851,46.90366],[4.67177,46.90706],[4.67199,46.91121],[4.66394,46.91348],[4.67248,46.92319],[4.67932,46.92692],[4.67961,46.93011],[4.66083,46.93406],[4.64969,46.94148],[4.64048,46.94004],[4.63423,46.94158],[4.62993,46.93787],[4.62662,46.9408],[4.61456,46.94151],[4.61806,46.9441],[4.61637,46.94822],[4.60141,46.94973],[4.58954,46.9557],[4.59361,46.96712],[4.5739,46.97284],[4.56596,46.98543],[4.56989,46.98519],[4.56748,46.99234],[4.55507,46.98979],[4.55071,46.99421],[4.54968,46.99224],[4.54587,46.99372],[4.54874,46.99887],[4.55584,46.99949],[4.55788,47.01579],[4.55486,47.02],[4.54815,47.01629],[4.52855,47.01154],[4.5184,47.0132],[4.51142,47.0116],[4.50682,47.01299],[4.50404,47.0179],[4.4984,47.01965],[4.49911,47.02551],[4.49115,47.02869],[4.49004,47.03356],[4.48176,47.0294],[4.48061,47.0309],[4.47135,47.03088],[4.46716,47.03438],[4.46815,47.03553],[4.45751,47.03711],[4.45754,47.03967],[4.45978,47.0407],[4.45695,47.0419],[4.44496,47.041],[4.4447,47.03925],[4.44211,47.03873],[4.44139,47.04033],[4.43945,47.03795],[4.43353,47.04091],[4.42759,47.03728],[4.42195,47.04751],[4.42008,47.04607],[4.41404,47.04676],[4.40625,47.04961],[4.40911,47.05336],[4.40094,47.05278],[4.40105,47.05539],[4.40659,47.05692],[4.40214,47.05855],[4.408,47.06421],[4.40424,47.06712],[4.4091,47.06581],[4.40504,47.06954],[4.40926,47.07023],[4.41042,47.07395],[4.41647,47.07701],[4.41108,47.07947],[4.40639,47.07843],[4.40659,47.08068],[4.39952,47.08328],[4.3895,47.08109],[4.38266,47.08286],[4.37055,47.07955],[4.36973,47.07436],[4.36469,47.06994],[4.36533,47.06632],[4.35931,47.06182],[4.35457,47.06332],[4.35079,47.06661],[4.34832,47.07226],[4.34406,47.0728],[4.34532,47.08382],[4.34744,47.08559],[4.34616,47.08932],[4.349,47.09636]]],[[[4.16224,47.12135],[4.15845,47.12138],[4.15395,47.11478],[4.14799,47.11331],[4.14385,47.11755],[4.13352,47.12139],[4.1345,47.12493],[4.12794,47.13044],[4.11861,47.12723],[4.11639,47.12322],[4.10985,47.12633],[4.10694,47.12997],[4.10922,47.13264],[4.11679,47.13141],[4.11473,47.1347],[4.11933,47.13637],[4.11039,47.14288],[4.115,47.14613],[4.12001,47.1459],[4.1265,47.14274],[4.1336,47.14416],[4.13745,47.14244],[4.14122,47.14415],[4.14455,47.14263],[4.14893,47.14534],[4.16129,47.1476],[4.16221,47.14597],[4.17176,47.14905],[4.17401,47.14726],[4.18027,47.15192],[4.18515,47.14668],[4.18779,47.14754],[4.19092,47.14548],[4.18638,47.14301],[4.18942,47.1418],[4.18686,47.13581],[4.18826,47.13439],[4.18461,47.13179],[4.18482,47.12956],[4.17968,47.12779],[4.18107,47.12645],[4.17996,47.12503],[4.17235,47.12253],[4.16844,47.12415],[4.17206,47.12151],[4.17181,47.11945],[4.17988,47.11509],[4.17411,47.11351],[4.16224,47.12135]]]]}},{"type":"Feature","properties":{"code":"25","nom":"Doubs"},"geometry":{"type":"Polygon","coordinates":[[[5.94099,46.9864],[5.9402,46.98236],[5.93346,46.98404],[5.92889,46.98166],[5.92687,46.9836],[5.92354,46.9786],[5.92019,46.98071],[5.9175,46.97968],[5.9218,46.98214],[5.92012,46.98362],[5.9219,46.98574],[5.91304,46.98944],[5.91545,46.99526],[5.91593,47.00521],[5.92179,47.01447],[5.91854,47.01546],[5.91551,47.01194],[5.91108,46.9995],[5.89886,46.99899],[5.89711,46.99573],[5.88483,46.99775],[5.88267,46.9998],[5.88209,47.00501],[5.87648,47.00588],[5.85583,47.00883],[5.85521,47.00676],[5.84907,47.00594],[5.84943,47.0034],[5.84665,47.00335],[5.84778,47.00915],[5.83871,47.00911],[5.83957,47.01545],[5.83638,47.01308],[5.82878,47.01215],[5.82285,47.01589],[5.81373,47.01743],[5.81628,47.02863],[5.81459,47.0347],[5.81824,47.04035],[5.81461,47.04647],[5.80235,47.04537],[5.79778,47.04312],[5.79954,47.0311],[5.79137,47.02231],[5.77055,47.01823],[5.76316,47.01144],[5.76044,47.01281],[5.76131,47.01571],[5.74951,47.01724],[5.75006,47.01902],[5.7479,47.01831],[5.74295,47.02263],[5.74085,47.03114],[5.74823,47.03094],[5.75314,47.03977],[5.73676,47.0497],[5.73663,47.05529],[5.74016,47.05473],[5.74552,47.05741],[5.7637,47.04465],[5.76747,47.04831],[5.78472,47.05491],[5.77994,47.06361],[5.77881,47.07444],[5.76874,47.08996],[5.77089,47.09449],[5.77944,47.09798],[5.78546,47.09519],[5.78766,47.09586],[5.79186,47.10558],[5.79634,47.10962],[5.80115,47.10957],[5.80443,47.11338],[5.80547,47.11937],[5.81561,47.13358],[5.82125,47.13868],[5.82819,47.1412],[5.82705,47.1426],[5.82341,47.14184],[5.81335,47.14997],[5.8162,47.15221],[5.81212,47.15456],[5.81023,47.15725],[5.81175,47.15786],[5.80882,47.1602],[5.81296,47.16444],[5.81109,47.16471],[5.81184,47.16883],[5.8102,47.16999],[5.79317,47.17485],[5.7851,47.17063],[5.78361,47.17234],[5.78834,47.17439],[5.78511,47.17817],[5.78751,47.1803],[5.78363,47.18182],[5.78712,47.18459],[5.78466,47.1859],[5.78517,47.18889],[5.77818,47.19075],[5.78036,47.19281],[5.76146,47.19349],[5.75676,47.1967],[5.75952,47.19838],[5.75772,47.20026],[5.76076,47.20224],[5.75395,47.20635],[5.74442,47.20203],[5.73763,47.20148],[5.73916,47.20295],[5.7374,47.20899],[5.73306,47.21104],[5.72807,47.21713],[5.72014,47.21982],[5.72285,47.22492],[5.72145,47.23055],[5.71386,47.23606],[5.7183,47.23797],[5.719,47.24129],[5.71243,47.24636],[5.71255,47.24925],[5.70897,47.25075],[5.70836,47.2544],[5.70167,47.26034],[5.70108,47.26445],[5.6987,47.26491],[5.71269,47.27071],[5.7229,47.26692],[5.72541,47.26847],[5.72907,47.26634],[5.73289,47.26809],[5.72976,47.26506],[5.73353,47.26331],[5.73977,47.2667],[5.73987,47.26259],[5.74442,47.26455],[5.74723,47.27089],[5.75141,47.27129],[5.75059,47.27358],[5.75491,47.27296],[5.75846,47.27656],[5.76264,47.27612],[5.76404,47.2737],[5.76679,47.27669],[5.77255,47.27782],[5.77912,47.28325],[5.7813,47.2894],[5.78362,47.29083],[5.79961,47.28967],[5.81165,47.2969],[5.81313,47.293],[5.8199,47.2966],[5.84407,47.30006],[5.84958,47.30594],[5.8534,47.30591],[5.85312,47.31087],[5.85667,47.31038],[5.86081,47.31282],[5.8607,47.3157],[5.86657,47.31658],[5.87373,47.314],[5.87552,47.31771],[5.8826,47.32167],[5.88915,47.31912],[5.8888,47.31574],[5.8943,47.3146],[5.89314,47.31086],[5.89749,47.31049],[5.90239,47.31563],[5.89664,47.3248],[5.89639,47.3287],[5.90062,47.32983],[5.90337,47.33432],[5.90831,47.33151],[5.91266,47.33282],[5.91208,47.32994],[5.91556,47.33084],[5.92082,47.32771],[5.9313,47.32839],[5.92977,47.33353],[5.92479,47.33897],[5.92448,47.34224],[5.92759,47.34514],[5.94012,47.34194],[5.94146,47.3443],[5.94372,47.34077],[5.95322,47.34066],[5.95742,47.33884],[5.96034,47.34143],[5.96037,47.33846],[5.97083,47.33427],[5.97317,47.32912],[5.97394,47.33114],[5.97802,47.33026],[5.97419,47.32841],[5.97894,47.32597],[5.98621,47.33091],[5.98815,47.33023],[5.98816,47.32756],[5.99339,47.32897],[5.99295,47.33531],[5.99781,47.34041],[6.00539,47.33799],[6.01037,47.33294],[6.01247,47.33455],[6.01853,47.33123],[6.02106,47.33399],[6.02353,47.33238],[6.0308,47.33689],[6.03248,47.34101],[6.03715,47.34217],[6.03526,47.34363],[6.03725,47.34519],[6.04101,47.34534],[6.04255,47.34725],[6.04792,47.34629],[6.05235,47.35252],[6.05469,47.35216],[6.05207,47.34956],[6.05363,47.34924],[6.07397,47.35092],[6.07586,47.35393],[6.08073,47.35474],[6.08194,47.37098],[6.08633,47.37293],[6.10065,47.37131],[6.10357,47.36727],[6.10234,47.36148],[6.11296,47.36134],[6.11202,47.36259],[6.11514,47.36568],[6.1122,47.36576],[6.11275,47.36774],[6.11715,47.36499],[6.12,47.36811],[6.11348,47.37431],[6.10656,47.37689],[6.11135,47.37971],[6.10806,47.38113],[6.10537,47.37775],[6.10344,47.37991],[6.10485,47.38495],[6.11353,47.38721],[6.11629,47.39295],[6.11897,47.39237],[6.11758,47.3964],[6.12568,47.39452],[6.12946,47.38835],[6.13504,47.38693],[6.14297,47.38804],[6.15218,47.38598],[6.15605,47.38996],[6.15944,47.38781],[6.16314,47.3895],[6.16364,47.38786],[6.16803,47.38848],[6.1594,47.3912],[6.16652,47.39296],[6.17006,47.3896],[6.17273,47.3979],[6.1777,47.4018],[6.19059,47.40229],[6.18926,47.40573],[6.1733,47.40705],[6.17049,47.41224],[6.17527,47.41299],[6.1757,47.41688],[6.17776,47.4172],[6.18597,47.4144],[6.19451,47.41405],[6.19657,47.41626],[6.19304,47.41549],[6.19421,47.41811],[6.19979,47.41842],[6.19831,47.41982],[6.20136,47.42971],[6.20654,47.43136],[6.21129,47.42594],[6.21596,47.42382],[6.21579,47.42229],[6.22688,47.42172],[6.23204,47.41414],[6.24031,47.41407],[6.23934,47.41118],[6.2434,47.41178],[6.24122,47.41958],[6.23402,47.42505],[6.23363,47.43017],[6.23874,47.43192],[6.24743,47.4256],[6.25579,47.42446],[6.25661,47.42751],[6.26001,47.42717],[6.26223,47.43051],[6.2607,47.43538],[6.26462,47.44734],[6.28018,47.44397],[6.28835,47.44671],[6.28921,47.4477],[6.28222,47.45178],[6.28455,47.45343],[6.28665,47.46073],[6.29211,47.46222],[6.29376,47.46581],[6.30181,47.46892],[6.29904,47.48132],[6.30308,47.48682],[6.3025,47.49153],[6.32106,47.48587],[6.32007,47.48942],[6.32647,47.49198],[6.32866,47.4988],[6.33482,47.50627],[6.34806,47.50532],[6.34795,47.507],[6.35779,47.50826],[6.3609,47.51125],[6.36804,47.5136],[6.37972,47.51134],[6.38317,47.50824],[6.38866,47.50826],[6.38987,47.50578],[6.39283,47.50772],[6.39352,47.5167],[6.41149,47.5225],[6.41485,47.51957],[6.41787,47.52114],[6.44096,47.51472],[6.45216,47.51675],[6.46349,47.51212],[6.46174,47.51002],[6.46561,47.50572],[6.46429,47.50173],[6.46714,47.50154],[6.46797,47.49435],[6.47152,47.48701],[6.47575,47.48848],[6.47591,47.49654],[6.48323,47.49759],[6.4959,47.50569],[6.49895,47.51076],[6.50573,47.50817],[6.50577,47.50191],[6.51557,47.5002],[6.51596,47.49669],[6.5201,47.49644],[6.53044,47.50059],[6.53358,47.5064],[6.54475,47.50049],[6.54767,47.49441],[6.55602,47.49053],[6.55561,47.49579],[6.5578,47.4967],[6.57387,47.49596],[6.57799,47.49985],[6.57875,47.50824],[6.58389,47.51001],[6.57908,47.52274],[6.58146,47.52943],[6.5753,47.52987],[6.57273,47.52687],[6.5674,47.53174],[6.57492,47.53818],[6.58174,47.53994],[6.58073,47.54421],[6.59668,47.54212],[6.60689,47.53662],[6.60474,47.53435],[6.61065,47.53049],[6.61811,47.53135],[6.62547,47.52907],[6.63513,47.5337],[6.64193,47.53308],[6.64842,47.53609],[6.67028,47.55802],[6.66361,47.56289],[6.66157,47.56661],[6.65203,47.57246],[6.65494,47.57684],[6.66033,47.57969],[6.66384,47.57694],[6.65833,47.57203],[6.67238,47.57343],[6.67506,47.57168],[6.68916,47.5708],[6.68522,47.56387],[6.6886,47.56069],[6.70837,47.55791],[6.71475,47.55306],[6.7196,47.55286],[6.71878,47.55423],[6.72172,47.55897],[6.7277,47.56082],[6.73999,47.55705],[6.75355,47.5433],[6.77311,47.53755],[6.77273,47.53495],[6.77716,47.53756],[6.78287,47.53769],[6.78211,47.53964],[6.78521,47.54335],[6.79729,47.54918],[6.80148,47.56249],[6.80709,47.56307],[6.81678,47.54783],[6.82878,47.54646],[6.83622,47.54816],[6.861,47.54773],[6.86108,47.5492],[6.87355,47.55108],[6.88337,47.55551],[6.89019,47.55009],[6.90198,47.54998],[6.90571,47.54796],[6.90775,47.54116],[6.91415,47.53567],[6.91644,47.53097],[6.90744,47.52593],[6.91681,47.5247],[6.92081,47.52014],[6.93649,47.51791],[6.945,47.51334],[6.9497,47.50851],[6.94551,47.50515],[6.94458,47.49854],[6.94679,47.49638],[6.94912,47.48569],[6.94649,47.4876],[6.94327,47.48719],[6.94267,47.48492],[6.94013,47.48696],[6.93522,47.48562],[6.93359,47.49595],[6.9318,47.49621],[6.93019,47.50041],[6.92299,47.50016],[6.92346,47.49798],[6.91697,47.49813],[6.90749,47.49485],[6.90953,47.49444],[6.90789,47.4931],[6.91592,47.47798],[6.90744,47.47293],[6.91388,47.46925],[6.92352,47.46702],[6.922,47.46249],[6.93005,47.45887],[6.93251,47.45585],[6.93576,47.44425],[6.93298,47.44062],[6.9403,47.43332],[6.94086,47.41159],[6.93843,47.40608],[6.92063,47.40507],[6.91971,47.40663],[6.91325,47.40458],[6.91777,47.40318],[6.91549,47.39716],[6.90931,47.3961],[6.91351,47.38809],[6.90512,47.38253],[6.8951,47.38171],[6.89582,47.3799],[6.8836,47.37286],[6.88492,47.36743],[6.87936,47.35778],[6.87929,47.35258],[6.88696,47.35329],[6.89474,47.35654],[6.89565,47.35867],[6.89964,47.35772],[6.90277,47.35957],[6.92408,47.35518],[6.93311,47.35845],[6.97459,47.36014],[6.98428,47.36367],[6.99638,47.36361],[7.0074,47.36812],[7.01217,47.37289],[7.01311,47.37143],[7.01557,47.37292],[7.02014,47.37034],[7.03408,47.36967],[7.03484,47.36335],[7.04313,47.36427],[7.04939,47.36185],[7.05282,47.35155],[7.04988,47.34771],[7.05544,47.34739],[7.06239,47.3441],[7.05981,47.33975],[7.05293,47.33669],[7.05301,47.3351],[7.05696,47.3344],[7.04564,47.3265],[7.03385,47.32831],[7.00999,47.32453],[7.0093,47.32031],[7.01299,47.3202],[7.01619,47.31468],[7.00756,47.30101],[7.00371,47.30158],[6.99598,47.29572],[6.97643,47.2963],[6.97614,47.29311],[6.97368,47.29132],[6.96846,47.29268],[6.94902,47.2916],[6.94102,47.28669],[6.95201,47.2699],[6.95013,47.26593],[6.9516,47.26156],[6.9466,47.25413],[6.94735,47.25071],[6.95567,47.2431],[6.94313,47.23791],[6.94083,47.23153],[6.92793,47.22867],[6.92388,47.22214],[6.90996,47.21819],[6.90713,47.21469],[6.8807,47.20055],[6.87406,47.19099],[6.87387,47.18531],[6.86728,47.18534],[6.86401,47.18043],[6.84106,47.17142],[6.84453,47.16676],[6.8584,47.16539],[6.8499,47.15644],[6.8403,47.15383],[6.83932,47.14998],[6.82835,47.14649],[6.81571,47.13592],[6.80795,47.13528],[6.80605,47.13071],[6.77937,47.12377],[6.77597,47.12136],[6.76471,47.12038],[6.75206,47.11459],[6.74684,47.10999],[6.74054,47.10962],[6.74146,47.10421],[6.74673,47.09782],[6.74457,47.09268],[6.74157,47.09093],[6.73199,47.08946],[6.72587,47.09194],[6.70273,47.08214],[6.70754,47.07945],[6.70521,47.07639],[6.70624,47.0742],[6.70331,47.07345],[6.70115,47.07011],[6.6934,47.06894],[6.69151,47.06667],[6.70039,47.05934],[6.70889,47.058],[6.71116,47.05413],[6.71917,47.05118],[6.71151,47.04804],[6.69654,47.03731],[6.67826,47.03558],[6.6591,47.02728],[6.65362,47.02234],[6.64036,47.00281],[6.61797,46.99165],[6.59311,46.9918],[6.57318,46.98242],[6.53729,46.97347],[6.51889,46.97098],[6.50481,46.96569],[6.49592,46.97394],[6.47775,46.96178],[6.45353,46.93874],[6.43269,46.92868],[6.43588,46.92164],[6.45792,46.90079],[6.46462,46.89036],[6.46003,46.8513],[6.44316,46.83271],[6.43951,46.82398],[6.44083,46.81582],[6.43104,46.81236],[6.43479,46.80149],[6.45841,46.78878],[6.45167,46.77863],[6.45226,46.77422],[6.43844,46.76668],[6.4379,46.76312],[6.43937,46.76275],[6.43032,46.75679],[6.3952,46.74847],[6.3884,46.74329],[6.39202,46.73897],[6.38493,46.73139],[6.36783,46.7292],[6.3713,46.72918],[6.3717,46.72412],[6.36416,46.72176],[6.36016,46.72309],[6.35214,46.71486],[6.34123,46.71012],[6.32511,46.70647],[6.29706,46.69428],[6.28199,46.69067],[6.26913,46.68255],[6.27045,46.6791],[6.26725,46.67621],[6.23276,46.65446],[6.22757,46.64819],[6.21902,46.64509],[6.2074,46.63562],[6.1995,46.63453],[6.20058,46.63362],[6.1963,46.62825],[6.1795,46.6201],[6.17897,46.61575],[6.1612,46.60997],[6.15369,46.60365],[6.14802,46.60218],[6.12652,46.58992],[6.12185,46.58401],[6.11047,46.57644],[6.13796,46.5578],[6.13132,46.5538],[6.04849,46.60785],[6.05373,46.61368],[6.0649,46.61331],[6.05816,46.61886],[6.06104,46.62268],[6.05927,46.62606],[6.07836,46.63565],[6.09942,46.64304],[6.09696,46.6464],[6.10599,46.65055],[6.06979,46.68966],[6.11303,46.70785],[6.13912,46.72505],[6.17832,46.74044],[6.18135,46.74235],[6.18072,46.74632],[6.1837,46.75511],[6.18829,46.75547],[6.20719,46.76522],[6.20326,46.77278],[6.18468,46.79045],[6.18296,46.79477],[6.18079,46.79639],[6.1786,46.79451],[6.17552,46.7967],[6.17879,46.79711],[6.17527,46.79988],[6.17623,46.80179],[6.16228,46.80283],[6.16385,46.80557],[6.15717,46.80864],[6.15438,46.81517],[6.14861,46.81618],[6.15159,46.82113],[6.13591,46.82529],[6.11465,46.83539],[6.10551,46.84557],[6.09166,46.84208],[6.0867,46.84322],[6.08552,46.84407],[6.08721,46.84986],[6.06489,46.86036],[6.0559,46.85041],[6.047,46.84568],[6.04793,46.84852],[6.03261,46.84961],[6.0227,46.85259],[6.03049,46.86178],[6.02597,46.86349],[6.0327,46.87089],[6.03073,46.87425],[6.022,46.87539],[6.02322,46.87275],[6.01896,46.86808],[6.01565,46.86953],[6.01546,46.87244],[6.0058,46.87307],[6.00738,46.87759],[6.01263,46.88318],[6.01083,46.88742],[6.01221,46.8903],[6.00871,46.89572],[6.00102,46.89567],[5.98145,46.908],[5.98312,46.91587],[5.98168,46.91922],[5.99714,46.93353],[5.99379,46.93592],[5.98959,46.9355],[5.98145,46.93861],[5.96612,46.94587],[5.96413,46.94839],[5.96059,46.94641],[5.95639,46.94865],[5.97951,46.96352],[5.97255,46.9696],[5.97637,46.9719],[5.976,46.97607],[5.96895,46.97639],[5.96854,46.9806],[5.95129,46.98147],[5.94396,46.97986],[5.94952,46.99012],[5.94099,46.9864]]]}},{"type":"Feature","properties":{"code":"39","nom":"Jura"},"geometry":{"type":"MultiPolygon","coordinates":[[[[5.43715,46.31513],[5.43134,46.33293],[5.42568,46.33978],[5.42526,46.34167],[5.42742,46.34299],[5.42353,46.34773],[5.41843,46.34603],[5.41447,46.33064],[5.41352,46.31672],[5.41023,46.30911],[5.40483,46.31014],[5.40429,46.33281],[5.40169,46.33279],[5.40198,46.33904],[5.39293,46.34053],[5.38007,46.34584],[5.37352,46.35219],[5.37718,46.36402],[5.36958,46.36661],[5.36972,46.36883],[5.36244,46.36986],[5.37786,46.38218],[5.37162,46.38279],[5.37076,46.38671],[5.3635,46.38887],[5.36264,46.39437],[5.35972,46.39099],[5.35233,46.39305],[5.35335,46.39724],[5.34136,46.40203],[5.33723,46.40137],[5.33408,46.39697],[5.33091,46.3985],[5.32923,46.40322],[5.32607,46.40198],[5.31465,46.40951],[5.29918,46.41261],[5.2989,46.41581],[5.30252,46.41714],[5.30822,46.41466],[5.31471,46.4161],[5.3075,46.4169],[5.30876,46.4199],[5.30651,46.42197],[5.30901,46.42454],[5.31256,46.42346],[5.31364,46.42618],[5.32456,46.42848],[5.31851,46.43171],[5.31747,46.43802],[5.31422,46.44224],[5.31518,46.44503],[5.31063,46.44694],[5.31317,46.44792],[5.31163,46.45156],[5.31363,46.45384],[5.32179,46.45269],[5.32335,46.46251],[5.34741,46.4607],[5.35908,46.46422],[5.3605,46.46171],[5.37331,46.4601],[5.38403,46.47116],[5.39806,46.4666],[5.40941,46.46992],[5.41776,46.47612],[5.42152,46.48755],[5.41754,46.48949],[5.42094,46.49578],[5.42072,46.50147],[5.41486,46.50247],[5.40821,46.49991],[5.40349,46.50272],[5.40261,46.50534],[5.39362,46.5065],[5.39171,46.5115],[5.38776,46.51441],[5.3852,46.51391],[5.38504,46.51563],[5.36919,46.51607],[5.35836,46.51971],[5.35923,46.52748],[5.36214,46.53207],[5.35932,46.53604],[5.36258,46.55164],[5.35585,46.56199],[5.36396,46.56236],[5.36511,46.56652],[5.36787,46.56694],[5.36433,46.57629],[5.36218,46.57744],[5.36798,46.58],[5.3798,46.57983],[5.38342,46.58169],[5.39107,46.57885],[5.40568,46.58163],[5.4063,46.59081],[5.41379,46.59736],[5.41428,46.60053],[5.40838,46.60216],[5.40926,46.60556],[5.40365,46.6082],[5.40357,46.61071],[5.39824,46.6088],[5.39614,46.61118],[5.40102,46.61412],[5.41866,46.61615],[5.42903,46.62302],[5.4304,46.62663],[5.43755,46.62947],[5.44144,46.6372],[5.4131,46.65414],[5.4272,46.66022],[5.42496,46.66157],[5.42688,46.66366],[5.41864,46.66777],[5.42128,46.67341],[5.41089,46.67843],[5.40307,46.67936],[5.40168,46.68242],[5.39534,46.68503],[5.40508,46.69646],[5.40775,46.69588],[5.4084,46.69858],[5.40724,46.70372],[5.40396,46.70365],[5.3997,46.70759],[5.39449,46.70845],[5.39586,46.71169],[5.39459,46.71414],[5.39693,46.71754],[5.39427,46.72125],[5.39575,46.72238],[5.39005,46.72284],[5.39091,46.72747],[5.39364,46.72863],[5.3868,46.72922],[5.38725,46.73117],[5.36097,46.73128],[5.36167,46.73637],[5.36512,46.74023],[5.36365,46.74223],[5.36667,46.75214],[5.37258,46.7503],[5.37296,46.75406],[5.37715,46.75547],[5.38891,46.76544],[5.39025,46.77059],[5.38281,46.77608],[5.37602,46.77517],[5.37172,46.77657],[5.36922,46.77871],[5.37306,46.78306],[5.37106,46.78621],[5.36867,46.78658],[5.36953,46.78311],[5.36473,46.78303],[5.36029,46.78584],[5.36094,46.78735],[5.35695,46.78734],[5.35328,46.79277],[5.34921,46.79369],[5.34802,46.78985],[5.3443,46.79026],[5.33991,46.7909],[5.33689,46.79574],[5.33289,46.79562],[5.33175,46.80256],[5.3336,46.80483],[5.33139,46.80617],[5.32927,46.81422],[5.32712,46.81526],[5.33238,46.81857],[5.33618,46.8184],[5.33584,46.82073],[5.33913,46.82104],[5.33763,46.82286],[5.34214,46.81959],[5.34279,46.82268],[5.33925,46.82383],[5.33926,46.82609],[5.34413,46.82354],[5.3448,46.82059],[5.34744,46.81909],[5.34496,46.81575],[5.35147,46.81368],[5.35606,46.81771],[5.362,46.81895],[5.36528,46.8246],[5.36911,46.82596],[5.37247,46.82625],[5.37384,46.82417],[5.37527,46.82699],[5.37958,46.82777],[5.38929,46.82666],[5.39047,46.8304],[5.40196,46.83012],[5.40235,46.83243],[5.40784,46.83331],[5.41004,46.83309],[5.41232,46.82823],[5.41665,46.82678],[5.41959,46.82886],[5.42899,46.82591],[5.43445,46.82617],[5.44419,46.82902],[5.44793,46.82542],[5.45043,46.82875],[5.45401,46.8282],[5.45314,46.83006],[5.45636,46.8304],[5.46276,46.82738],[5.4628,46.82889],[5.45682,46.83093],[5.46528,46.84081],[5.45695,46.8455],[5.4573,46.84752],[5.45973,46.84754],[5.4585,46.85039],[5.46076,46.85466],[5.44679,46.8582],[5.44797,46.85929],[5.44654,46.86025],[5.43352,46.86089],[5.43622,46.85988],[5.43618,46.85756],[5.43923,46.85491],[5.44151,46.85777],[5.44971,46.85645],[5.44453,46.85175],[5.44237,46.85287],[5.44386,46.85496],[5.4415,46.85556],[5.44078,46.85376],[5.43748,46.85608],[5.43342,46.85498],[5.43383,46.85751],[5.43078,46.85813],[5.43148,46.86082],[5.41556,46.86057],[5.41679,46.86148],[5.41382,46.86341],[5.40355,46.86726],[5.40686,46.86825],[5.40175,46.86852],[5.40093,46.87026],[5.40564,46.8724],[5.40167,46.87602],[5.40421,46.87672],[5.40525,46.87941],[5.39964,46.8814],[5.40121,46.88722],[5.40391,46.88951],[5.39949,46.89267],[5.39475,46.89137],[5.39077,46.8924],[5.39172,46.89407],[5.38979,46.89453],[5.38387,46.89115],[5.37898,46.89077],[5.37847,46.88823],[5.37068,46.88809],[5.36848,46.88363],[5.36202,46.88276],[5.35566,46.88724],[5.35133,46.89346],[5.34577,46.89036],[5.33937,46.89018],[5.3359,46.88455],[5.32857,46.8876],[5.32778,46.89853],[5.31696,46.90405],[5.31245,46.90988],[5.31003,46.92125],[5.30682,46.92364],[5.30941,46.92775],[5.30587,46.93343],[5.30827,46.93848],[5.30233,46.93905],[5.29863,46.93649],[5.28934,46.94149],[5.27547,46.93572],[5.26992,46.92783],[5.26201,46.92739],[5.26237,46.93503],[5.26436,46.93758],[5.25204,46.94452],[5.25461,46.94783],[5.26096,46.94616],[5.26509,46.95841],[5.26285,46.96017],[5.26303,46.96468],[5.25664,46.96723],[5.2589,46.96854],[5.25468,46.97065],[5.25662,46.97205],[5.2536,46.97435],[5.25637,46.97673],[5.25327,46.97868],[5.25811,46.98129],[5.25747,46.98363],[5.26072,46.98374],[5.27477,46.99162],[5.27188,46.99305],[5.27579,46.99609],[5.27416,46.99847],[5.30027,47.00183],[5.30456,47.00566],[5.30224,47.00842],[5.30371,47.01238],[5.31057,47.01037],[5.31826,47.01273],[5.31767,47.01533],[5.31113,47.01789],[5.27542,47.02693],[5.27816,47.03748],[5.28265,47.03998],[5.28404,47.04816],[5.29546,47.05329],[5.29588,47.05785],[5.30542,47.06328],[5.30769,47.05862],[5.31154,47.05818],[5.31318,47.06492],[5.31631,47.06586],[5.32074,47.07183],[5.33539,47.07813],[5.34565,47.07661],[5.3572,47.07841],[5.3594,47.08084],[5.36185,47.07847],[5.36981,47.07763],[5.38573,47.08198],[5.3904,47.08659],[5.39198,47.09178],[5.39856,47.09567],[5.39881,47.10635],[5.4109,47.11481],[5.41226,47.12006],[5.40882,47.12042],[5.40851,47.12685],[5.41518,47.13031],[5.41428,47.13291],[5.42475,47.13725],[5.42747,47.13631],[5.43273,47.14062],[5.43852,47.14153],[5.44,47.1444],[5.43732,47.14491],[5.43949,47.14976],[5.43781,47.15308],[5.44045,47.1569],[5.4506,47.1615],[5.45399,47.17012],[5.45331,47.17286],[5.45923,47.18284],[5.45762,47.18438],[5.45912,47.18701],[5.45586,47.19244],[5.44506,47.19966],[5.44926,47.20322],[5.46434,47.20686],[5.47425,47.2131],[5.47319,47.21571],[5.47829,47.21583],[5.47721,47.21684],[5.48055,47.21828],[5.47392,47.23098],[5.47634,47.2315],[5.48021,47.23708],[5.48418,47.23764],[5.48278,47.23945],[5.48632,47.24338],[5.48314,47.24597],[5.48635,47.25038],[5.478,47.25618],[5.48006,47.25635],[5.48804,47.26681],[5.48831,47.28924],[5.50543,47.28314],[5.50506,47.28621],[5.50887,47.29357],[5.51835,47.30407],[5.5224,47.30592],[5.52421,47.30373],[5.52245,47.30069],[5.52883,47.29993],[5.53031,47.29586],[5.52852,47.29339],[5.53109,47.29323],[5.53106,47.2901],[5.53437,47.29024],[5.53064,47.28618],[5.53157,47.2841],[5.54109,47.28583],[5.54247,47.28479],[5.5414,47.28104],[5.54321,47.27986],[5.54792,47.28157],[5.54913,47.2799],[5.55897,47.27811],[5.55461,47.26934],[5.56414,47.27139],[5.57171,47.26867],[5.56914,47.26277],[5.57315,47.2616],[5.5728,47.25633],[5.57752,47.25261],[5.58109,47.25304],[5.58465,47.25649],[5.58702,47.25564],[5.59094,47.25916],[5.59976,47.25915],[5.60168,47.26196],[5.60425,47.25853],[5.60893,47.25975],[5.6129,47.25723],[5.6149,47.25878],[5.61759,47.25594],[5.62139,47.25574],[5.62348,47.25283],[5.6291,47.25612],[5.64154,47.25594],[5.64906,47.26146],[5.65389,47.2607],[5.65152,47.26214],[5.65231,47.26453],[5.66536,47.26612],[5.67231,47.2713],[5.66825,47.27232],[5.66887,47.27441],[5.67576,47.27572],[5.68267,47.27475],[5.68514,47.27097],[5.68943,47.27031],[5.69172,47.27226],[5.69409,47.26801],[5.69793,47.26938],[5.69901,47.26837],[5.69662,47.26592],[5.70108,47.26445],[5.70167,47.26034],[5.70836,47.2544],[5.70897,47.25075],[5.71255,47.24925],[5.71243,47.24636],[5.719,47.24129],[5.7183,47.23797],[5.71386,47.23606],[5.72145,47.23055],[5.72285,47.22492],[5.72014,47.21982],[5.72807,47.21713],[5.73306,47.21104],[5.7374,47.20899],[5.73916,47.20295],[5.73763,47.20148],[5.74442,47.20203],[5.75395,47.20635],[5.76076,47.20224],[5.75772,47.20026],[5.75952,47.19838],[5.75676,47.1967],[5.76038,47.19408],[5.78036,47.19281],[5.77818,47.19075],[5.78604,47.18794],[5.78466,47.1859],[5.78712,47.18459],[5.78363,47.18182],[5.78751,47.1803],[5.78511,47.17817],[5.78834,47.17439],[5.78361,47.17234],[5.7851,47.17063],[5.79317,47.17485],[5.81184,47.16883],[5.81109,47.16471],[5.8128,47.16366],[5.80882,47.1602],[5.81175,47.15786],[5.81023,47.15725],[5.81212,47.15456],[5.8162,47.15221],[5.81335,47.14997],[5.82341,47.14184],[5.82705,47.1426],[5.82819,47.1412],[5.82125,47.13868],[5.81561,47.13358],[5.80547,47.11937],[5.80443,47.11338],[5.80115,47.10957],[5.79634,47.10962],[5.79186,47.10558],[5.78766,47.09586],[5.78546,47.09519],[5.77944,47.09798],[5.77089,47.09449],[5.76874,47.08996],[5.77881,47.07444],[5.77994,47.06361],[5.78472,47.05491],[5.76747,47.04831],[5.7637,47.04465],[5.74552,47.05741],[5.74016,47.05473],[5.73663,47.05529],[5.73676,47.0497],[5.75314,47.03977],[5.74823,47.03094],[5.74085,47.03114],[5.74295,47.02263],[5.7479,47.01831],[5.76131,47.01571],[5.76044,47.01281],[5.76316,47.01144],[5.77055,47.01823],[5.78926,47.02111],[5.7992,47.03021],[5.79778,47.04312],[5.81113,47.04686],[5.81581,47.04578],[5.81524,47.04364],[5.81824,47.04035],[5.81459,47.0347],[5.81628,47.02863],[5.81373,47.01743],[5.82285,47.01589],[5.82878,47.01215],[5.83638,47.01308],[5.83957,47.01545],[5.83871,47.00911],[5.84778,47.00915],[5.84665,47.00335],[5.84943,47.0034],[5.84907,47.00594],[5.85521,47.00676],[5.85583,47.00883],[5.87648,47.00588],[5.88209,47.00501],[5.88267,46.9998],[5.88483,46.99775],[5.89711,46.99573],[5.89886,46.99899],[5.91108,46.9995],[5.91606,47.01312],[5.91854,47.01546],[5.92179,47.01447],[5.91593,47.00521],[5.91545,46.99526],[5.91304,46.98944],[5.9219,46.98574],[5.92012,46.98362],[5.9218,46.98214],[5.91777,46.97943],[5.92019,46.98071],[5.92354,46.9786],[5.92687,46.9836],[5.92889,46.98166],[5.93346,46.98404],[5.9402,46.98236],[5.94099,46.9864],[5.94952,46.99012],[5.94396,46.97986],[5.95129,46.98147],[5.96854,46.9806],[5.96895,46.97639],[5.976,46.97607],[5.97637,46.9719],[5.97255,46.9696],[5.97951,46.96352],[5.95639,46.94865],[5.96059,46.94641],[5.96413,46.94839],[5.96612,46.94587],[5.98145,46.93861],[5.98959,46.9355],[5.99379,46.93592],[5.99714,46.93353],[5.98168,46.91922],[5.98312,46.91587],[5.98145,46.908],[6.00102,46.89567],[6.00871,46.89572],[6.01221,46.8903],[6.01083,46.88742],[6.01263,46.88318],[6.00738,46.87759],[6.0058,46.87307],[6.01546,46.87244],[6.01565,46.86953],[6.01896,46.86808],[6.02322,46.87275],[6.022,46.87539],[6.03073,46.87425],[6.0327,46.87089],[6.02597,46.86349],[6.03049,46.86178],[6.0227,46.85259],[6.03261,46.84961],[6.04793,46.84852],[6.047,46.84568],[6.0559,46.85041],[6.06489,46.86036],[6.08721,46.84986],[6.08552,46.84407],[6.0867,46.84322],[6.09166,46.84208],[6.10551,46.84557],[6.11465,46.83539],[6.13591,46.82529],[6.15159,46.82113],[6.14861,46.81618],[6.15438,46.81517],[6.15717,46.80864],[6.16385,46.80557],[6.16228,46.80283],[6.17623,46.80179],[6.17527,46.79988],[6.17879,46.79711],[6.17552,46.7967],[6.1786,46.79451],[6.18079,46.79639],[6.18296,46.79477],[6.18468,46.79045],[6.20326,46.77278],[6.20719,46.76522],[6.18829,46.75547],[6.1837,46.75511],[6.18072,46.74632],[6.18135,46.74235],[6.17832,46.74044],[6.13912,46.72505],[6.11303,46.70785],[6.06979,46.68966],[6.10599,46.65055],[6.09696,46.6464],[6.09942,46.64304],[6.07836,46.63565],[6.05927,46.62606],[6.06104,46.62268],[6.05816,46.61886],[6.0649,46.61331],[6.05373,46.61368],[6.04849,46.60785],[6.07124,46.59435],[6.09544,46.57588],[6.12441,46.5576],[6.13132,46.5538],[6.13796,46.5578],[6.15604,46.54577],[6.14858,46.53937],[6.15347,46.53679],[6.14368,46.52774],[6.13796,46.53099],[6.12131,46.51746],[6.11261,46.50957],[6.0969,46.4813],[6.07279,46.46544],[6.07345,46.45988],[6.07691,46.4576],[6.07442,46.45351],[6.08439,46.44744],[6.08641,46.44388],[6.08562,46.44083],[6.07457,46.43217],[6.07389,46.42836],[6.06386,46.41639],[6.06015,46.41791],[6.05567,46.4158],[6.03586,46.39172],[6.02603,46.38441],[6.02002,46.38269],[6.01462,46.37632],[5.99105,46.36528],[5.98407,46.36388],[5.9798,46.35418],[5.96702,46.34288],[5.96512,46.33795],[5.96259,46.33718],[5.95763,46.32945],[5.95381,46.32702],[5.94585,46.31312],[5.94209,46.31164],[5.9414,46.30876],[5.92604,46.31381],[5.92347,46.31167],[5.92177,46.31244],[5.91732,46.30838],[5.92016,46.30686],[5.91453,46.29418],[5.91619,46.29291],[5.90913,46.28384],[5.89462,46.28664],[5.87866,46.26936],[5.86949,46.26486],[5.86374,46.27137],[5.8529,46.26142],[5.845,46.26303],[5.82599,46.26181],[5.76799,46.2682],[5.75135,46.26592],[5.74393,46.26684],[5.72518,46.26069],[5.71946,46.26436],[5.72064,46.26915],[5.71449,46.28091],[5.71929,46.29346],[5.71454,46.30908],[5.68453,46.311],[5.68371,46.31685],[5.675,46.31904],[5.66795,46.32448],[5.65272,46.32325],[5.64398,46.32499],[5.64372,46.32653],[5.64942,46.33081],[5.64994,46.33461],[5.64971,46.34071],[5.64337,46.34485],[5.64007,46.33884],[5.63226,46.33105],[5.61578,46.32874],[5.6117,46.3255],[5.61073,46.31961],[5.60626,46.3139],[5.60708,46.31069],[5.60224,46.30763],[5.59644,46.29633],[5.58759,46.29253],[5.57768,46.29453],[5.57492,46.29281],[5.56536,46.29384],[5.55969,46.28397],[5.54173,46.26979],[5.52135,46.26449],[5.50962,46.26425],[5.50255,46.27109],[5.50043,46.26813],[5.49282,46.26906],[5.47366,46.26428],[5.47221,46.26734],[5.46801,46.2689],[5.46918,46.27107],[5.46181,46.27164],[5.46183,46.27429],[5.45654,46.27479],[5.45979,46.28636],[5.45891,46.29071],[5.46257,46.28944],[5.46596,46.29183],[5.4753,46.31538],[5.4689,46.317],[5.46584,46.32375],[5.4591,46.32312],[5.45707,46.31706],[5.4443,46.31871],[5.43715,46.31513]]],[[[5.44108,46.84868],[5.44184,46.85206],[5.4429,46.84984],[5.44869,46.84797],[5.44769,46.84569],[5.44458,46.84517],[5.44079,46.84604],[5.44232,46.84851],[5.44108,46.84868]]],[[[5.45803,46.85397],[5.45583,46.85098],[5.45197,46.85277],[5.45225,46.85364],[5.45803,46.85397]]]]}},{"type":"Feature","properties":{"code":"58","nom":"Nièvre"},"geometry":{"type":"Polygon","coordinates":[[[3.12956,46.72743],[3.08434,46.73743],[3.06647,46.74579],[3.04888,46.75835],[3.03702,46.77393],[3.03593,46.78883],[3.03206,46.79491],[3.03259,46.80021],[3.04134,46.81303],[3.0592,46.82664],[3.0548,46.83966],[3.05793,46.84315],[3.06602,46.84658],[3.06946,46.85239],[3.06535,46.86357],[3.06542,46.86981],[3.06813,46.87681],[3.0665,46.88318],[3.0606,46.89853],[3.05102,46.90532],[3.05001,46.90888],[3.05393,46.91754],[3.06315,46.9294],[3.06583,46.93811],[3.07962,46.95564],[3.07934,46.96024],[3.07099,46.96511],[3.06257,46.9792],[3.06631,47.00225],[3.0732,47.01124],[3.07574,47.01915],[3.07516,47.02932],[3.06381,47.04608],[3.05625,47.04703],[3.02955,47.05839],[3.024,47.06184],[3.01934,47.06817],[3.0201,47.07612],[3.03137,47.09248],[3.02828,47.12843],[3.01664,47.14087],[3.0167,47.14591],[3.02062,47.15322],[3.01556,47.15977],[3.00929,47.17992],[2.99515,47.205],[2.98169,47.22199],[2.97913,47.22871],[2.97796,47.23555],[2.98308,47.2608],[2.97394,47.2698],[2.94009,47.28595],[2.92786,47.29785],[2.9108,47.30981],[2.88547,47.31605],[2.87657,47.32187],[2.87236,47.33253],[2.87442,47.33501],[2.86976,47.33874],[2.87161,47.34575],[2.88026,47.35642],[2.88753,47.36169],[2.89525,47.37218],[2.90633,47.39322],[2.91906,47.40642],[2.91989,47.42135],[2.93073,47.43132],[2.9317,47.43786],[2.91406,47.4709],[2.89841,47.48178],[2.89688,47.49102],[2.88846,47.50943],[2.87905,47.51761],[2.84864,47.53772],[2.8449,47.54489],[2.85147,47.54744],[2.85269,47.55049],[2.85914,47.55394],[2.8624,47.54772],[2.86068,47.54725],[2.8731,47.54516],[2.87523,47.54939],[2.87346,47.54939],[2.8739,47.55281],[2.88998,47.55267],[2.90479,47.55629],[2.91433,47.56603],[2.95879,47.55751],[2.96367,47.56419],[2.97786,47.56968],[2.99031,47.56882],[3.02235,47.55635],[3.02313,47.55814],[3.0284,47.55864],[3.03411,47.56396],[3.06035,47.5696],[3.06776,47.57721],[3.07864,47.58237],[3.08053,47.58567],[3.1013,47.58828],[3.12393,47.5763],[3.12246,47.57305],[3.11622,47.56925],[3.11738,47.55754],[3.1228,47.53948],[3.1278,47.53961],[3.13467,47.54283],[3.13556,47.53973],[3.14066,47.53792],[3.14016,47.53532],[3.14771,47.53307],[3.15004,47.52819],[3.16269,47.52385],[3.16515,47.51749],[3.17612,47.52051],[3.18183,47.51834],[3.18551,47.52551],[3.1915,47.52018],[3.20481,47.52313],[3.21177,47.51513],[3.21141,47.51221],[3.21529,47.51253],[3.22583,47.50403],[3.23613,47.48833],[3.24364,47.4893],[3.24898,47.48739],[3.25715,47.49183],[3.27555,47.49073],[3.27937,47.49798],[3.28527,47.50396],[3.2964,47.49167],[3.30705,47.49472],[3.32772,47.48275],[3.3403,47.48098],[3.33781,47.4702],[3.34594,47.4695],[3.34534,47.47857],[3.35569,47.47883],[3.36195,47.48534],[3.37008,47.48823],[3.37595,47.48503],[3.37997,47.48635],[3.39264,47.50106],[3.39011,47.50908],[3.42528,47.50767],[3.42892,47.50607],[3.43909,47.50878],[3.44273,47.50774],[3.44637,47.51177],[3.44931,47.50771],[3.45013,47.49989],[3.45575,47.50257],[3.45782,47.50034],[3.46186,47.50135],[3.47915,47.49371],[3.48843,47.49389],[3.49227,47.49907],[3.49061,47.50328],[3.49214,47.50799],[3.49097,47.51566],[3.49519,47.52167],[3.49214,47.532],[3.49304,47.53624],[3.49139,47.53627],[3.49411,47.5382],[3.49282,47.54205],[3.49554,47.54986],[3.49212,47.55089],[3.49247,47.5544],[3.48985,47.55521],[3.49226,47.56041],[3.49842,47.56083],[3.50436,47.55784],[3.51097,47.55074],[3.50903,47.54626],[3.51225,47.54203],[3.51301,47.52739],[3.54019,47.51543],[3.55083,47.50713],[3.55286,47.50201],[3.58059,47.4978],[3.58108,47.49473],[3.57526,47.48633],[3.57568,47.48246],[3.58018,47.47852],[3.57934,47.46553],[3.58281,47.46401],[3.58321,47.46145],[3.58821,47.46234],[3.58886,47.45891],[3.58707,47.45619],[3.59531,47.457],[3.59557,47.46005],[3.60081,47.46225],[3.60057,47.46535],[3.61568,47.46685],[3.61796,47.46479],[3.61556,47.45763],[3.61983,47.45601],[3.62878,47.45479],[3.63409,47.45604],[3.63904,47.45208],[3.65935,47.44797],[3.66176,47.44866],[3.66134,47.45025],[3.66722,47.44583],[3.674,47.45023],[3.67736,47.44686],[3.67985,47.44687],[3.67372,47.43404],[3.67797,47.43238],[3.68426,47.43392],[3.7023,47.42672],[3.71201,47.41583],[3.71479,47.40684],[3.7192,47.40593],[3.71672,47.40308],[3.726,47.39822],[3.74056,47.3965],[3.75905,47.40203],[3.76675,47.40263],[3.76875,47.40075],[3.7704,47.40304],[3.77307,47.40278],[3.77453,47.40614],[3.78628,47.40496],[3.78384,47.40354],[3.78285,47.39841],[3.78082,47.39693],[3.78579,47.39036],[3.80248,47.38956],[3.80495,47.38426],[3.8106,47.38401],[3.81293,47.3798],[3.81679,47.37845],[3.81921,47.38123],[3.82858,47.38258],[3.82967,47.38553],[3.82752,47.38975],[3.83152,47.39266],[3.82929,47.39559],[3.82143,47.39807],[3.82169,47.40088],[3.81994,47.40218],[3.8254,47.40547],[3.82761,47.40457],[3.83042,47.40841],[3.83601,47.40653],[3.83464,47.40135],[3.84081,47.40684],[3.84217,47.41064],[3.84774,47.41219],[3.84547,47.41508],[3.84815,47.41871],[3.84678,47.42186],[3.84932,47.42123],[3.85195,47.42326],[3.8515,47.43558],[3.85466,47.43379],[3.86746,47.43475],[3.86923,47.43143],[3.87423,47.42932],[3.87991,47.42981],[3.88142,47.42318],[3.89228,47.41926],[3.89219,47.41413],[3.89398,47.41433],[3.8929,47.41032],[3.88757,47.40786],[3.88516,47.40307],[3.87744,47.39781],[3.87248,47.3992],[3.87072,47.39675],[3.8672,47.39616],[3.86501,47.39787],[3.85943,47.3927],[3.86082,47.39048],[3.85978,47.3877],[3.86981,47.38091],[3.87068,47.37767],[3.86823,47.37328],[3.87201,47.36575],[3.88693,47.36481],[3.88662,47.36652],[3.89821,47.37664],[3.90523,47.37796],[3.909,47.38225],[3.92259,47.3803],[3.92689,47.38191],[3.93456,47.37906],[3.94437,47.38011],[3.94343,47.38556],[3.94578,47.3865],[3.94573,47.39006],[3.94885,47.39449],[3.95018,47.39398],[3.95921,47.38925],[3.96128,47.38183],[3.97068,47.37865],[3.97301,47.37592],[3.97172,47.37524],[3.97333,47.37284],[3.96222,47.36907],[3.96188,47.36695],[3.96787,47.36314],[3.96587,47.36008],[3.96938,47.35118],[3.96687,47.34786],[3.97203,47.34053],[3.97361,47.33143],[3.97867,47.32965],[3.98065,47.3236],[3.98775,47.32362],[3.99226,47.31969],[3.99092,47.31716],[4.00326,47.31035],[4.0084,47.31504],[4.02141,47.31119],[4.02756,47.31347],[4.02877,47.31594],[4.02709,47.31987],[4.02969,47.32333],[4.02844,47.32498],[4.03239,47.32771],[4.03451,47.32684],[4.03585,47.32937],[4.03989,47.3274],[4.04222,47.32888],[4.04131,47.33188],[4.04385,47.33326],[4.0444,47.34048],[4.05234,47.33917],[4.06022,47.34133],[4.06671,47.33948],[4.06519,47.33712],[4.08201,47.34198],[4.09462,47.33687],[4.10611,47.33949],[4.10379,47.33867],[4.10644,47.33519],[4.11297,47.33398],[4.12453,47.34369],[4.12981,47.35412],[4.13481,47.35753],[4.14099,47.35675],[4.14345,47.35446],[4.13627,47.35058],[4.1376,47.34514],[4.13052,47.34207],[4.12477,47.33588],[4.12693,47.33248],[4.12377,47.32985],[4.12434,47.32732],[4.1304,47.32057],[4.12943,47.31807],[4.12367,47.31289],[4.11384,47.30804],[4.12377,47.30302],[4.13255,47.30749],[4.13409,47.3061],[4.11452,47.29223],[4.1169,47.28857],[4.11474,47.28241],[4.11769,47.27443],[4.1253,47.27395],[4.1202,47.2678],[4.12622,47.25891],[4.12538,47.2477],[4.13254,47.24259],[4.13548,47.2374],[4.13954,47.2403],[4.1449,47.23987],[4.16725,47.25025],[4.17265,47.24939],[4.17911,47.25446],[4.17962,47.24858],[4.18788,47.24458],[4.18815,47.24029],[4.19125,47.23804],[4.19225,47.23434],[4.19893,47.23261],[4.21051,47.22388],[4.22156,47.21975],[4.22003,47.21404],[4.22871,47.20828],[4.22576,47.20728],[4.23067,47.20186],[4.22889,47.20113],[4.23183,47.19857],[4.22938,47.19604],[4.2311,47.19556],[4.22885,47.19316],[4.22567,47.19362],[4.22373,47.18875],[4.2215,47.18914],[4.22181,47.18734],[4.21908,47.18697],[4.22,47.18588],[4.2157,47.18541],[4.21033,47.18018],[4.21338,47.17497],[4.20834,47.17239],[4.21305,47.17385],[4.20823,47.164],[4.21016,47.16028],[4.20969,47.15545],[4.20841,47.15576],[4.20867,47.15397],[4.20023,47.1544],[4.20143,47.15285],[4.19697,47.14745],[4.19087,47.14881],[4.1888,47.15207],[4.18547,47.1527],[4.18189,47.15051],[4.1794,47.15178],[4.17401,47.14726],[4.17176,47.14905],[4.16221,47.14597],[4.16129,47.1476],[4.14893,47.14534],[4.14455,47.14263],[4.14122,47.14415],[4.13745,47.14244],[4.1336,47.14416],[4.1265,47.14274],[4.12001,47.1459],[4.115,47.14613],[4.11039,47.14288],[4.11948,47.13705],[4.11473,47.1347],[4.11717,47.13179],[4.10922,47.13264],[4.10694,47.12997],[4.10985,47.12633],[4.11639,47.12322],[4.1142,47.11915],[4.10844,47.11883],[4.10594,47.12322],[4.09823,47.12514],[4.09466,47.12888],[4.09271,47.12526],[4.09524,47.12359],[4.09522,47.12127],[4.09075,47.11621],[4.06031,47.12126],[4.05867,47.11691],[4.05118,47.11321],[4.04837,47.10794],[4.05326,47.104],[4.05104,47.09647],[4.05415,47.09504],[4.03916,47.08593],[4.03856,47.08087],[4.04153,47.07718],[4.05,47.07573],[4.05447,47.06938],[4.0739,47.05592],[4.07012,47.05403],[4.05697,47.03911],[4.05845,47.03796],[4.05628,47.03668],[4.06173,47.02301],[4.05646,47.01322],[4.04378,47.00916],[4.03227,46.99876],[4.01777,46.99547],[4.00216,46.9862],[3.99553,46.98591],[3.99614,46.982],[3.99394,46.97908],[3.99541,46.97513],[4.00974,46.97129],[4.01671,46.97279],[4.01878,46.9775],[4.03163,46.98482],[4.03942,46.98527],[4.04112,46.97449],[4.04667,46.97124],[4.0558,46.95709],[4.04765,46.95089],[4.04081,46.95063],[4.03955,46.94813],[4.03992,46.94159],[4.04521,46.93747],[4.04507,46.93441],[4.04834,46.93209],[4.04135,46.93294],[4.04252,46.9309],[4.03601,46.92621],[4.0364,46.9202],[4.03909,46.91728],[4.03937,46.90944],[4.04212,46.90874],[4.04537,46.89985],[4.05707,46.90107],[4.06987,46.89637],[4.0726,46.89232],[4.07788,46.88978],[4.07737,46.88594],[4.08462,46.88317],[4.09398,46.8748],[4.10051,46.86454],[4.10106,46.85921],[4.09192,46.85782],[4.07518,46.84928],[4.05741,46.84371],[4.04259,46.83466],[4.05209,46.82709],[4.0532,46.82383],[4.05828,46.82124],[4.05736,46.81286],[4.06007,46.80737],[4.05931,46.8007],[4.06286,46.78908],[4.05862,46.78057],[4.05576,46.78005],[4.05533,46.7761],[4.05368,46.77905],[4.04663,46.77819],[4.03868,46.78699],[4.0345,46.78772],[4.02921,46.78375],[4.03107,46.7835],[4.01925,46.77602],[4.01369,46.7788],[4.01103,46.77616],[4.00356,46.77877],[3.99641,46.77759],[3.9941,46.7789],[3.98828,46.77383],[3.97727,46.77129],[3.97332,46.76725],[3.96674,46.76922],[3.96663,46.7657],[3.96329,46.76627],[3.96011,46.75844],[3.94898,46.75247],[3.94206,46.75095],[3.93461,46.75298],[3.92887,46.75144],[3.92885,46.74925],[3.93432,46.74327],[3.92877,46.74147],[3.92853,46.7398],[3.92071,46.73875],[3.91051,46.74294],[3.91356,46.73815],[3.91269,46.7344],[3.90767,46.73598],[3.90139,46.73378],[3.89897,46.7351],[3.89004,46.73138],[3.88911,46.72778],[3.88726,46.72717],[3.88466,46.72762],[3.88485,46.72964],[3.88231,46.72801],[3.87903,46.72903],[3.87995,46.73048],[3.87635,46.73227],[3.87471,46.73098],[3.87823,46.72946],[3.87399,46.72962],[3.87263,46.72536],[3.86461,46.72676],[3.8626,46.72494],[3.85384,46.72517],[3.84451,46.72259],[3.84537,46.71725],[3.84072,46.71809],[3.84125,46.71501],[3.83801,46.7137],[3.83902,46.70991],[3.83688,46.70832],[3.83273,46.70968],[3.82854,46.70696],[3.82888,46.70453],[3.80816,46.70573],[3.79732,46.7015],[3.79466,46.70203],[3.79467,46.70716],[3.78863,46.72118],[3.78252,46.72729],[3.77699,46.7293],[3.78154,46.72986],[3.78369,46.73615],[3.7717,46.74021],[3.76818,46.73925],[3.76431,46.74249],[3.75245,46.74504],[3.73977,46.75242],[3.70176,46.74683],[3.68997,46.74164],[3.67994,46.741],[3.67715,46.73857],[3.65924,46.73769],[3.64855,46.74281],[3.64281,46.73918],[3.63993,46.7394],[3.63724,46.74311],[3.63119,46.74513],[3.63011,46.74739],[3.63194,46.75026],[3.6294,46.74959],[3.62305,46.75398],[3.6019,46.75137],[3.59722,46.75584],[3.59785,46.76215],[3.5925,46.76298],[3.58853,46.76134],[3.58484,46.75404],[3.57565,46.74971],[3.5763,46.74792],[3.58495,46.7445],[3.58346,46.74279],[3.58443,46.73995],[3.5981,46.728],[3.59792,46.72435],[3.57718,46.71505],[3.57845,46.72163],[3.57679,46.72301],[3.57154,46.72084],[3.57421,46.71624],[3.56886,46.71543],[3.55967,46.71663],[3.55753,46.72037],[3.5477,46.72261],[3.54757,46.71878],[3.55031,46.71589],[3.54811,46.70623],[3.56095,46.68888],[3.55073,46.68292],[3.54692,46.67821],[3.5397,46.67995],[3.53706,46.68666],[3.5304,46.68924],[3.52734,46.68688],[3.51394,46.68359],[3.51664,46.68169],[3.511,46.68008],[3.51337,46.67744],[3.50345,46.67253],[3.49298,46.6622],[3.48622,46.66085],[3.48768,46.65655],[3.48608,46.65257],[3.48171,46.65102],[3.47479,46.65416],[3.4569,46.65178],[3.45177,46.65855],[3.44208,46.662],[3.44711,46.66361],[3.44846,46.6685],[3.44551,46.6709],[3.45387,46.67428],[3.4518,46.67943],[3.45459,46.68016],[3.45245,46.68217],[3.45527,46.6825],[3.45312,46.69004],[3.4485,46.69038],[3.44597,46.69322],[3.4332,46.69343],[3.42837,46.70072],[3.43436,46.71241],[3.42043,46.71391],[3.41708,46.7104],[3.38933,46.71489],[3.37896,46.71248],[3.37895,46.70663],[3.37542,46.69957],[3.36564,46.68971],[3.35883,46.68956],[3.34656,46.68455],[3.3136,46.68904],[3.31164,46.69527],[3.3015,46.70638],[3.30063,46.7165],[3.28679,46.7139],[3.27905,46.71643],[3.26961,46.71673],[3.25939,46.70771],[3.2285,46.69644],[3.22773,46.69021],[3.22098,46.6864],[3.22216,46.68518],[3.20705,46.68178],[3.20437,46.67886],[3.19025,46.68255],[3.17891,46.68866],[3.16612,46.69138],[3.12956,46.72743]]]}},{"type":"Feature","properties":{"code":"70","nom":"Haute-Saône"},"geometry":{"type":"Polygon","coordinates":[[[5.65152,47.26214],[5.65443,47.26124],[5.64906,47.26146],[5.64154,47.25594],[5.62745,47.25577],[5.62348,47.25283],[5.62139,47.25574],[5.61759,47.25594],[5.6149,47.25878],[5.6129,47.25723],[5.60893,47.25975],[5.60425,47.25853],[5.60168,47.26196],[5.59976,47.25915],[5.59094,47.25916],[5.58702,47.25564],[5.58465,47.25649],[5.58109,47.25304],[5.57752,47.25261],[5.5728,47.25633],[5.57315,47.2616],[5.56914,47.26277],[5.57171,47.26867],[5.56414,47.27139],[5.55461,47.26934],[5.55897,47.27811],[5.54913,47.2799],[5.54792,47.28157],[5.54321,47.27986],[5.5414,47.28104],[5.54247,47.28479],[5.54109,47.28583],[5.53157,47.2841],[5.53064,47.28618],[5.53437,47.29024],[5.53106,47.2901],[5.53109,47.29323],[5.52852,47.29339],[5.53031,47.29586],[5.52883,47.29993],[5.52245,47.30069],[5.52421,47.30373],[5.52307,47.3057],[5.51714,47.30399],[5.51246,47.3085],[5.50568,47.30802],[5.5048,47.31313],[5.50035,47.31285],[5.49783,47.31594],[5.4902,47.31447],[5.48513,47.3168],[5.48016,47.31664],[5.47991,47.31286],[5.47841,47.31459],[5.47499,47.31328],[5.47508,47.31542],[5.47239,47.31678],[5.46895,47.3164],[5.47281,47.31815],[5.47367,47.3214],[5.47677,47.32093],[5.47654,47.32393],[5.47373,47.32414],[5.47747,47.32654],[5.47814,47.32978],[5.47518,47.32958],[5.47687,47.33132],[5.48056,47.33188],[5.4858,47.32654],[5.48993,47.32789],[5.49347,47.33316],[5.49526,47.34389],[5.48888,47.35591],[5.48809,47.36191],[5.48971,47.36563],[5.48879,47.36994],[5.49493,47.37605],[5.49322,47.38313],[5.49719,47.39013],[5.48725,47.39092],[5.47777,47.39561],[5.45244,47.38316],[5.44884,47.38717],[5.43881,47.39253],[5.43226,47.39294],[5.43584,47.40277],[5.4404,47.40488],[5.44453,47.40441],[5.44141,47.40819],[5.44143,47.41101],[5.43544,47.4136],[5.43037,47.42143],[5.43307,47.43077],[5.43107,47.43565],[5.43493,47.44219],[5.44102,47.44573],[5.4393,47.45039],[5.43207,47.44803],[5.4291,47.44967],[5.41805,47.44917],[5.41896,47.45146],[5.41294,47.45596],[5.416,47.45822],[5.41233,47.46106],[5.40651,47.4619],[5.38884,47.45288],[5.37955,47.45054],[5.38609,47.4591],[5.37854,47.45857],[5.36695,47.46508],[5.36865,47.46709],[5.37661,47.46448],[5.38226,47.46581],[5.40798,47.47738],[5.40088,47.47722],[5.39248,47.48141],[5.387,47.48049],[5.38853,47.48545],[5.3993,47.49924],[5.42755,47.49568],[5.43149,47.49825],[5.43509,47.49469],[5.43379,47.49578],[5.42903,47.49256],[5.43644,47.49045],[5.44758,47.49642],[5.45292,47.50643],[5.45619,47.50608],[5.45802,47.51109],[5.46221,47.51221],[5.47168,47.52746],[5.48641,47.52697],[5.49686,47.54415],[5.49702,47.55463],[5.49177,47.56026],[5.49129,47.56338],[5.48383,47.56323],[5.47991,47.56545],[5.48659,47.56941],[5.48524,47.57237],[5.48824,47.57701],[5.48413,47.58172],[5.48348,47.59005],[5.4776,47.60867],[5.47106,47.60822],[5.46692,47.61261],[5.45366,47.61908],[5.45164,47.62211],[5.44691,47.62313],[5.44158,47.62998],[5.42559,47.63207],[5.41815,47.62543],[5.41763,47.62],[5.41358,47.61664],[5.41368,47.61425],[5.40607,47.60887],[5.40524,47.60363],[5.39974,47.59653],[5.39695,47.5971],[5.39568,47.59489],[5.39002,47.59424],[5.38711,47.59634],[5.3876,47.60036],[5.37384,47.60448],[5.37143,47.61469],[5.37405,47.61791],[5.37233,47.61848],[5.38568,47.63505],[5.40574,47.64687],[5.40432,47.64875],[5.39812,47.64873],[5.39884,47.65308],[5.40269,47.65668],[5.40619,47.67313],[5.41985,47.67773],[5.43443,47.67124],[5.44392,47.67057],[5.47016,47.67511],[5.47454,47.68077],[5.48277,47.68464],[5.50803,47.67644],[5.51032,47.67415],[5.52985,47.67299],[5.54952,47.69218],[5.56438,47.70259],[5.56759,47.70737],[5.58171,47.70307],[5.58522,47.70002],[5.5846,47.69098],[5.58755,47.69025],[5.58622,47.68799],[5.59206,47.68366],[5.59236,47.67766],[5.59682,47.67202],[5.60123,47.67525],[5.6163,47.67346],[5.63181,47.67728],[5.64828,47.6754],[5.65942,47.68123],[5.66057,47.68497],[5.66738,47.68552],[5.67277,47.68197],[5.67555,47.68213],[5.68099,47.68663],[5.68584,47.68306],[5.68769,47.6858],[5.69113,47.68472],[5.69486,47.69231],[5.6926,47.70168],[5.69353,47.70481],[5.68785,47.71096],[5.68412,47.71197],[5.68587,47.71435],[5.68347,47.71734],[5.68832,47.71936],[5.68471,47.7224],[5.69591,47.72524],[5.68863,47.73053],[5.69154,47.73661],[5.70958,47.7453],[5.70598,47.75183],[5.70903,47.75702],[5.70753,47.76755],[5.69857,47.7704],[5.68893,47.76893],[5.68001,47.77009],[5.68213,47.77553],[5.67638,47.77914],[5.6786,47.79309],[5.68117,47.79766],[5.68165,47.80906],[5.68969,47.81675],[5.68997,47.8193],[5.70001,47.82387],[5.70521,47.82188],[5.72143,47.8217],[5.72299,47.81969],[5.73099,47.81754],[5.742,47.81943],[5.74393,47.82315],[5.74609,47.82356],[5.74446,47.8249],[5.74519,47.82674],[5.75118,47.82897],[5.75063,47.83026],[5.74517,47.82965],[5.74727,47.83144],[5.74534,47.83638],[5.74815,47.83848],[5.74692,47.84126],[5.74473,47.84042],[5.74358,47.84235],[5.7455,47.84413],[5.7442,47.84885],[5.74945,47.85244],[5.75342,47.85178],[5.7612,47.85934],[5.7673,47.85574],[5.77475,47.85804],[5.78467,47.85527],[5.79888,47.85571],[5.79534,47.84923],[5.79609,47.84674],[5.82843,47.85193],[5.8269,47.8528],[5.82952,47.85346],[5.82873,47.85722],[5.82583,47.85562],[5.82624,47.85422],[5.818,47.85201],[5.82463,47.85571],[5.822,47.85782],[5.82818,47.85772],[5.82484,47.85898],[5.8222,47.86465],[5.82462,47.86519],[5.82064,47.86911],[5.83068,47.8805],[5.83863,47.8854],[5.83687,47.88811],[5.83748,47.89124],[5.84284,47.89441],[5.84816,47.90091],[5.84852,47.90454],[5.85146,47.90604],[5.86997,47.9007],[5.88077,47.90177],[5.88235,47.89982],[5.88674,47.90282],[5.89094,47.91061],[5.88638,47.91578],[5.88958,47.92059],[5.88341,47.92145],[5.88358,47.92491],[5.89766,47.93094],[5.8929,47.93714],[5.89956,47.94445],[5.91802,47.94744],[5.91862,47.95622],[5.92048,47.9566],[5.9199,47.96287],[5.91738,47.96623],[5.92147,47.9712],[5.93158,47.97687],[5.94753,47.97971],[5.95008,47.97565],[5.94954,47.97294],[5.95883,47.9705],[5.95849,47.96848],[5.96013,47.96802],[5.95382,47.96102],[5.9478,47.95853],[5.94645,47.95517],[5.93815,47.95171],[5.93731,47.94793],[5.92868,47.93812],[5.94936,47.93545],[5.95561,47.93828],[5.9637,47.94581],[5.96902,47.9475],[5.97053,47.9572],[5.98195,47.95794],[5.98398,47.95621],[5.98734,47.95822],[5.98937,47.95663],[5.99579,47.95832],[6.00227,47.95609],[6.00683,47.95901],[6.00933,47.96131],[6.00624,47.96402],[6.01214,47.97185],[6.01908,47.96977],[6.01728,47.9725],[6.02608,47.98136],[6.01829,47.98408],[6.019,47.98748],[6.02467,47.98709],[6.02495,47.99183],[6.03216,47.99062],[6.03063,47.99459],[6.03214,47.99878],[6.04113,48.00447],[6.0732,48.01593],[6.08089,48.01295],[6.09774,48.01504],[6.10939,48.01262],[6.11735,48.01995],[6.13131,48.02414],[6.13349,48.02136],[6.13124,48.01999],[6.14702,48.01552],[6.15619,48.00676],[6.15226,47.99454],[6.15975,47.9923],[6.16071,47.98945],[6.15737,47.98418],[6.16528,47.97673],[6.16454,47.97311],[6.15016,47.97014],[6.14966,47.96574],[6.1554,47.96451],[6.15733,47.9678],[6.1608,47.96475],[6.16074,47.95871],[6.16799,47.95235],[6.17388,47.95225],[6.18206,47.95693],[6.18664,47.95354],[6.19737,47.95179],[6.19712,47.94743],[6.20797,47.94681],[6.20702,47.94355],[6.20871,47.93965],[6.20535,47.93196],[6.21434,47.93042],[6.21922,47.93574],[6.23798,47.93284],[6.2387,47.93709],[6.24324,47.93964],[6.25077,47.93908],[6.27733,47.95381],[6.28908,47.95584],[6.29596,47.95552],[6.30728,47.95014],[6.32399,47.94842],[6.32898,47.95349],[6.33432,47.95584],[6.34461,47.95428],[6.35508,47.95913],[6.3605,47.95809],[6.36155,47.96134],[6.365,47.96257],[6.37931,47.95864],[6.39101,47.96052],[6.3914,47.95724],[6.39419,47.95517],[6.40536,47.95311],[6.40834,47.94329],[6.4348,47.94293],[6.43631,47.9365],[6.44812,47.92627],[6.44796,47.92267],[6.45186,47.92024],[6.45777,47.92052],[6.46266,47.91728],[6.46101,47.91641],[6.46342,47.91398],[6.46044,47.91345],[6.45602,47.90663],[6.46552,47.89711],[6.47247,47.89353],[6.47728,47.89372],[6.47836,47.89081],[6.47408,47.89099],[6.47827,47.88544],[6.50321,47.89622],[6.544,47.90309],[6.54396,47.90845],[6.55238,47.91174],[6.55203,47.9155],[6.56341,47.93138],[6.58971,47.9426],[6.60542,47.94463],[6.6174,47.93194],[6.62815,47.92988],[6.63081,47.92798],[6.6291,47.92507],[6.63398,47.92079],[6.64196,47.91852],[6.63928,47.91029],[6.64641,47.90322],[6.66267,47.89745],[6.66693,47.89377],[6.67631,47.89033],[6.68274,47.89062],[6.69686,47.88284],[6.70368,47.88142],[6.71096,47.87535],[6.72934,47.86878],[6.73072,47.8662],[6.73718,47.86495],[6.7373,47.86097],[6.74108,47.86187],[6.76037,47.8586],[6.76388,47.85743],[6.76447,47.85346],[6.78262,47.85128],[6.78802,47.84549],[6.79176,47.84463],[6.79038,47.84409],[6.79255,47.8405],[6.78865,47.8347],[6.79278,47.82973],[6.79986,47.82784],[6.80234,47.82507],[6.81121,47.8215],[6.81108,47.81997],[6.81726,47.81862],[6.82361,47.81328],[6.82494,47.80908],[6.82062,47.80704],[6.81447,47.79853],[6.8117,47.79772],[6.81131,47.79429],[6.7961,47.78501],[6.7847,47.78144],[6.77845,47.77059],[6.76441,47.75852],[6.76432,47.75343],[6.75782,47.74772],[6.76103,47.73009],[6.75662,47.72445],[6.76686,47.71915],[6.77257,47.71164],[6.77004,47.70772],[6.77053,47.70162],[6.77815,47.69778],[6.78202,47.68733],[6.7761,47.66857],[6.77728,47.66511],[6.78189,47.66228],[6.77955,47.65667],[6.78675,47.65322],[6.7904,47.64789],[6.79814,47.64435],[6.79947,47.64273],[6.79784,47.64085],[6.80104,47.63605],[6.79221,47.62999],[6.78944,47.62564],[6.78052,47.62528],[6.77769,47.61574],[6.78706,47.61005],[6.78823,47.60487],[6.79008,47.60467],[6.79329,47.59927],[6.7913,47.59629],[6.79871,47.59087],[6.80262,47.59066],[6.80359,47.58843],[6.8015,47.58693],[6.80318,47.58545],[6.80192,47.58429],[6.81798,47.57784],[6.82173,47.57331],[6.81035,47.56943],[6.80709,47.56307],[6.80148,47.56249],[6.79729,47.54918],[6.78521,47.54335],[6.78108,47.53678],[6.77716,47.53756],[6.77273,47.53495],[6.77311,47.53755],[6.75527,47.54236],[6.74423,47.55137],[6.74139,47.55639],[6.7277,47.56082],[6.72172,47.55897],[6.71878,47.55423],[6.7196,47.55286],[6.71816,47.55281],[6.71156,47.55464],[6.70837,47.55791],[6.6886,47.56069],[6.68522,47.56387],[6.68916,47.5708],[6.67506,47.57168],[6.67187,47.57345],[6.65936,47.57154],[6.65914,47.57344],[6.66384,47.57694],[6.66033,47.57969],[6.65494,47.57684],[6.65203,47.57246],[6.66157,47.56661],[6.66361,47.56289],[6.67028,47.55802],[6.64842,47.53609],[6.64193,47.53308],[6.63513,47.5337],[6.62547,47.52907],[6.61811,47.53135],[6.61065,47.53049],[6.60474,47.53435],[6.60689,47.53662],[6.59668,47.54212],[6.58073,47.54421],[6.58174,47.53994],[6.57492,47.53818],[6.5674,47.53174],[6.57273,47.52687],[6.5753,47.52987],[6.58146,47.52943],[6.57908,47.52274],[6.58389,47.51001],[6.57875,47.50824],[6.57799,47.49985],[6.57387,47.49596],[6.5578,47.4967],[6.55561,47.49579],[6.55602,47.49053],[6.54767,47.49441],[6.54475,47.50049],[6.53358,47.5064],[6.53044,47.50059],[6.5201,47.49644],[6.51596,47.49669],[6.51557,47.5002],[6.50577,47.50191],[6.50573,47.50817],[6.49895,47.51076],[6.4959,47.50569],[6.48323,47.49759],[6.47591,47.49654],[6.47575,47.48848],[6.47152,47.48701],[6.46797,47.49435],[6.46714,47.50154],[6.46429,47.50173],[6.46561,47.50572],[6.46174,47.51002],[6.46349,47.51212],[6.45216,47.51675],[6.44096,47.51472],[6.41787,47.52114],[6.41485,47.51957],[6.41149,47.5225],[6.39352,47.5167],[6.39283,47.50772],[6.38987,47.50578],[6.38866,47.50826],[6.38317,47.50824],[6.37972,47.51134],[6.36804,47.5136],[6.3609,47.51125],[6.35779,47.50826],[6.34795,47.507],[6.34806,47.50532],[6.33518,47.50638],[6.33153,47.50368],[6.32647,47.49198],[6.32007,47.48942],[6.32106,47.48587],[6.3025,47.49153],[6.30308,47.48682],[6.29904,47.48132],[6.30181,47.46892],[6.29376,47.46581],[6.29211,47.46222],[6.28665,47.46073],[6.28455,47.45343],[6.28222,47.45178],[6.28921,47.4477],[6.28835,47.44671],[6.28018,47.44397],[6.26462,47.44734],[6.2607,47.43538],[6.26223,47.43051],[6.26001,47.42717],[6.25661,47.42751],[6.25579,47.42446],[6.24743,47.4256],[6.23874,47.43192],[6.23363,47.43017],[6.23402,47.42505],[6.24122,47.41958],[6.2434,47.41178],[6.23934,47.41118],[6.24031,47.41407],[6.23204,47.41414],[6.22688,47.42172],[6.21579,47.42229],[6.21596,47.42382],[6.21129,47.42594],[6.20654,47.43136],[6.20136,47.42971],[6.19831,47.41982],[6.19979,47.41842],[6.19421,47.41811],[6.19304,47.41549],[6.19657,47.41626],[6.19451,47.41405],[6.18597,47.4144],[6.17776,47.4172],[6.1757,47.41688],[6.17527,47.41299],[6.17049,47.41224],[6.1733,47.40705],[6.18926,47.40573],[6.19059,47.40229],[6.1777,47.4018],[6.17273,47.3979],[6.17006,47.3896],[6.16652,47.39296],[6.1594,47.3912],[6.16803,47.38848],[6.16364,47.38786],[6.16314,47.3895],[6.15944,47.38781],[6.15605,47.38996],[6.15218,47.38598],[6.14297,47.38804],[6.13504,47.38693],[6.12946,47.38835],[6.12568,47.39452],[6.11758,47.3964],[6.11897,47.39237],[6.11629,47.39295],[6.11353,47.38721],[6.10485,47.38495],[6.10344,47.37991],[6.10537,47.37775],[6.10806,47.38113],[6.11135,47.37971],[6.10656,47.37689],[6.11348,47.37431],[6.12,47.36811],[6.11715,47.36499],[6.11275,47.36774],[6.1122,47.36576],[6.11514,47.36568],[6.11208,47.361],[6.10234,47.36148],[6.10357,47.36727],[6.10065,47.37131],[6.08633,47.37293],[6.08194,47.37098],[6.08073,47.35474],[6.07586,47.35393],[6.07397,47.35092],[6.05363,47.34924],[6.05207,47.34956],[6.05469,47.35216],[6.05235,47.35252],[6.04792,47.34629],[6.04255,47.34725],[6.04101,47.34534],[6.03725,47.34519],[6.03526,47.34363],[6.03715,47.34217],[6.03248,47.34101],[6.0308,47.33689],[6.02353,47.33238],[6.02106,47.33399],[6.01853,47.33123],[6.01247,47.33455],[6.01037,47.33294],[6.00539,47.33799],[5.99781,47.34041],[5.99295,47.33531],[5.99339,47.32897],[5.98816,47.32756],[5.98815,47.33023],[5.98621,47.33091],[5.97894,47.32597],[5.97419,47.32841],[5.97802,47.33026],[5.97394,47.33114],[5.97317,47.32912],[5.97083,47.33427],[5.96037,47.33846],[5.96034,47.34143],[5.95742,47.33884],[5.95322,47.34066],[5.94372,47.34077],[5.94146,47.3443],[5.94012,47.34194],[5.92759,47.34514],[5.92448,47.34224],[5.92479,47.33897],[5.92977,47.33353],[5.9313,47.32839],[5.92082,47.32771],[5.91556,47.33084],[5.91208,47.32994],[5.91266,47.33282],[5.90831,47.33151],[5.90337,47.33432],[5.90062,47.32983],[5.89639,47.3287],[5.89664,47.3248],[5.90239,47.31563],[5.89795,47.31065],[5.89314,47.31086],[5.8943,47.3146],[5.8888,47.31574],[5.88915,47.31912],[5.88357,47.3217],[5.87612,47.31819],[5.87373,47.314],[5.86657,47.31658],[5.86132,47.31595],[5.85921,47.31167],[5.85294,47.31066],[5.8534,47.30591],[5.84958,47.30594],[5.84407,47.30006],[5.8199,47.2966],[5.81313,47.293],[5.81165,47.2969],[5.79961,47.28967],[5.78362,47.29083],[5.7813,47.2894],[5.77912,47.28325],[5.77255,47.27782],[5.76679,47.27669],[5.76404,47.2737],[5.76264,47.27612],[5.75846,47.27656],[5.75491,47.27296],[5.75059,47.27358],[5.75141,47.27129],[5.74723,47.27089],[5.74442,47.26455],[5.73987,47.26259],[5.73977,47.2667],[5.73353,47.26331],[5.72976,47.26506],[5.73289,47.26809],[5.72907,47.26634],[5.72541,47.26847],[5.7229,47.26692],[5.71269,47.27071],[5.6987,47.26491],[5.69654,47.26608],[5.69901,47.26837],[5.69793,47.26938],[5.69409,47.26801],[5.69172,47.27226],[5.68943,47.27031],[5.68514,47.27097],[5.68267,47.27475],[5.67609,47.27574],[5.66887,47.27441],[5.66825,47.27232],[5.67231,47.2713],[5.66536,47.26612],[5.65985,47.26424],[5.65671,47.26604],[5.65231,47.26453],[5.65152,47.26214]]]}},{"type":"Feature","properties":{"code":"71","nom":"Saône-et-Loire"},"geometry":{"type":"Polygon","coordinates":[[[4.13329,46.18058],[4.12524,46.18331],[4.10383,46.19855],[4.09691,46.19585],[4.0946,46.19282],[4.07575,46.19061],[4.06918,46.18642],[4.06348,46.1892],[4.05956,46.18842],[4.05176,46.18132],[4.03404,46.17397],[4.02937,46.16916],[4.01957,46.17237],[4.00269,46.17047],[3.9934,46.17309],[3.98987,46.16907],[3.98485,46.17234],[3.98417,46.17755],[3.97972,46.17817],[3.97883,46.18106],[3.981,46.18202],[3.97824,46.1831],[3.97814,46.18602],[3.97307,46.18551],[3.97097,46.18914],[3.97317,46.19091],[3.97271,46.20279],[3.96461,46.20179],[3.95741,46.20452],[3.93431,46.20648],[3.91799,46.20285],[3.91332,46.2071],[3.90144,46.21077],[3.89904,46.20989],[3.89013,46.21449],[3.89364,46.21691],[3.89443,46.22203],[3.89855,46.22576],[3.8965,46.23282],[3.89775,46.23927],[3.89912,46.24067],[3.90511,46.238],[3.90807,46.24226],[3.90694,46.24571],[3.91004,46.24788],[3.90554,46.25203],[3.90939,46.25773],[3.90863,46.26112],[3.90669,46.26096],[3.90759,46.26495],[3.90508,46.27292],[3.90201,46.27656],[3.89953,46.27593],[3.89349,46.28004],[3.89124,46.28525],[3.89465,46.28808],[3.89873,46.28833],[3.89723,46.2926],[3.91362,46.29677],[3.93105,46.29605],[3.94345,46.29945],[3.9475,46.30341],[3.94936,46.31256],[3.94578,46.32124],[3.95899,46.319],[3.96905,46.32199],[3.97506,46.32114],[3.98402,46.31872],[3.98819,46.31492],[3.98991,46.31518],[3.9879,46.32037],[3.98941,46.32296],[3.99511,46.32247],[4.0047,46.32756],[3.98914,46.3271],[3.98482,46.32968],[3.98611,46.33853],[3.98919,46.34375],[3.98742,46.35109],[3.99152,46.37103],[3.98364,46.37915],[3.97722,46.39922],[3.9887,46.40877],[3.98408,46.41964],[3.99599,46.42617],[3.99536,46.42901],[3.99022,46.43107],[3.9883,46.43645],[3.9945,46.43979],[4.0022,46.43979],[4.00574,46.44309],[3.99735,46.45158],[4.00153,46.45866],[4.00097,46.46175],[3.99523,46.4673],[3.97789,46.47485],[3.97572,46.47941],[3.9566,46.47692],[3.95277,46.47808],[3.95209,46.48142],[3.95812,46.49059],[3.95548,46.49172],[3.93409,46.49104],[3.91865,46.4962],[3.90971,46.49527],[3.90135,46.49064],[3.89678,46.48146],[3.89464,46.4808],[3.867,46.48868],[3.86149,46.492],[3.86025,46.49516],[3.86414,46.51234],[3.85827,46.51553],[3.84816,46.51282],[3.84092,46.5148],[3.84004,46.51837],[3.84646,46.52436],[3.84166,46.53027],[3.83791,46.5317],[3.80513,46.51932],[3.80111,46.52031],[3.79352,46.52773],[3.78067,46.52836],[3.77769,46.53155],[3.77762,46.53618],[3.7716,46.53892],[3.75449,46.53613],[3.74189,46.53911],[3.73205,46.54962],[3.73361,46.55387],[3.74065,46.55905],[3.74295,46.56602],[3.73829,46.58634],[3.73389,46.59513],[3.7375,46.60097],[3.73305,46.6047],[3.71894,46.6053],[3.71286,46.61023],[3.71536,46.61567],[3.72302,46.62207],[3.7241,46.62645],[3.70998,46.63429],[3.70281,46.64841],[3.69962,46.65089],[3.69883,46.65723],[3.69613,46.66131],[3.66981,46.67251],[3.66877,46.67531],[3.67291,46.6822],[3.65587,46.68658],[3.65105,46.70476],[3.63802,46.70698],[3.63695,46.72557],[3.62259,46.74013],[3.62872,46.74603],[3.6294,46.74959],[3.63194,46.75026],[3.63011,46.74739],[3.63119,46.74513],[3.63724,46.74311],[3.63993,46.7394],[3.64281,46.73918],[3.64855,46.74281],[3.65924,46.73769],[3.67715,46.73857],[3.67994,46.741],[3.68997,46.74164],[3.70176,46.74683],[3.7396,46.75246],[3.75245,46.74504],[3.76431,46.74249],[3.76818,46.73925],[3.7717,46.74021],[3.78369,46.73615],[3.78154,46.72986],[3.77684,46.72971],[3.78252,46.72729],[3.78863,46.72118],[3.79467,46.70716],[3.79466,46.70203],[3.80264,46.70229],[3.80816,46.70573],[3.82655,46.70382],[3.83273,46.70968],[3.83688,46.70832],[3.83902,46.70991],[3.83801,46.7137],[3.84125,46.71501],[3.84072,46.71809],[3.84537,46.71725],[3.84451,46.72259],[3.85384,46.72517],[3.8626,46.72494],[3.86461,46.72676],[3.87263,46.72536],[3.87399,46.72962],[3.87823,46.72946],[3.87471,46.73098],[3.87635,46.73227],[3.87995,46.73048],[3.87903,46.72903],[3.88231,46.72801],[3.88485,46.72964],[3.88466,46.72762],[3.88726,46.72717],[3.88911,46.72778],[3.89004,46.73138],[3.89897,46.7351],[3.90139,46.73378],[3.90767,46.73598],[3.91269,46.7344],[3.91356,46.73815],[3.91051,46.74294],[3.92071,46.73875],[3.92853,46.7398],[3.92877,46.74147],[3.93432,46.74327],[3.92885,46.74925],[3.92887,46.75144],[3.93461,46.75298],[3.94206,46.75095],[3.94898,46.75247],[3.96011,46.75844],[3.96329,46.76627],[3.96663,46.7657],[3.96674,46.76922],[3.97332,46.76725],[3.97727,46.77129],[3.98828,46.77383],[3.9941,46.7789],[3.99641,46.77759],[4.00356,46.77877],[4.01103,46.77616],[4.01369,46.7788],[4.01925,46.77602],[4.03107,46.7835],[4.02921,46.78375],[4.0345,46.78772],[4.03868,46.78699],[4.04663,46.77819],[4.05368,46.77905],[4.05533,46.7761],[4.05576,46.78005],[4.05862,46.78057],[4.06286,46.78908],[4.05931,46.8007],[4.06007,46.80737],[4.05736,46.81286],[4.05828,46.82124],[4.0532,46.82383],[4.05209,46.82709],[4.04259,46.83466],[4.05741,46.84371],[4.07518,46.84928],[4.09192,46.85782],[4.10106,46.85921],[4.10051,46.86454],[4.09398,46.8748],[4.08462,46.88317],[4.07737,46.88594],[4.07788,46.88978],[4.0726,46.89232],[4.06987,46.89637],[4.05707,46.90107],[4.04537,46.89985],[4.04212,46.90874],[4.03937,46.90944],[4.03909,46.91728],[4.0364,46.9202],[4.03601,46.92621],[4.04252,46.9309],[4.04135,46.93294],[4.04834,46.93209],[4.04507,46.93441],[4.04521,46.93747],[4.03992,46.94159],[4.03955,46.94813],[4.04081,46.95063],[4.04765,46.95089],[4.0558,46.95709],[4.04667,46.97124],[4.04112,46.97449],[4.03942,46.98527],[4.03163,46.98482],[4.01878,46.9775],[4.01671,46.97279],[4.00974,46.97129],[4.00451,46.97386],[3.99667,46.97438],[3.99394,46.97908],[3.99614,46.982],[3.99599,46.98674],[4.00216,46.9862],[4.01777,46.99547],[4.03147,46.99832],[4.04378,47.00916],[4.05646,47.01322],[4.06173,47.02301],[4.05628,47.03668],[4.05845,47.03796],[4.05697,47.03911],[4.07012,47.05403],[4.0739,47.05592],[4.05447,47.06938],[4.05,47.07573],[4.04153,47.07718],[4.03853,47.08123],[4.03916,47.08593],[4.05415,47.09504],[4.05104,47.09647],[4.05326,47.104],[4.0483,47.1094],[4.05118,47.11321],[4.05867,47.11691],[4.06031,47.12126],[4.09075,47.11621],[4.09522,47.12127],[4.09524,47.12359],[4.09271,47.12526],[4.09466,47.12888],[4.09823,47.12514],[4.10594,47.12322],[4.11032,47.1182],[4.1142,47.11915],[4.11861,47.12723],[4.12689,47.13067],[4.13143,47.12878],[4.1345,47.12493],[4.13352,47.12139],[4.14385,47.11755],[4.14799,47.11331],[4.15395,47.11478],[4.15845,47.12138],[4.16074,47.12195],[4.17712,47.11326],[4.17988,47.11509],[4.17181,47.11945],[4.17206,47.12151],[4.16844,47.12415],[4.17235,47.12253],[4.17996,47.12503],[4.18107,47.12645],[4.17968,47.12779],[4.18482,47.12956],[4.18461,47.13179],[4.18796,47.13379],[4.18686,47.13581],[4.18942,47.1418],[4.18638,47.14301],[4.19097,47.14523],[4.18779,47.14754],[4.18515,47.14668],[4.18189,47.15042],[4.18507,47.15257],[4.19697,47.14745],[4.20143,47.15285],[4.20023,47.1544],[4.20867,47.15397],[4.20841,47.15576],[4.2152,47.15437],[4.21641,47.14773],[4.21288,47.14438],[4.22662,47.14717],[4.23108,47.14215],[4.2358,47.14624],[4.24183,47.1482],[4.24536,47.14599],[4.23642,47.1431],[4.242,47.13995],[4.24437,47.14149],[4.24364,47.13785],[4.24106,47.13622],[4.24269,47.13282],[4.24079,47.13226],[4.24684,47.13348],[4.25165,47.13151],[4.25179,47.12804],[4.25399,47.12835],[4.25669,47.12548],[4.25303,47.12323],[4.25627,47.1223],[4.25631,47.11973],[4.25359,47.11738],[4.25891,47.11604],[4.26421,47.11179],[4.27475,47.10734],[4.28562,47.10826],[4.28582,47.11024],[4.29388,47.11071],[4.29713,47.11315],[4.30652,47.10327],[4.31554,47.10478],[4.33526,47.10202],[4.3402,47.10328],[4.34673,47.10123],[4.349,47.09636],[4.34616,47.08932],[4.34744,47.08559],[4.34532,47.08382],[4.34406,47.0728],[4.34832,47.07226],[4.35079,47.06661],[4.35457,47.06332],[4.35931,47.06182],[4.36533,47.06632],[4.36469,47.06994],[4.36973,47.07436],[4.37055,47.07955],[4.38266,47.08286],[4.3895,47.08109],[4.39952,47.08328],[4.40659,47.08068],[4.40639,47.07843],[4.41108,47.07947],[4.41647,47.07701],[4.41042,47.07395],[4.40926,47.07023],[4.40504,47.06954],[4.4091,47.06581],[4.40424,47.06712],[4.408,47.06421],[4.40214,47.05855],[4.40659,47.05692],[4.40105,47.05539],[4.40094,47.05278],[4.40911,47.05336],[4.40625,47.04961],[4.41404,47.04676],[4.42008,47.04607],[4.42195,47.04751],[4.42759,47.03728],[4.43353,47.04091],[4.43945,47.03795],[4.44139,47.04033],[4.44211,47.03873],[4.4447,47.03925],[4.44496,47.041],[4.45695,47.0419],[4.45978,47.0407],[4.45754,47.03967],[4.45751,47.03711],[4.46815,47.03553],[4.46716,47.03438],[4.47135,47.03088],[4.48061,47.0309],[4.48176,47.0294],[4.49004,47.03356],[4.49115,47.02869],[4.49911,47.02551],[4.4984,47.01965],[4.50404,47.0179],[4.50682,47.01299],[4.51142,47.0116],[4.5184,47.0132],[4.52855,47.01154],[4.54815,47.01629],[4.55486,47.02],[4.55788,47.01579],[4.55584,46.99949],[4.54874,46.99887],[4.54587,46.99372],[4.54968,46.99224],[4.55071,46.99421],[4.55507,46.98979],[4.56748,46.99234],[4.56989,46.98519],[4.56596,46.98543],[4.5739,46.97284],[4.59361,46.96712],[4.58954,46.9557],[4.60141,46.94973],[4.61637,46.94822],[4.61806,46.9441],[4.61456,46.94151],[4.62662,46.9408],[4.62993,46.93787],[4.63423,46.94158],[4.64048,46.94004],[4.64969,46.94148],[4.66083,46.93406],[4.67961,46.93011],[4.67932,46.92692],[4.67248,46.92319],[4.66394,46.91348],[4.67199,46.91121],[4.67177,46.90706],[4.67851,46.90366],[4.68118,46.90508],[4.68318,46.90178],[4.68756,46.89984],[4.68924,46.90245],[4.69239,46.90145],[4.6974,46.90396],[4.70585,46.904],[4.71752,46.90799],[4.71524,46.91164],[4.72179,46.91333],[4.71854,46.91976],[4.725,46.92372],[4.72458,46.92173],[4.72821,46.91938],[4.73689,46.92349],[4.74015,46.92111],[4.74437,46.92455],[4.75375,46.91687],[4.76044,46.91692],[4.76347,46.91872],[4.77479,46.91691],[4.77729,46.91945],[4.78055,46.9183],[4.7813,46.92078],[4.7835,46.9201],[4.78565,46.92298],[4.79207,46.92528],[4.78893,46.93227],[4.80044,46.93163],[4.80661,46.93336],[4.80887,46.93069],[4.81107,46.93106],[4.81745,46.9338],[4.81633,46.93603],[4.81934,46.93765],[4.83144,46.93861],[4.84023,46.94265],[4.84892,46.94284],[4.85362,46.94586],[4.86203,46.94457],[4.87573,46.95139],[4.88358,46.94967],[4.89381,46.95094],[4.89514,46.95273],[4.89106,46.95752],[4.89449,46.96657],[4.92961,46.96799],[4.94125,46.96523],[4.9498,46.96601],[4.95529,46.96312],[4.96681,46.96506],[4.96464,46.96191],[4.97452,46.96245],[4.98669,46.95821],[4.98975,46.9606],[5.00448,46.95801],[5.00539,46.95924],[4.99501,46.96153],[4.99688,46.96663],[5.00336,46.97219],[5.00664,46.97008],[5.00967,46.97356],[5.01684,46.96846],[5.01834,46.97306],[5.03044,46.98111],[5.03257,46.97995],[5.04931,46.98158],[5.05889,46.97344],[5.06704,46.97081],[5.06457,46.96875],[5.06593,46.96701],[5.06876,46.96853],[5.07361,46.96723],[5.07245,46.96113],[5.07447,46.95945],[5.08116,46.96025],[5.08499,46.95787],[5.08647,46.96016],[5.09098,46.9591],[5.09128,46.96045],[5.0946,46.95514],[5.10206,46.95825],[5.10243,46.95517],[5.09741,46.95006],[5.09762,46.94482],[5.10647,46.95133],[5.10605,46.95711],[5.10821,46.95913],[5.11919,46.96046],[5.12002,46.96309],[5.12352,46.96374],[5.12769,46.96181],[5.13073,46.96317],[5.14079,46.96183],[5.14459,46.96264],[5.14691,46.9657],[5.15373,46.96697],[5.15563,46.96487],[5.16613,46.96389],[5.17054,46.96678],[5.16763,46.96926],[5.17735,46.96934],[5.18167,46.97482],[5.19543,46.9703],[5.19728,46.97529],[5.19402,46.97713],[5.20303,46.98447],[5.20509,46.98548],[5.2122,46.98014],[5.2221,46.98906],[5.2406,46.98419],[5.23952,46.98181],[5.25477,46.98185],[5.25532,46.97985],[5.25328,46.97849],[5.25637,46.97653],[5.2536,46.97435],[5.25662,46.97205],[5.25468,46.97065],[5.2589,46.96854],[5.2566,46.96762],[5.25753,46.96653],[5.26303,46.96468],[5.26285,46.96017],[5.26508,46.958],[5.26096,46.94616],[5.25461,46.94783],[5.25205,46.94431],[5.26436,46.93758],[5.26237,46.93503],[5.26201,46.92739],[5.26992,46.92783],[5.27547,46.93572],[5.28934,46.94149],[5.29863,46.93649],[5.30233,46.93905],[5.30827,46.93848],[5.30587,46.93343],[5.30941,46.92775],[5.30682,46.92364],[5.31003,46.92125],[5.31245,46.90988],[5.31696,46.90405],[5.32778,46.89853],[5.32857,46.8876],[5.3359,46.88455],[5.33937,46.89018],[5.34577,46.89036],[5.35133,46.89346],[5.35566,46.88724],[5.36202,46.88276],[5.36848,46.88363],[5.37068,46.88809],[5.37847,46.88823],[5.37898,46.89077],[5.38387,46.89115],[5.38979,46.89453],[5.39172,46.89407],[5.39077,46.8924],[5.39475,46.89137],[5.39949,46.89267],[5.40391,46.88951],[5.40121,46.88722],[5.39964,46.8814],[5.40525,46.87941],[5.40421,46.87672],[5.40167,46.87602],[5.40564,46.8724],[5.40093,46.87026],[5.40175,46.86852],[5.40537,46.86899],[5.40692,46.86746],[5.40355,46.86726],[5.41382,46.86341],[5.41679,46.86148],[5.41556,46.86057],[5.43148,46.86082],[5.43078,46.85813],[5.43383,46.85751],[5.43342,46.85498],[5.43748,46.85608],[5.43799,46.85464],[5.44078,46.85376],[5.4415,46.85556],[5.44386,46.85496],[5.44237,46.85287],[5.44453,46.85175],[5.44971,46.85645],[5.44151,46.85777],[5.43923,46.85491],[5.43618,46.85756],[5.43622,46.85988],[5.43352,46.86089],[5.44654,46.86025],[5.44797,46.85929],[5.44679,46.8582],[5.46122,46.85412],[5.4585,46.85039],[5.45956,46.84718],[5.4573,46.84752],[5.45695,46.8455],[5.46528,46.84081],[5.45682,46.83093],[5.4628,46.82889],[5.46276,46.82738],[5.45636,46.8304],[5.45314,46.83006],[5.45401,46.8282],[5.45043,46.82875],[5.44793,46.82542],[5.44419,46.82902],[5.43445,46.82617],[5.42899,46.82591],[5.41959,46.82886],[5.41665,46.82678],[5.41232,46.82823],[5.41004,46.83309],[5.40784,46.83331],[5.40235,46.83243],[5.40196,46.83012],[5.39047,46.8304],[5.38929,46.82666],[5.37958,46.82777],[5.37527,46.82699],[5.37384,46.82417],[5.37247,46.82625],[5.36911,46.82596],[5.36528,46.8246],[5.362,46.81895],[5.35606,46.81771],[5.35147,46.81368],[5.34496,46.81575],[5.34744,46.81909],[5.3448,46.82059],[5.34413,46.82354],[5.33926,46.82609],[5.33925,46.82383],[5.34279,46.82268],[5.34214,46.81959],[5.33763,46.82286],[5.33913,46.82104],[5.33584,46.82073],[5.33618,46.8184],[5.33238,46.81857],[5.32712,46.81526],[5.32927,46.81422],[5.33139,46.80617],[5.3336,46.80483],[5.33175,46.80256],[5.33289,46.79562],[5.33689,46.79574],[5.33991,46.7909],[5.3443,46.79026],[5.34802,46.78985],[5.34921,46.79369],[5.35328,46.79277],[5.35695,46.78734],[5.36094,46.78735],[5.36029,46.78584],[5.36473,46.78303],[5.36953,46.78311],[5.36867,46.78658],[5.37106,46.78621],[5.37306,46.78306],[5.36922,46.77871],[5.37172,46.77657],[5.37602,46.77517],[5.38281,46.77608],[5.39025,46.77059],[5.38891,46.76544],[5.37715,46.75547],[5.37296,46.75406],[5.37258,46.7503],[5.36667,46.75214],[5.36365,46.74223],[5.36512,46.74023],[5.36167,46.73637],[5.36097,46.73128],[5.38725,46.73117],[5.3868,46.72922],[5.39364,46.72863],[5.39091,46.72747],[5.39005,46.72284],[5.39575,46.72238],[5.39427,46.72125],[5.39693,46.71754],[5.39459,46.71414],[5.39586,46.71169],[5.39449,46.70845],[5.3997,46.70759],[5.40396,46.70365],[5.40724,46.70372],[5.4084,46.69858],[5.40775,46.69588],[5.40508,46.69646],[5.39534,46.68503],[5.40168,46.68242],[5.40307,46.67936],[5.41089,46.67843],[5.42128,46.67341],[5.41864,46.66777],[5.42688,46.66366],[5.42496,46.66157],[5.4272,46.66022],[5.4131,46.65414],[5.44144,46.6372],[5.43755,46.62947],[5.4304,46.62663],[5.42903,46.62302],[5.41866,46.61615],[5.40102,46.61412],[5.39614,46.61118],[5.39824,46.6088],[5.40357,46.61071],[5.40365,46.6082],[5.40926,46.60556],[5.40838,46.60216],[5.41428,46.60053],[5.41379,46.59736],[5.4063,46.59081],[5.40568,46.58163],[5.39107,46.57885],[5.38342,46.58169],[5.3798,46.57983],[5.36798,46.58],[5.36218,46.57744],[5.36433,46.57629],[5.36787,46.56694],[5.36511,46.56652],[5.36396,46.56236],[5.35585,46.56199],[5.36258,46.55164],[5.35932,46.53604],[5.36214,46.53207],[5.35923,46.52748],[5.35836,46.51971],[5.36919,46.51607],[5.38504,46.51563],[5.3852,46.51391],[5.38776,46.51441],[5.39171,46.5115],[5.39362,46.5065],[5.40261,46.50534],[5.40349,46.50272],[5.40821,46.49991],[5.41486,46.50247],[5.42167,46.50046],[5.41754,46.48949],[5.42152,46.48755],[5.41999,46.4805],[5.41349,46.47194],[5.39806,46.4666],[5.38416,46.4712],[5.37331,46.4601],[5.3605,46.46171],[5.35908,46.46422],[5.34741,46.4607],[5.32335,46.46251],[5.32179,46.45269],[5.31363,46.45384],[5.31163,46.45156],[5.3127,46.44735],[5.30665,46.44544],[5.29207,46.44995],[5.28893,46.44975],[5.28378,46.44558],[5.26504,46.45136],[5.25708,46.45015],[5.25464,46.45592],[5.248,46.45915],[5.24173,46.46135],[5.23682,46.45909],[5.2369,46.45725],[5.22521,46.46857],[5.21461,46.46866],[5.21638,46.47453],[5.21363,46.47469],[5.21283,46.4777],[5.20991,46.47897],[5.21447,46.48187],[5.21419,46.48365],[5.20512,46.48791],[5.20635,46.48977],[5.20962,46.48989],[5.21056,46.49235],[5.20451,46.4945],[5.20238,46.49795],[5.20325,46.49981],[5.19916,46.50298],[5.20359,46.50482],[5.20254,46.50761],[5.18097,46.50995],[5.17267,46.51337],[5.17172,46.51639],[5.1675,46.51911],[5.16575,46.5177],[5.16779,46.5125],[5.16556,46.50961],[5.16646,46.50307],[5.15649,46.50749],[5.14655,46.50695],[5.13571,46.5094],[5.13453,46.50508],[5.13689,46.50223],[5.13106,46.50141],[5.13019,46.50291],[5.12805,46.49968],[5.11624,46.49629],[5.11425,46.49264],[5.10743,46.49186],[5.09703,46.49976],[5.09228,46.49507],[5.0887,46.49569],[5.08558,46.49043],[5.076,46.4888],[5.07639,46.48604],[5.06216,46.48562],[5.05637,46.48374],[5.04054,46.49146],[5.02872,46.49177],[5.02614,46.4959],[5.01271,46.50134],[5.0119,46.50582],[5.00938,46.50703],[5.01132,46.50951],[5.01041,46.5112],[5.00518,46.50979],[4.98436,46.51537],[4.964,46.51308],[4.96249,46.51224],[4.9635,46.51118],[4.97101,46.50836],[4.97021,46.50568],[4.96029,46.50817],[4.95296,46.50406],[4.95258,46.50054],[4.95066,46.50033],[4.94412,46.50501],[4.94388,46.51076],[4.95193,46.51074],[4.95461,46.51239],[4.95143,46.51452],[4.943,46.51495],[4.94188,46.51672],[4.94339,46.51908],[4.94149,46.51983],[4.94,46.51678],[4.94193,46.51211],[4.9357,46.51433],[4.93285,46.51195],[4.92581,46.49741],[4.91548,46.48883],[4.91427,46.48392],[4.91579,46.46846],[4.91223,46.45917],[4.89634,46.44804],[4.89186,46.4414],[4.89128,46.42525],[4.88809,46.41345],[4.88879,46.40379],[4.85957,46.36922],[4.85179,46.35641],[4.85369,46.33454],[4.85265,46.32815],[4.83201,46.29786],[4.82521,46.27346],[4.81156,46.26116],[4.81169,46.25005],[4.80836,46.23798],[4.79539,46.22007],[4.79314,46.21241],[4.79304,46.20157],[4.77996,46.18885],[4.78045,46.17692],[4.77048,46.17523],[4.76786,46.17693],[4.76122,46.17625],[4.75842,46.17205],[4.72745,46.17947],[4.72956,46.18263],[4.72606,46.18288],[4.72888,46.18448],[4.72452,46.18422],[4.72527,46.18862],[4.72167,46.19037],[4.72204,46.19396],[4.72016,46.19414],[4.72175,46.19672],[4.72072,46.20087],[4.72511,46.20433],[4.7263,46.20831],[4.73447,46.20644],[4.73576,46.21189],[4.72909,46.2141],[4.73122,46.21893],[4.72052,46.22165],[4.72246,46.22604],[4.71922,46.22765],[4.72107,46.22962],[4.73244,46.22668],[4.73686,46.23251],[4.7244,46.24194],[4.72076,46.24029],[4.72249,46.24318],[4.72006,46.24533],[4.71751,46.24409],[4.70526,46.25111],[4.70332,46.24996],[4.69831,46.25294],[4.69327,46.24836],[4.68826,46.24931],[4.68869,46.25432],[4.68378,46.25343],[4.67925,46.25872],[4.68177,46.26506],[4.6799,46.26785],[4.68723,46.26555],[4.68895,46.26916],[4.69357,46.27171],[4.70073,46.26744],[4.70424,46.27113],[4.70771,46.26971],[4.70821,46.27645],[4.71013,46.27839],[4.70733,46.28151],[4.70748,46.28478],[4.70456,46.28292],[4.69974,46.29042],[4.69477,46.29203],[4.69265,46.2986],[4.69351,46.30245],[4.68476,46.30231],[4.67969,46.30649],[4.6761,46.30402],[4.6782,46.30011],[4.67349,46.29992],[4.66399,46.2952],[4.65983,46.29816],[4.65953,46.3005],[4.65297,46.30419],[4.63526,46.30019],[4.63607,46.29025],[4.62692,46.28837],[4.62331,46.28457],[4.61625,46.2823],[4.62088,46.27767],[4.62198,46.2715],[4.61833,46.26495],[4.61305,46.26723],[4.60913,46.26625],[4.58276,46.26963],[4.58298,46.27136],[4.57263,46.27608],[4.573,46.28629],[4.56988,46.29332],[4.56023,46.2952],[4.55335,46.29101],[4.55204,46.28813],[4.5534,46.28565],[4.54772,46.28515],[4.54792,46.28184],[4.54529,46.27811],[4.54636,46.27413],[4.53736,46.26998],[4.52124,46.27079],[4.51554,46.27021],[4.51213,46.26758],[4.50397,46.26724],[4.50065,46.27105],[4.50017,46.27472],[4.49193,46.28122],[4.48869,46.288],[4.47601,46.28423],[4.47109,46.28593],[4.46752,46.29112],[4.45836,46.29718],[4.43979,46.29311],[4.43819,46.29804],[4.42717,46.30277],[4.42509,46.2964],[4.42268,46.29495],[4.40608,46.29619],[4.40753,46.29262],[4.40398,46.28752],[4.39725,46.28317],[4.3987,46.27755],[4.39629,46.27474],[4.39705,46.2669],[4.39335,46.26466],[4.39183,46.26265],[4.39278,46.26074],[4.38929,46.25817],[4.39264,46.25136],[4.38542,46.24682],[4.38643,46.24386],[4.38963,46.24254],[4.39257,46.23552],[4.38677,46.23302],[4.38589,46.22602],[4.38942,46.21305],[4.37508,46.2112],[4.3732,46.20914],[4.37362,46.2046],[4.36277,46.19995],[4.36272,46.19479],[4.36954,46.19346],[4.37416,46.18687],[4.37072,46.18435],[4.36616,46.18591],[4.36356,46.1822],[4.36096,46.18176],[4.35435,46.18369],[4.35266,46.18658],[4.34589,46.18806],[4.33826,46.18394],[4.33649,46.18104],[4.32675,46.185],[4.32724,46.18193],[4.32014,46.17727],[4.31582,46.17068],[4.31056,46.17158],[4.30662,46.17469],[4.29106,46.17178],[4.28899,46.17006],[4.29049,46.1686],[4.28739,46.16065],[4.28104,46.15606],[4.24988,46.15822],[4.25045,46.16469],[4.24866,46.16714],[4.25286,46.16697],[4.25638,46.16976],[4.257,46.17276],[4.26352,46.17536],[4.25471,46.1881],[4.25121,46.18619],[4.2483,46.18833],[4.24228,46.18879],[4.24141,46.18519],[4.23719,46.18429],[4.23658,46.18155],[4.2249,46.17775],[4.21956,46.1851],[4.20783,46.19494],[4.19714,46.19258],[4.19086,46.18892],[4.18498,46.19001],[4.18305,46.18604],[4.18405,46.18101],[4.18837,46.17512],[4.17309,46.17322],[4.13324,46.17734],[4.13329,46.18058]],[[5.45594,46.85101],[5.45803,46.85397],[5.45225,46.85364],[5.45259,46.85147],[5.45594,46.85101]],[[5.44807,46.8462],[5.44869,46.84797],[5.44116,46.85164],[5.43998,46.84913],[5.44232,46.84851],[5.44079,46.84604],[5.44807,46.8462]]]}},{"type":"Feature","properties":{"code":"89","nom":"Yonne"},"geometry":{"type":"Polygon","coordinates":[[[3.12204,47.54043],[3.11738,47.55754],[3.11622,47.56925],[3.12246,47.57305],[3.12393,47.5763],[3.1013,47.58828],[3.08053,47.58567],[3.07864,47.58237],[3.06776,47.57721],[3.06035,47.5696],[3.03411,47.56396],[3.0284,47.55864],[3.02313,47.55814],[3.02235,47.55635],[2.99031,47.56882],[2.97654,47.56948],[2.97466,47.57357],[2.96558,47.57358],[2.96225,47.57689],[2.96449,47.58177],[2.96263,47.58251],[2.96213,47.58596],[2.95498,47.59041],[2.95005,47.5894],[2.94345,47.59317],[2.9421,47.59884],[2.93613,47.59942],[2.94517,47.60842],[2.93733,47.61615],[2.93825,47.61868],[2.93418,47.62074],[2.93565,47.6264],[2.93233,47.62714],[2.93652,47.6335],[2.93629,47.63665],[2.95394,47.64594],[2.94234,47.6534],[2.94103,47.65758],[2.93698,47.65922],[2.93439,47.65717],[2.92661,47.65899],[2.91817,47.66977],[2.92617,47.68202],[2.92095,47.68318],[2.91675,47.68775],[2.91462,47.68767],[2.91405,47.69091],[2.90753,47.69094],[2.90367,47.69689],[2.89854,47.69631],[2.87915,47.7038],[2.88213,47.70806],[2.88406,47.70765],[2.88471,47.71317],[2.87886,47.72035],[2.86082,47.71018],[2.85509,47.7153],[2.84844,47.71707],[2.85236,47.72176],[2.849,47.72303],[2.84852,47.72602],[2.85225,47.72665],[2.8535,47.72928],[2.84969,47.73255],[2.85387,47.73548],[2.85863,47.74696],[2.8584,47.75088],[2.85186,47.75779],[2.85636,47.7618],[2.86268,47.76089],[2.87027,47.76502],[2.88957,47.76392],[2.89072,47.76516],[2.89846,47.76325],[2.89981,47.7663],[2.90837,47.76668],[2.91094,47.76952],[2.93038,47.7622],[2.93603,47.76336],[2.93722,47.7665],[2.94967,47.76575],[2.95474,47.77556],[2.96163,47.77525],[2.97881,47.78029],[2.98823,47.78603],[3.02496,47.78728],[3.02802,47.80142],[3.02414,47.80892],[3.02434,47.81308],[3.01502,47.81343],[3.02223,47.81786],[3.01392,47.82245],[3.01586,47.82333],[3.01332,47.82776],[3.01468,47.83234],[3.01222,47.83424],[3.02906,47.83503],[3.03387,47.8437],[3.03102,47.84426],[3.03178,47.85036],[3.02536,47.85657],[3.02924,47.85708],[3.02316,47.86101],[3.0106,47.86231],[2.99992,47.867],[2.99462,47.86736],[3.01238,47.87404],[3.01071,47.87643],[3.01164,47.88099],[3.00701,47.8839],[3.0099,47.88961],[3.00708,47.89544],[3.01319,47.89588],[3.01705,47.89902],[3.01171,47.90095],[3.01229,47.90289],[3.0093,47.90554],[3.0181,47.90645],[3.0179,47.9081],[3.02464,47.90548],[3.03608,47.91179],[3.0378,47.90671],[3.05049,47.91064],[3.04957,47.92028],[3.05246,47.92083],[3.05087,47.92424],[3.06174,47.92613],[3.06461,47.93052],[3.07851,47.93142],[3.07954,47.93727],[3.0819,47.93734],[3.08412,47.94257],[3.08922,47.94331],[3.09591,47.9473],[3.09792,47.9462],[3.09793,47.94879],[3.10527,47.94694],[3.11166,47.95789],[3.1092,47.96198],[3.12698,47.96807],[3.12842,47.97104],[3.1286,47.9834],[3.12342,47.98365],[3.12004,47.9865],[3.12668,47.99127],[3.12213,47.99146],[3.12111,47.99569],[3.12326,48.00116],[3.12068,48.00277],[3.12421,48.00689],[3.11547,48.01296],[3.11069,48.01102],[3.10487,48.01295],[3.09939,48.02092],[3.10134,48.02345],[3.11663,48.0281],[3.12029,48.02564],[3.11999,48.02907],[3.12423,48.03111],[3.10651,48.03507],[3.09449,48.04029],[3.09497,48.04432],[3.09236,48.0445],[3.09305,48.04759],[3.08963,48.04909],[3.09543,48.05398],[3.08785,48.05412],[3.07845,48.06122],[3.07133,48.06095],[3.06078,48.06421],[3.05022,48.07216],[3.04885,48.08385],[3.05027,48.09154],[3.04903,48.09383],[3.04291,48.09338],[3.04287,48.09608],[3.04032,48.09618],[3.03835,48.09884],[3.03501,48.11614],[3.03233,48.11423],[3.0159,48.1158],[3.02931,48.13332],[3.0219,48.135],[3.01,48.14572],[3.00389,48.14486],[3.00331,48.14225],[2.99814,48.13994],[2.99472,48.14165],[2.99096,48.1469],[2.99068,48.1527],[2.97999,48.15404],[2.98178,48.14964],[2.97302,48.1504],[2.96881,48.15293],[2.9637,48.15308],[2.95713,48.15742],[2.95461,48.15967],[2.95322,48.16517],[2.93662,48.16346],[2.93474,48.16739],[2.93404,48.17589],[2.93696,48.18315],[2.94025,48.18297],[2.95472,48.19246],[2.95951,48.19161],[2.97097,48.19421],[2.97385,48.19784],[2.97125,48.20129],[2.97324,48.20562],[2.98001,48.20563],[2.98907,48.20923],[2.99233,48.20459],[2.99679,48.20732],[3.00446,48.20703],[3.00856,48.21236],[3.00706,48.21481],[3.01149,48.22059],[3.02309,48.23045],[3.01909,48.23183],[3.02069,48.23412],[3.01883,48.23512],[3.02752,48.24161],[3.02599,48.242],[3.03142,48.24885],[3.03582,48.25112],[3.04735,48.2497],[3.04603,48.25683],[3.04268,48.2624],[3.046,48.26681],[3.04547,48.27074],[3.02473,48.27603],[3.02642,48.28211],[3.02961,48.28578],[3.0186,48.29496],[3.02723,48.30074],[3.02752,48.30284],[3.0196,48.30309],[3.01465,48.30629],[3.02686,48.31688],[3.02625,48.31899],[3.029,48.31974],[3.02806,48.3216],[3.03438,48.32338],[3.03723,48.32802],[3.04337,48.33066],[3.04318,48.33225],[3.03667,48.33495],[3.03667,48.33993],[3.03957,48.34185],[3.03706,48.34266],[3.04613,48.35797],[3.05028,48.36],[3.0543,48.3605],[3.06301,48.35736],[3.07923,48.36128],[3.08753,48.35723],[3.09866,48.35767],[3.10099,48.35612],[3.09926,48.35213],[3.10336,48.34936],[3.11705,48.36651],[3.12212,48.36864],[3.12832,48.36726],[3.12789,48.36957],[3.13265,48.36934],[3.13787,48.37229],[3.13982,48.37257],[3.14098,48.36893],[3.14659,48.36557],[3.14806,48.37005],[3.15243,48.37144],[3.15533,48.37022],[3.15694,48.37221],[3.16619,48.3706],[3.17157,48.37742],[3.175,48.37746],[3.18117,48.37445],[3.18463,48.36809],[3.19051,48.37096],[3.19741,48.36763],[3.20023,48.36364],[3.22333,48.37047],[3.23303,48.3702],[3.23205,48.36929],[3.25447,48.3651],[3.2567,48.36786],[3.2618,48.36836],[3.26107,48.37304],[3.26719,48.3736],[3.26804,48.37784],[3.28248,48.37744],[3.28267,48.38162],[3.29127,48.38004],[3.28966,48.37581],[3.2996,48.37891],[3.29953,48.37562],[3.3052,48.37295],[3.31104,48.37298],[3.30932,48.37698],[3.31235,48.37724],[3.32252,48.37359],[3.33081,48.37326],[3.33546,48.37019],[3.33645,48.37313],[3.34835,48.37333],[3.35115,48.37874],[3.35669,48.3785],[3.35667,48.37099],[3.36517,48.37227],[3.36574,48.37592],[3.36293,48.37609],[3.36286,48.38245],[3.36723,48.39425],[3.37352,48.39336],[3.37555,48.39861],[3.38334,48.40005],[3.39473,48.39546],[3.39556,48.39251],[3.40031,48.39209],[3.40202,48.38964],[3.40592,48.39109],[3.40638,48.38975],[3.41474,48.39019],[3.41293,48.37795],[3.41405,48.37533],[3.42174,48.37195],[3.42739,48.35809],[3.4372,48.36497],[3.44846,48.36841],[3.44733,48.37249],[3.45259,48.37439],[3.4706,48.37474],[3.47488,48.36927],[3.49763,48.36957],[3.51317,48.36062],[3.52163,48.3517],[3.52042,48.34938],[3.53415,48.3388],[3.54503,48.33434],[3.5439,48.31979],[3.55328,48.3191],[3.56341,48.32144],[3.56529,48.31934],[3.56501,48.31347],[3.56108,48.31207],[3.5622,48.31114],[3.57145,48.30594],[3.58008,48.30602],[3.58249,48.30103],[3.58793,48.30094],[3.58609,48.29035],[3.57805,48.28697],[3.5778,48.28459],[3.58364,48.28368],[3.58412,48.28119],[3.58772,48.27995],[3.60044,48.27949],[3.60191,48.27592],[3.61362,48.27354],[3.61782,48.26994],[3.62386,48.2593],[3.62432,48.25453],[3.61535,48.25086],[3.59955,48.23657],[3.6047,48.23003],[3.60786,48.23278],[3.61376,48.23253],[3.6175,48.22956],[3.6169,48.22819],[3.61881,48.22865],[3.62177,48.22566],[3.61394,48.22026],[3.6157,48.21802],[3.61097,48.21153],[3.59989,48.20207],[3.59348,48.20019],[3.57508,48.18882],[3.57875,48.18487],[3.59392,48.17868],[3.62166,48.19204],[3.63322,48.18888],[3.6415,48.18393],[3.65065,48.16823],[3.6607,48.15909],[3.66791,48.13929],[3.69181,48.14555],[3.69362,48.148],[3.69334,48.1552],[3.70028,48.14538],[3.70508,48.14431],[3.71298,48.15121],[3.72005,48.15394],[3.72219,48.15617],[3.72216,48.1599],[3.71393,48.17116],[3.71437,48.17464],[3.71874,48.17557],[3.74746,48.16625],[3.75221,48.16109],[3.75512,48.1503],[3.74258,48.14283],[3.73915,48.13723],[3.74013,48.13201],[3.75075,48.12606],[3.75691,48.12531],[3.76212,48.13181],[3.76822,48.13371],[3.77722,48.12856],[3.77665,48.1245],[3.77989,48.12067],[3.79179,48.11771],[3.7931,48.1131],[3.80166,48.10672],[3.80565,48.10052],[3.8001,48.09721],[3.80109,48.09567],[3.79758,48.09233],[3.80002,48.08862],[3.79807,48.08649],[3.80699,48.08415],[3.80482,48.08184],[3.80907,48.08042],[3.81806,48.06902],[3.82625,48.06366],[3.8239,48.06204],[3.82951,48.05789],[3.82392,48.05322],[3.8304,48.04734],[3.8268,48.04439],[3.82205,48.04414],[3.8322,48.03636],[3.83465,48.03779],[3.83643,48.03568],[3.84255,48.03619],[3.84694,48.02959],[3.85864,48.02188],[3.8681,48.01944],[3.87053,48.01689],[3.8718,48.01032],[3.87032,48.00269],[3.86359,48.007],[3.85787,48.00608],[3.85474,48.00344],[3.83917,48.00341],[3.84071,48.00168],[3.83908,47.99925],[3.8415,47.99586],[3.84692,47.99465],[3.85003,47.98373],[3.86587,47.98448],[3.86171,47.97657],[3.87991,47.97912],[3.8834,47.98524],[3.8776,47.98705],[3.88529,47.99159],[3.88154,48.00034],[3.89156,48.00026],[3.89319,48.00178],[3.89749,47.99801],[3.90028,47.99788],[3.90681,47.9852],[3.91144,47.98114],[3.9147,47.9757],[3.91282,47.96868],[3.90639,47.96234],[3.90556,47.9537],[3.90247,47.95076],[3.90399,47.94941],[3.90264,47.94291],[3.89911,47.9406],[3.90343,47.93844],[3.89403,47.92916],[3.90453,47.92487],[3.90652,47.92801],[3.91159,47.93026],[3.91897,47.92842],[3.92626,47.93481],[3.93429,47.93199],[3.9455,47.93476],[3.94813,47.93079],[3.96168,47.93628],[3.9752,47.9312],[3.98578,47.93067],[3.99123,47.93241],[3.99365,47.93686],[4.005,47.94259],[4.00981,47.93786],[4.01361,47.93683],[4.01223,47.93274],[4.01626,47.92939],[4.02565,47.92832],[4.03155,47.93318],[4.03973,47.92995],[4.0448,47.92512],[4.05887,47.9317],[4.05633,47.94182],[4.06076,47.94579],[4.07576,47.94297],[4.08969,47.94501],[4.09295,47.94292],[4.09171,47.93706],[4.09,47.93619],[4.09382,47.93402],[4.09208,47.9282],[4.09403,47.92659],[4.09805,47.92974],[4.10706,47.92981],[4.10935,47.92908],[4.10799,47.92777],[4.10967,47.926],[4.11693,47.92885],[4.12047,47.93244],[4.1259,47.93281],[4.13299,47.93793],[4.14184,47.93711],[4.14016,47.94275],[4.14583,47.94797],[4.14905,47.94815],[4.15586,47.95579],[4.1658,47.96],[4.16932,47.95733],[4.17288,47.95939],[4.18417,47.95589],[4.1855,47.94027],[4.19228,47.9394],[4.20225,47.94148],[4.20784,47.9466],[4.20527,47.94987],[4.20725,47.95303],[4.20315,47.9593],[4.2128,47.96224],[4.20323,47.96],[4.19768,47.9642],[4.1929,47.965],[4.19393,47.96667],[4.20371,47.9735],[4.21033,47.97161],[4.22582,47.97209],[4.22838,47.96933],[4.22684,47.96675],[4.22861,47.96181],[4.22214,47.94969],[4.23697,47.94085],[4.24506,47.93003],[4.25656,47.92875],[4.25817,47.92624],[4.26973,47.92368],[4.2883,47.92709],[4.29668,47.92303],[4.30479,47.92162],[4.30698,47.90882],[4.31292,47.90511],[4.29659,47.89987],[4.27857,47.90009],[4.27016,47.8933],[4.26862,47.88795],[4.24638,47.87769],[4.24623,47.87402],[4.25371,47.87326],[4.26035,47.87567],[4.2645,47.87382],[4.26419,47.87176],[4.26662,47.86976],[4.2617,47.86469],[4.26331,47.86347],[4.26255,47.86092],[4.26428,47.86053],[4.26306,47.85398],[4.26455,47.84843],[4.2594,47.84653],[4.261,47.84385],[4.2679,47.84222],[4.2713,47.83878],[4.28845,47.84638],[4.2979,47.84612],[4.30126,47.84875],[4.31122,47.84693],[4.31536,47.84977],[4.31867,47.84608],[4.3249,47.84742],[4.32983,47.8462],[4.3273,47.84256],[4.3305,47.83759],[4.31912,47.8373],[4.32092,47.83572],[4.32081,47.83226],[4.32461,47.83152],[4.32451,47.82889],[4.32118,47.82549],[4.32552,47.82089],[4.32336,47.81449],[4.32018,47.81175],[4.3403,47.79956],[4.32729,47.78589],[4.33495,47.77802],[4.33546,47.77396],[4.33036,47.77324],[4.32919,47.77015],[4.33363,47.76072],[4.33247,47.75651],[4.3144,47.74899],[4.30943,47.75263],[4.30408,47.74374],[4.29308,47.73301],[4.27723,47.73951],[4.26051,47.7422],[4.25863,47.73643],[4.26087,47.73379],[4.25792,47.73163],[4.2579,47.72617],[4.25444,47.72743],[4.23935,47.72458],[4.23899,47.71825],[4.24431,47.71547],[4.25272,47.7162],[4.25669,47.70673],[4.2675,47.70547],[4.26706,47.7017],[4.26174,47.69401],[4.27228,47.6865],[4.27509,47.68686],[4.277,47.68989],[4.27771,47.68656],[4.28402,47.68268],[4.27292,47.6805],[4.2518,47.68391],[4.25089,47.677],[4.22728,47.67879],[4.22631,47.67088],[4.25034,47.65992],[4.23729,47.64913],[4.2368,47.64641],[4.23229,47.64701],[4.228,47.64373],[4.22247,47.63098],[4.21595,47.63103],[4.21208,47.62812],[4.21569,47.62373],[4.21321,47.61932],[4.21421,47.61003],[4.2119,47.60481],[4.21583,47.6009],[4.20297,47.60088],[4.19665,47.60437],[4.19732,47.59681],[4.19888,47.59571],[4.19473,47.59307],[4.19004,47.58451],[4.18614,47.58129],[4.18916,47.57647],[4.18716,47.57048],[4.18217,47.56669],[4.18046,47.55934],[4.17533,47.5555],[4.17427,47.55208],[4.17194,47.55021],[4.16457,47.55361],[4.15653,47.55162],[4.15338,47.54294],[4.14592,47.54045],[4.1506,47.5327],[4.14041,47.5249],[4.13765,47.51839],[4.12785,47.51814],[4.1204,47.51448],[4.11456,47.51465],[4.11728,47.51204],[4.11725,47.50612],[4.1125,47.50357],[4.12324,47.49048],[4.1169,47.48662],[4.11529,47.48178],[4.1189,47.47841],[4.12562,47.47771],[4.12598,47.47379],[4.13054,47.4739],[4.13026,47.47095],[4.12622,47.46759],[4.12988,47.4627],[4.12237,47.45381],[4.12389,47.45031],[4.11785,47.44489],[4.11942,47.44355],[4.11559,47.44158],[4.11318,47.44136],[4.11278,47.44391],[4.1073,47.44699],[4.10113,47.44388],[4.10834,47.43743],[4.09892,47.4305],[4.08657,47.44047],[4.08023,47.44098],[4.07875,47.43877],[4.08589,47.42999],[4.08241,47.42562],[4.08467,47.42058],[4.08127,47.41949],[4.07872,47.41597],[4.0736,47.4151],[4.07149,47.40721],[4.0652,47.40726],[4.06678,47.39866],[4.07574,47.40015],[4.07959,47.39808],[4.08121,47.39451],[4.08845,47.39662],[4.09008,47.39475],[4.08994,47.39178],[4.08593,47.39171],[4.08476,47.38844],[4.08169,47.38871],[4.07613,47.38291],[4.08017,47.37609],[4.08762,47.37276],[4.09295,47.37321],[4.0941,47.37829],[4.09838,47.37156],[4.10679,47.3765],[4.10797,47.37354],[4.1059,47.37048],[4.10564,47.36279],[4.09788,47.3616],[4.09776,47.35783],[4.09983,47.35398],[4.10652,47.35269],[4.10804,47.33972],[4.09462,47.33687],[4.08201,47.34198],[4.06519,47.33712],[4.06671,47.33948],[4.06022,47.34133],[4.05234,47.33917],[4.0444,47.34048],[4.04385,47.33326],[4.04131,47.33188],[4.04222,47.32888],[4.03989,47.3274],[4.03585,47.32937],[4.03451,47.32684],[4.03239,47.32771],[4.02844,47.32498],[4.02969,47.32333],[4.02705,47.31954],[4.02854,47.31465],[4.02163,47.31118],[4.0084,47.31504],[4.0059,47.31122],[4.00234,47.31057],[3.9963,47.31545],[3.99092,47.31716],[3.99226,47.31969],[3.98775,47.32362],[3.98065,47.3236],[3.97867,47.32965],[3.97373,47.33125],[3.97153,47.33656],[3.97203,47.34053],[3.96687,47.34786],[3.96938,47.35118],[3.96587,47.36008],[3.96787,47.36314],[3.96188,47.36695],[3.96222,47.36907],[3.97333,47.37284],[3.97172,47.37524],[3.97301,47.37592],[3.97068,47.37865],[3.96128,47.38183],[3.95921,47.38925],[3.94885,47.39449],[3.94573,47.39006],[3.94578,47.3865],[3.94343,47.38556],[3.94437,47.38011],[3.93456,47.37906],[3.92689,47.38191],[3.92259,47.3803],[3.909,47.38225],[3.90523,47.37796],[3.89821,47.37664],[3.88662,47.36652],[3.88693,47.36481],[3.87201,47.36575],[3.86823,47.37328],[3.87068,47.37767],[3.86981,47.38091],[3.85978,47.3877],[3.86082,47.39048],[3.85943,47.3927],[3.86501,47.39787],[3.8672,47.39616],[3.87072,47.39675],[3.87248,47.3992],[3.87744,47.39781],[3.88516,47.40307],[3.88757,47.40786],[3.8929,47.41032],[3.89398,47.41433],[3.89219,47.41413],[3.89228,47.41926],[3.88142,47.42318],[3.87991,47.42981],[3.87423,47.42932],[3.86923,47.43143],[3.86746,47.43475],[3.85466,47.43379],[3.8515,47.43558],[3.85195,47.42326],[3.84932,47.42123],[3.84678,47.42186],[3.84815,47.41871],[3.84547,47.41508],[3.84774,47.41219],[3.84217,47.41064],[3.84081,47.40684],[3.83464,47.40135],[3.83601,47.40653],[3.83042,47.40841],[3.82761,47.40457],[3.8254,47.40547],[3.81994,47.40218],[3.82169,47.40088],[3.82143,47.39807],[3.82929,47.39559],[3.83152,47.39266],[3.82752,47.38975],[3.82967,47.38553],[3.82858,47.38258],[3.81921,47.38123],[3.81679,47.37845],[3.81293,47.3798],[3.8106,47.38401],[3.80495,47.38426],[3.80248,47.38956],[3.78579,47.39036],[3.78082,47.39693],[3.78285,47.39841],[3.78384,47.40354],[3.78628,47.40496],[3.77453,47.40614],[3.77307,47.40278],[3.7704,47.40304],[3.76875,47.40075],[3.76675,47.40263],[3.75905,47.40203],[3.74056,47.3965],[3.726,47.39822],[3.71672,47.40308],[3.7192,47.40593],[3.71479,47.40684],[3.71201,47.41583],[3.7023,47.42672],[3.68426,47.43392],[3.67797,47.43238],[3.67372,47.43404],[3.67985,47.44687],[3.67736,47.44686],[3.674,47.45023],[3.66722,47.44583],[3.66134,47.45025],[3.66176,47.44866],[3.65935,47.44797],[3.63904,47.45208],[3.63409,47.45604],[3.62878,47.45479],[3.61983,47.45601],[3.61556,47.45763],[3.61796,47.46479],[3.61568,47.46685],[3.60057,47.46535],[3.60081,47.46225],[3.59557,47.46005],[3.59531,47.457],[3.58707,47.45619],[3.58886,47.45891],[3.58821,47.46234],[3.58321,47.46145],[3.58281,47.46401],[3.57934,47.46553],[3.58018,47.47852],[3.57568,47.48246],[3.57526,47.48633],[3.58108,47.49473],[3.58059,47.4978],[3.55286,47.50201],[3.55083,47.50713],[3.54019,47.51543],[3.51301,47.52739],[3.51225,47.54203],[3.50903,47.54626],[3.51097,47.55074],[3.50436,47.55784],[3.49842,47.56083],[3.49226,47.56041],[3.48985,47.55521],[3.49247,47.5544],[3.49212,47.55089],[3.49554,47.54986],[3.49282,47.54205],[3.49411,47.5382],[3.49139,47.53627],[3.49304,47.53624],[3.49214,47.532],[3.49519,47.52167],[3.49097,47.51566],[3.49214,47.50799],[3.49061,47.50328],[3.49227,47.49907],[3.48843,47.49389],[3.47915,47.49371],[3.46186,47.50135],[3.45782,47.50034],[3.45575,47.50257],[3.45013,47.49989],[3.44931,47.50771],[3.44637,47.51177],[3.44273,47.50774],[3.43909,47.50878],[3.42892,47.50607],[3.42528,47.50767],[3.39011,47.50908],[3.39264,47.50106],[3.37997,47.48635],[3.37595,47.48503],[3.37008,47.48823],[3.36195,47.48534],[3.35569,47.47883],[3.34534,47.47857],[3.34666,47.46951],[3.33781,47.4702],[3.3403,47.48098],[3.32772,47.48275],[3.30705,47.49472],[3.2964,47.49167],[3.28527,47.50396],[3.27937,47.49798],[3.27555,47.49073],[3.25715,47.49183],[3.24898,47.48739],[3.24364,47.4893],[3.23613,47.48833],[3.22583,47.50403],[3.21529,47.51253],[3.21141,47.51221],[3.21177,47.51513],[3.20481,47.52313],[3.1915,47.52018],[3.18551,47.52551],[3.18183,47.51834],[3.17612,47.52051],[3.16515,47.51749],[3.16269,47.52385],[3.15004,47.52819],[3.14771,47.53307],[3.14016,47.53532],[3.14066,47.53792],[3.13556,47.53973],[3.13467,47.54283],[3.12454,47.53887],[3.12204,47.54043]]]}},{"type":"Feature","properties":{"code":"90","nom":"Territoire de Belfort"},"geometry":{"type":"Polygon","coordinates":[[[6.81676,47.54807],[6.80709,47.56307],[6.81035,47.56943],[6.82173,47.57331],[6.82122,47.57444],[6.81798,47.57784],[6.80192,47.58429],[6.80318,47.58545],[6.8015,47.58693],[6.80359,47.58843],[6.80262,47.59066],[6.79871,47.59087],[6.7913,47.59629],[6.79329,47.59927],[6.79008,47.60467],[6.78823,47.60487],[6.78706,47.61005],[6.77769,47.61574],[6.78052,47.62528],[6.78944,47.62564],[6.79221,47.62999],[6.80104,47.63605],[6.79784,47.64085],[6.79947,47.64273],[6.79814,47.64435],[6.7904,47.64789],[6.78675,47.65322],[6.77955,47.65667],[6.78189,47.66228],[6.77728,47.66511],[6.7761,47.66857],[6.78202,47.68733],[6.77815,47.69778],[6.77053,47.70162],[6.77004,47.70772],[6.77257,47.71164],[6.76686,47.71915],[6.75662,47.72445],[6.76103,47.73009],[6.75782,47.74772],[6.76432,47.75343],[6.76441,47.75852],[6.77845,47.77059],[6.7847,47.78144],[6.7961,47.78501],[6.81131,47.79429],[6.8117,47.79772],[6.81447,47.79853],[6.82062,47.80704],[6.82494,47.80908],[6.82384,47.81426],[6.83234,47.81758],[6.83888,47.8244],[6.84234,47.82509],[6.84588,47.82289],[6.84101,47.81898],[6.84268,47.81218],[6.84746,47.81077],[6.85056,47.80681],[6.8482,47.80427],[6.8516,47.798],[6.86208,47.79205],[6.86068,47.78962],[6.86266,47.78554],[6.872,47.78178],[6.88213,47.78204],[6.893,47.77757],[6.91136,47.77806],[6.92545,47.76956],[6.9403,47.77156],[6.94347,47.76656],[6.95211,47.76442],[6.95444,47.76117],[6.97062,47.75419],[6.97217,47.75158],[6.98207,47.75122],[7.01289,47.74145],[7.01583,47.7438],[7.0219,47.73322],[7.03516,47.72462],[7.03779,47.72162],[7.03587,47.72136],[7.03779,47.71798],[7.03452,47.71625],[7.02951,47.70874],[7.02648,47.70096],[7.03382,47.69965],[7.03287,47.69535],[7.03781,47.69414],[7.03647,47.69091],[7.03847,47.68677],[7.04814,47.68451],[7.04842,47.68211],[7.04268,47.68112],[7.04293,47.67949],[7.0389,47.67855],[7.03744,47.6758],[7.04123,47.67243],[7.04631,47.67154],[7.04079,47.66517],[7.03518,47.66355],[7.034,47.66125],[7.0393,47.65051],[7.01745,47.64982],[7.01663,47.64468],[7.01928,47.64126],[7.01234,47.63932],[7.01598,47.63591],[7.01351,47.6348],[7.01444,47.63269],[7.01149,47.63338],[7.01416,47.63227],[7.01243,47.63145],[7.01679,47.62694],[7.01433,47.62584],[7.01091,47.63045],[7.00593,47.62892],[7.00807,47.62074],[7.00496,47.61921],[7.00773,47.61404],[7.0064,47.61231],[7.00886,47.60951],[7.00755,47.60642],[7.0104,47.60484],[7.00565,47.6021],[7.01955,47.59593],[7.02121,47.59322],[7.01578,47.59186],[7.01965,47.58863],[7.02482,47.5892],[7.02533,47.59272],[7.03437,47.59414],[7.03978,47.60115],[7.04773,47.60083],[7.04758,47.59868],[7.0519,47.60049],[7.05572,47.59823],[7.06605,47.60145],[7.06681,47.5997],[7.07133,47.60034],[7.07016,47.59633],[7.07479,47.59902],[7.08063,47.59633],[7.08083,47.59446],[7.08615,47.59286],[7.08747,47.58867],[7.0851,47.58612],[7.08975,47.58316],[7.09414,47.5735],[7.0995,47.57284],[7.10544,47.56912],[7.10841,47.56187],[7.10824,47.55214],[7.10571,47.55161],[7.11092,47.54879],[7.12023,47.54731],[7.12294,47.54373],[7.13313,47.53991],[7.13611,47.53716],[7.13835,47.52772],[7.14336,47.52459],[7.13944,47.51935],[7.13782,47.51055],[7.13424,47.50496],[7.13026,47.50295],[7.128,47.50388],[7.11252,47.49511],[7.09423,47.49544],[7.07485,47.48819],[7.07207,47.49238],[7.06076,47.49539],[7.05243,47.49511],[7.04453,47.49845],[7.03694,47.49751],[7.03665,47.4992],[7.02151,47.50447],[7.00038,47.49972],[6.98603,47.49334],[6.98297,47.49455],[6.98643,47.49214],[6.98865,47.4869],[6.98644,47.47633],[6.9883,47.4731],[6.99299,47.47113],[6.9917,47.4664],[7.00049,47.4672],[7.00129,47.46192],[6.99789,47.45985],[6.99754,47.45643],[7.00144,47.45598],[7.00218,47.45416],[6.99019,47.44798],[6.98098,47.44923],[6.97029,47.44711],[6.96628,47.43765],[6.96371,47.43579],[6.95757,47.43381],[6.95496,47.43527],[6.9403,47.43332],[6.93298,47.44062],[6.93573,47.44475],[6.93075,47.45836],[6.922,47.46249],[6.92352,47.46702],[6.91388,47.46925],[6.90744,47.47293],[6.91592,47.47798],[6.90789,47.4931],[6.90953,47.49444],[6.90749,47.49485],[6.91697,47.49813],[6.92346,47.49798],[6.92299,47.50016],[6.93019,47.50041],[6.9318,47.49621],[6.93359,47.49595],[6.93522,47.48562],[6.94013,47.48696],[6.94267,47.48492],[6.94327,47.48719],[6.94649,47.4876],[6.94912,47.48569],[6.94679,47.49638],[6.94458,47.49854],[6.94551,47.50515],[6.9497,47.50851],[6.945,47.51334],[6.93273,47.5191],[6.92081,47.52014],[6.91681,47.5247],[6.90744,47.52593],[6.91644,47.53097],[6.91415,47.53567],[6.90775,47.54116],[6.90571,47.54796],[6.90198,47.54998],[6.89019,47.55009],[6.88337,47.55551],[6.87355,47.55108],[6.86108,47.5492],[6.861,47.54773],[6.83622,47.54816],[6.83064,47.54644],[6.81676,47.54807]]]}}],"source":"https://geo.api.gouv.fr/communes","date_recuperation":"2026-10-02","geometrie":"simplifiée pour affichage","note":"Contours communaux API administrative récupérés le 02/10/2026, 3 685 codes concordants COG 2026. Fusion et simplification par département. Édition géométrique non précisée par l’API ; aucun bassin GHT déduit.","license":"https://opendatacommons.org/licenses/odbl/1-0/","attribution":"© data.gouv.fr — Contours administratifs, source IGN/Admin Express pour la BFC. Fusion et simplification : tableau de bord FHF BFC V5."}