code;nom;dep;longitude;latitude;apl_2024;apl_65_2024;population_standardisee_2022;population_2022;pauvrete_2023;revenu_median_2023;code_ght;statut_rattachement;source
21001;Agencourt;21;4.9883;47.1256;4.151;3.896;435.325;427.9999999999999;;29870.0;;A_VALIDER;"APL;FILOS2023;COG2026;CENTRES"
21002;Agey;21;4.7606;47.2884;3.331;2.758;269.92;258.9999999999999;;28740.0;;A_VALIDER;"APL;FILOS2023;COG2026;CENTRES"
21003;Ahuy;21;5.0179;47.3696;3.179;3.054;1732.307;1695.0;;29860.0;;A_VALIDER;"APL;FILOS2023;COG2026;CENTRES"
21004;Aignay-le-Duc;21;4.7482;47.6736;0.869;0.235;283.08;263.0000000000002;;24240.0;;A_VALIDER;"APL;FILOS2023;COG2026;CENTRES"
21005;Aiserey;21;5.1665;47.1715;3.428;3.029;1467.778;1489.0;;27340.0;;A_VALIDER;"APL;FILOS2023;COG2026;CENTRES"
21006;Aisey-sur-Seine;21;4.5774;47.7428;1.709;0.419;178.101;165.9999999999999;;20210.0;;A_VALIDER;"APL;FILOS2023;COG2026;CENTRES"
21007;Aisy-sous-Thil;21;4.2795;47.392;3.092;2.795;214.308;203.0;;27660.0;;A_VALIDER;"APL;FILOS2023;COG2026;CENTRES"
21008;Alise-Sainte-Reine;21;4.4878;47.5366;2.055;2.055;691.117;568.0000000000001;;25770.0;;A_VALIDER;"APL;FILOS2023;COG2026;CENTRES"
21009;Allerey;21;4.4256;47.19;2.715;2.715;194.325;174.9999999999999;;26070.0;;A_VALIDER;"APL;FILOS2023;COG2026;CENTRES"
21010;Aloxe-Corton;21;4.8628;47.068;4.839;4.482;134.61;135.0;;36330.0;;A_VALIDER;"APL;FILOS2023;COG2026;CENTRES"
21011;Ampilly-les-Bordes;21;4.6272;47.6404;3.045;0.078;87.816;80.99999999999996;;;;A_VALIDER;"APL;FILOS2023;COG2026;CENTRES"
21012;Ampilly-le-Sec;21;4.5065;47.8134;2.841;1.625;359.378;329.0;;25360.0;;A_VALIDER;"APL;FILOS2023;COG2026;CENTRES"
21013;Ancey;21;4.8226;47.3352;3.097;2.651;421.752;450.9999999999996;;28500.0;;A_VALIDER;"APL;FILOS2023;COG2026;CENTRES"
21014;Antheuil;21;4.7463;47.1763;1.046;0.918;69.01;62.0;;;;A_VALIDER;"APL;FILOS2023;COG2026;CENTRES"
21015;Antigny-la-Ville;21;4.5599;47.1006;6.045;5.703;91.147;87.00000000000034;;;;A_VALIDER;"APL;FILOS2023;COG2026;CENTRES"
21016;Arceau;21;5.1978;47.3775;3.784;3.667;967.282;990.0000000000002;;32430.0;;A_VALIDER;"APL;FILOS2023;COG2026;CENTRES"
21017;Arcenant;21;4.8407;47.1407;1.968;1.968;500.702;509.9999999999999;;31260.0;;A_VALIDER;"APL;FILOS2023;COG2026;CENTRES"
21018;Arcey;21;4.8264;47.2737;3.166;2.721;51.217;52.00000000000003;;;;A_VALIDER;"APL;FILOS2023;COG2026;CENTRES"
21020;Arconcey;21;4.4633;47.2176;2.785;2.785;220.488;218.0;;24900.0;;A_VALIDER;"APL;FILOS2023;COG2026;CENTRES"
21021;Arc-sur-Tille;21;5.2007;47.3394;3.878;3.809;2575.088;2590.000000000002;4.0;31120.0;;A_VALIDER;"APL;FILOS2023;COG2026;CENTRES"
21022;Argilly;21;5.028;47.0658;1.832;1.832;526.7;540.0;;27930.0;;A_VALIDER;"APL;FILOS2023;COG2026;CENTRES"
21023;Arnay-le-Duc;21;4.486;47.1215;3.933;3.933;1565.71;1355.000000000002;;23420.0;;A_VALIDER;"APL;FILOS2023;COG2026;CENTRES"
21024;Arnay-sous-Vitteaux;21;4.5056;47.4343;2.302;2.302;112.078;112.0000000000001;;;;A_VALIDER;"APL;FILOS2023;COG2026;CENTRES"
21025;Arrans;21;4.3282;47.6897;2.903;2.014;64.963;62.99999999999996;;;;A_VALIDER;"APL;FILOS2023;COG2026;CENTRES"
21026;Asnières-en-Montagne;21;4.2974;47.7125;2.59;1.425;182.35;170.0;;24910.0;;A_VALIDER;"APL;FILOS2023;COG2026;CENTRES"
21027;Asnières-lès-Dijon;21;5.046;47.3866;4.484;4.331;1284.589;1320.0;;33990.0;;A_VALIDER;"APL;FILOS2023;COG2026;CENTRES"
21028;Athée;21;5.3587;47.2189;2.564;2.154;862.427;794.0000000000018;;26660.0;;A_VALIDER;"APL;FILOS2023;COG2026;CENTRES"
21029;Athie;21;4.26;47.5592;5.01;4.121;83.051;79.99999999999993;;;;A_VALIDER;"APL;FILOS2023;COG2026;CENTRES"
21030;Aubaine;21;4.7311;47.1312;1.836;1.836;93.907;89.0;;;;A_VALIDER;"APL;FILOS2023;COG2026;CENTRES"
21031;Aubigny-en-Plaine;21;5.1628;47.1299;3.948;3.385;523.373;544.0000000000011;;26930.0;;A_VALIDER;"APL;FILOS2023;COG2026;CENTRES"
21032;Aubigny-la-Ronce;21;4.5986;46.9892;2.82;2.477;178.605;170.0000000000001;;26070.0;;A_VALIDER;"APL;FILOS2023;COG2026;CENTRES"
21033;Aubigny-lès-Sombernon;21;4.6425;47.2991;2.824;2.696;168.071;170.0;;26560.0;;A_VALIDER;"APL;FILOS2023;COG2026;CENTRES"
21034;Autricourt;21;4.6258;47.9863;1.725;1.071;144.868;135.9999999999995;;23840.0;;A_VALIDER;"APL;FILOS2023;COG2026;CENTRES"
21035;Auvillars-sur-Saône;21;5.1126;47.061;2.598;2.355;323.262;339.0000000000001;;26220.0;;A_VALIDER;"APL;FILOS2023;COG2026;CENTRES"
21036;Auxant;21;4.6168;47.1298;4.006;4.006;86.027;82.99999999999969;;;;A_VALIDER;"APL;FILOS2023;COG2026;CENTRES"
21037;Auxey-Duresses;21;4.7299;46.989;4.766;4.527;316.605;297.0000000000005;;35780.0;;A_VALIDER;"APL;FILOS2023;COG2026;CENTRES"
21038;Auxonne;21;5.407;47.1887;2.128;2.004;7649.997;7592.000000000002;15.0;23470.0;;A_VALIDER;"APL;FILOS2023;COG2026;CENTRES"
21039;Avelanges;21;5.0278;47.5864;2.778;2.622;38.479;35.00000000000012;;;;A_VALIDER;"APL;FILOS2023;COG2026;CENTRES"
21040;Avosnes;21;4.6326;47.3696;2.213;2.213;88.326;87.99999999999986;;;;A_VALIDER;"APL;FILOS2023;COG2026;CENTRES"
21041;Avot;21;5.0053;47.6163;2.17;2.17;191.732;189.0000000000003;;26070.0;;A_VALIDER;"APL;FILOS2023;COG2026;CENTRES"
21042;Bagnot;21;5.0699;47.0491;2.054;2.054;161.109;156.0000000000005;;25510.0;;A_VALIDER;"APL;FILOS2023;COG2026;CENTRES"
21043;Baigneux-les-Juifs;21;4.6506;47.601;2.514;0.078;225.168;202.9999999999998;;24720.0;;A_VALIDER;"APL;FILOS2023;COG2026;CENTRES"
21044;Balot;21;4.4422;47.8203;1.872;1.644;99.595;92.99999999999983;;;;A_VALIDER;"APL;FILOS2023;COG2026;CENTRES"
21045;Barbirey-sur-Ouche;21;4.7394;47.2543;2.449;2.007;251.574;241.9999999999999;;25480.0;;A_VALIDER;"APL;FILOS2023;COG2026;CENTRES"
21046;Bard-le-Régulier;21;4.3042;47.1471;1.299;1.299;79.784;75.0;;;;A_VALIDER;"APL;FILOS2023;COG2026;CENTRES"
21047;Bard-lès-Époisses;21;4.2252;47.5291;2.386;2.386;79.925;72.00000000000034;;;;A_VALIDER;"APL;FILOS2023;COG2026;CENTRES"
21048;Barges;21;5.0578;47.2097;3.563;3.292;623.08;655.9999999999991;;30640.0;;A_VALIDER;"APL;FILOS2023;COG2026;CENTRES"
21049;Barjon;21;4.9626;47.6158;0.697;0.697;37.84;34.00000000000005;;;;A_VALIDER;"APL;FILOS2023;COG2026;CENTRES"
21050;Baubigny;21;4.6794;46.989;3.519;3.4;219.709;208.0000000000001;;29570.0;;A_VALIDER;"APL;FILOS2023;COG2026;CENTRES"
21051;Baulme-la-Roche;21;4.7895;47.3464;1.229;1.043;94.506;92.0;;;;A_VALIDER;"APL;FILOS2023;COG2026;CENTRES"
21052;Beaulieu;21;4.7332;47.724;0.345;0.156;30.363;27.0;;;;A_VALIDER;"APL;FILOS2023;COG2026;CENTRES"
21053;Beaumont-sur-Vingeanne;21;5.3484;47.4639;3.094;3.094;215.953;198.0;;25300.0;;A_VALIDER;"APL;FILOS2023;COG2026;CENTRES"
21054;Beaune;21;4.8421;47.0272;4.92;4.562;21024.253;20233.0;15.0;25870.0;;A_VALIDER;"APL;FILOS2023;COG2026;CENTRES"
21055;Beaunotte;21;4.7175;47.6817;0.869;0.235;16.155;15.00000000000001;;;;A_VALIDER;"APL;FILOS2023;COG2026;CENTRES"
21056;Beire-le-Châtel;21;5.2146;47.4272;2.974;2.882;893.099;907.0;;29630.0;;A_VALIDER;"APL;FILOS2023;COG2026;CENTRES"
21057;Beire-le-Fort;21;5.2625;47.2369;2.736;2.576;325.635;343.0000000000003;;28600.0;;A_VALIDER;"APL;FILOS2023;COG2026;CENTRES"
21058;Belan-sur-Ource;21;4.6388;47.9519;1.538;1.309;240.387;228.0;;24690.0;;A_VALIDER;"APL;FILOS2023;COG2026;CENTRES"
21059;Bellefond;21;5.0655;47.3797;3.956;3.887;929.733;918.0000000000006;;34380.0;;A_VALIDER;"APL;FILOS2023;COG2026;CENTRES"
21060;Belleneuve;21;5.2709;47.361;2.981;2.819;1635.462;1575.0;;29120.0;;A_VALIDER;"APL;FILOS2023;COG2026;CENTRES"
21061;Bellenod-sur-Seine;21;4.6407;47.6982;1.853;0.156;71.423;68.00000000000009;;;;A_VALIDER;"APL;FILOS2023;COG2026;CENTRES"
21062;Bellenot-sous-Pouilly;21;4.5495;47.2859;3.422;3.422;231.819;229.9999999999999;;26260.0;;A_VALIDER;"APL;FILOS2023;COG2026;CENTRES"
21063;Beneuvre;21;4.9333;47.6933;2.281;2.092;100.421;92.00000000000004;;;;A_VALIDER;"APL;FILOS2023;COG2026;CENTRES"
21064;Benoisey;21;4.3942;47.5789;2.287;1.842;100.648;96.0;;;;A_VALIDER;"APL;FILOS2023;COG2026;CENTRES"
21065;Bessey-en-Chaume;21;4.7397;47.0904;4.335;4.216;119.998;119.0000000000001;;28250.0;;A_VALIDER;"APL;FILOS2023;COG2026;CENTRES"
21066;Bessey-la-Cour;21;4.6039;47.1028;4.192;4.192;60.866;53.99999999999995;;;;A_VALIDER;"APL;FILOS2023;COG2026;CENTRES"
21067;Bessey-lès-Cîteaux;21;5.1466;47.145;2.866;2.468;659.981;685.0000000000001;;27850.0;;A_VALIDER;"APL;FILOS2023;COG2026;CENTRES"
21068;Beurey-Bauguay;21;4.4287;47.2295;1.833;1.833;116.702;120.0000000000001;;26680.0;;A_VALIDER;"APL;FILOS2023;COG2026;CENTRES"
21069;Beurizot;21;4.4956;47.3543;3.788;3.788;117.612;111.9999999999997;;;;A_VALIDER;"APL;FILOS2023;COG2026;CENTRES"
21070;Bévy;21;4.8406;47.1805;1.942;1.916;123.366;135.0000000000001;;26880.0;;A_VALIDER;"APL;FILOS2023;COG2026;CENTRES"
21071;Bèze;21;5.2839;47.4642;4.291;3.989;711.12;730.0;;29520.0;;A_VALIDER;"APL;FILOS2023;COG2026;CENTRES"
21072;Bézouotte;21;5.3371;47.3845;2.689;2.402;203.911;202.0;;26650.0;;A_VALIDER;"APL;FILOS2023;COG2026;CENTRES"
21074;Billey;21;5.4201;47.1423;3.797;3.523;249.526;247.9999999999996;;26560.0;;A_VALIDER;"APL;FILOS2023;COG2026;CENTRES"
21075;Billy-lès-Chanceaux;21;4.7387;47.5539;2.56;0.541;72.296;68.0;;;;A_VALIDER;"APL;FILOS2023;COG2026;CENTRES"
21076;Binges;21;5.2711;47.323;3.038;2.733;855.946;865.0000000000023;;30070.0;;A_VALIDER;"APL;FILOS2023;COG2026;CENTRES"
21077;Bissey-la-Côte;21;4.7054;47.9182;2.243;2.015;135.949;132.0000000000001;;27780.0;;A_VALIDER;"APL;FILOS2023;COG2026;CENTRES"
21078;Bissey-la-Pierre;21;4.4244;47.8444;2.577;2.348;71.293;68.0;;;;A_VALIDER;"APL;FILOS2023;COG2026;CENTRES"
21079;Blagny-sur-Vingeanne;21;5.3553;47.4376;2.985;2.985;130.72;125.0;;29020.0;;A_VALIDER;"APL;FILOS2023;COG2026;CENTRES"
21080;Blaisy-Bas;21;4.741;47.3673;3.147;1.649;660.193;663.9999999999998;;26800.0;;A_VALIDER;"APL;FILOS2023;COG2026;CENTRES"
21081;Blaisy-Haut;21;4.7706;47.3606;3.205;1.706;120.23;125.0000000000001;;25550.0;;A_VALIDER;"APL;FILOS2023;COG2026;CENTRES"
21082;Blancey;21;4.4614;47.302;2.846;2.846;57.756;55.00000000000001;;;;A_VALIDER;"APL;FILOS2023;COG2026;CENTRES"
21083;Blanot;21;4.2397;47.1775;1.529;1.529;132.633;120.0000000000003;;20880.0;;A_VALIDER;"APL;FILOS2023;COG2026;CENTRES"
21084;Source-Seine;21;4.6933;47.4881;1.925;0.541;61.916;60.0;;;;A_VALIDER;"APL;FILOS2023;COG2026;CENTRES"
21085;Bligny-le-Sec;21;4.741;47.4479;3.87;1.622;153.39;145.0;;27800.0;;A_VALIDER;"APL;FILOS2023;COG2026;CENTRES"
21086;Bligny-lès-Beaune;21;4.8328;46.9842;5.146;4.788;1282.738;1273.0;;29400.0;;A_VALIDER;"APL;FILOS2023;COG2026;CENTRES"
21087;Bligny-sur-Ouche;21;4.6839;47.1169;4.006;4.006;901.45;814.9999999999999;;25360.0;;A_VALIDER;"APL;FILOS2023;COG2026;CENTRES"
21088;Boncourt-le-Bois;21;4.9959;47.1386;4.005;3.735;273.158;271.9999999999991;;31260.0;;A_VALIDER;"APL;FILOS2023;COG2026;CENTRES"
21089;Bonnencontre;21;5.1493;47.087;2.743;2.258;440.691;441.0000000000002;;26550.0;;A_VALIDER;"APL;FILOS2023;COG2026;CENTRES"
21090;Boudreville;21;4.8384;47.9286;2.8;2.8;64.899;60.00000000000009;;;;A_VALIDER;"APL;FILOS2023;COG2026;CENTRES"
21091;Bouhey;21;4.6754;47.2012;1.87;1.87;54.427;49.99999999999989;;;;A_VALIDER;"APL;FILOS2023;COG2026;CENTRES"
21092;Bouilland;21;4.7703;47.1353;1.417;1.417;238.054;242.0000000000002;;26880.0;;A_VALIDER;"APL;FILOS2023;COG2026;CENTRES"
21093;Bouix;21;4.4673;47.9034;3.253;2.796;153.396;151.0000000000005;;24490.0;;A_VALIDER;"APL;FILOS2023;COG2026;CENTRES"
21094;Bourberain;21;5.2897;47.509;3.138;2.836;383.13;388.0;;28380.0;;A_VALIDER;"APL;FILOS2023;COG2026;CENTRES"
21095;Bousselange;21;5.2507;46.996;3.17;3.17;55.957;52.0;;;;A_VALIDER;"APL;FILOS2023;COG2026;CENTRES"
21096;Boussenois;21;5.2084;47.6272;1.702;1.629;103.027;106.0;;27690.0;;A_VALIDER;"APL;FILOS2023;COG2026;CENTRES"
21097;Boussey;21;4.542;47.3606;2.991;2.991;35.264;34.00000000000009;;;;A_VALIDER;"APL;FILOS2023;COG2026;CENTRES"
21098;Boux-sous-Salmaise;21;4.6447;47.4703;0.942;0.942;133.729;124.9999999999997;;23240.0;;A_VALIDER;"APL;FILOS2023;COG2026;CENTRES"
21099;Bouze-lès-Beaune;21;4.7731;47.0566;5.518;5.161;305.006;306.0000000000006;;27830.0;;A_VALIDER;"APL;FILOS2023;COG2026;CENTRES"
21100;Brain;21;4.5078;47.4636;2.302;2.302;34.514;34.99999999999992;;;;A_VALIDER;"APL;FILOS2023;COG2026;CENTRES"
21101;Braux;21;4.4185;47.41;3.442;3.442;179.039;174.9999999999999;;25130.0;;A_VALIDER;"APL;FILOS2023;COG2026;CENTRES"
21102;Brazey-en-Morvan;21;4.2744;47.1705;1.112;1.112;170.918;149.9999999999999;;24560.0;;A_VALIDER;"APL;FILOS2023;COG2026;CENTRES"
21103;Brazey-en-Plaine;21;5.2102;47.1378;3.244;2.516;2440.349;2425.0;10.0;26210.0;;A_VALIDER;"APL;FILOS2023;COG2026;CENTRES"
21104;Brémur-et-Vaurois;21;4.6086;47.73;0.531;0.0;45.118;44.00000000000009;;;;A_VALIDER;"APL;FILOS2023;COG2026;CENTRES"
21105;Bressey-sur-Tille;21;5.1827;47.3082;2.62;2.568;1027.103;1110.0;;29140.0;;A_VALIDER;"APL;FILOS2023;COG2026;CENTRES"
21106;Bretenière;21;5.1016;47.2374;4.496;4.173;910.946;935.0000000000008;;28110.0;;A_VALIDER;"APL;FILOS2023;COG2026;CENTRES"
21107;Bretigny;21;5.0981;47.3959;2.513;2.495;880.377;903.0;;35310.0;;A_VALIDER;"APL;FILOS2023;COG2026;CENTRES"
21108;Brianny;21;4.3736;47.413;2.5;2.5;105.375;105.0;;26400.0;;A_VALIDER;"APL;FILOS2023;COG2026;CENTRES"
21109;Brion-sur-Ource;21;4.6719;47.902;3.075;2.618;226.908;216.0;;25880.0;;A_VALIDER;"APL;FILOS2023;COG2026;CENTRES"
21110;Brochon;21;4.9701;47.2373;3.65;3.312;713.499;662.0;;31900.0;;A_VALIDER;"APL;FILOS2023;COG2026;CENTRES"
21111;Brognon;21;5.1681;47.4118;2.306;2.297;314.67;317.9999999999999;;34380.0;;A_VALIDER;"APL;FILOS2023;COG2026;CENTRES"
21112;Broin;21;5.1047;47.085;2.638;2.395;410.685;409.9999999999995;;28410.0;;A_VALIDER;"APL;FILOS2023;COG2026;CENTRES"
21113;Broindon;21;5.0412;47.1955;2.853;2.613;180.11;196.9999999999994;;30440.0;;A_VALIDER;"APL;FILOS2023;COG2026;CENTRES"
21114;Buffon;21;4.2732;47.6583;4.355;3.022;162.775;153.9999999999999;;25050.0;;A_VALIDER;"APL;FILOS2023;COG2026;CENTRES"
21115;Buncey;21;4.5764;47.8187;2.31;1.625;374.603;358.0;;24210.0;;A_VALIDER;"APL;FILOS2023;COG2026;CENTRES"
21116;Bure-les-Templiers;21;4.9179;47.7317;1.264;0.697;143.96;135.0;;22060.0;;A_VALIDER;"APL;FILOS2023;COG2026;CENTRES"
21117;Busseaut;21;4.653;47.7424;0.609;0.078;53.033;51.99999999999999;;;;A_VALIDER;"APL;FILOS2023;COG2026;CENTRES"
21118;Busserotte-et-Montenaille;21;4.9827;47.6599;2.092;2.092;33.388;33.0;;;;A_VALIDER;"APL;FILOS2023;COG2026;CENTRES"
21119;Bussières;21;4.9639;47.6585;2.092;2.092;51.123;44.0;;;;A_VALIDER;"APL;FILOS2023;COG2026;CENTRES"
21120;La Bussière-sur-Ouche;21;4.704;47.2297;1.915;1.531;189.162;185.0000000000001;;31860.0;;A_VALIDER;"APL;FILOS2023;COG2026;CENTRES"
21121;Bussy-la-Pesle;21;4.7166;47.3587;0.567;0.567;81.533;74.99999999999999;;;;A_VALIDER;"APL;FILOS2023;COG2026;CENTRES"
21122;Bussy-le-Grand;21;4.5215;47.5735;2.001;0.835;314.844;305.9999999999999;;28530.0;;A_VALIDER;"APL;FILOS2023;COG2026;CENTRES"
21123;Buxerolles;21;4.9511;47.8074;0.567;0.0;36.523;34.0;;;;A_VALIDER;"APL;FILOS2023;COG2026;CENTRES"
21124;Censerey;21;4.3377;47.1971;1.575;1.575;194.117;179.9999999999995;;22420.0;;A_VALIDER;"APL;FILOS2023;COG2026;CENTRES"
21125;Cérilly;21;4.4924;47.8529;3.901;3.215;236.622;213.9999999999999;;27290.0;;A_VALIDER;"APL;FILOS2023;COG2026;CENTRES"
21126;Cessey-sur-Tille;21;5.2298;47.2813;2.78;2.771;615.952;625.0000000000001;;28000.0;;A_VALIDER;"APL;FILOS2023;COG2026;CENTRES"
21127;Chaignay;21;5.0507;47.4788;3.95;3.565;495.007;500.0;;31050.0;;A_VALIDER;"APL;FILOS2023;COG2026;CENTRES"
21128;Chailly-sur-Armançon;21;4.4803;47.27;3.019;3.019;280.324;276.0;;25250.0;;A_VALIDER;"APL;FILOS2023;COG2026;CENTRES"
21129;Chambain;21;4.9241;47.7958;0.567;0.0;25.887;28.0;;;;A_VALIDER;"APL;FILOS2023;COG2026;CENTRES"
21130;Chambeire;21;5.2878;47.2835;2.568;2.384;397.083;413.0000000000004;;27780.0;;A_VALIDER;"APL;FILOS2023;COG2026;CENTRES"
21131;Chamblanc;21;5.1675;47.0232;2.421;2.421;466.395;463.9999999999995;;25650.0;;A_VALIDER;"APL;FILOS2023;COG2026;CENTRES"
21132;Chambœuf;21;4.9025;47.2276;2.672;2.459;380.664;384.0000000000001;;32230.0;;A_VALIDER;"APL;FILOS2023;COG2026;CENTRES"
21133;Chambolle-Musigny;21;4.9505;47.1871;3.419;3.206;280.277;268.0;;31700.0;;A_VALIDER;"APL;FILOS2023;COG2026;CENTRES"
21134;Chamesson;21;4.548;47.7789;2.01;1.022;251.327;241.0;;23500.0;;A_VALIDER;"APL;FILOS2023;COG2026;CENTRES"
21135;Champagne-sur-Vingeanne;21;5.4068;47.4411;2.592;2.592;316.728;313.0000000000002;;25360.0;;A_VALIDER;"APL;FILOS2023;COG2026;CENTRES"
21136;Champagny;21;4.7658;47.4612;3.87;1.622;28.115;27.0;;;;A_VALIDER;"APL;FILOS2023;COG2026;CENTRES"
21137;Champ-d'Oiseau;21;4.3495;47.5537;5.342;4.453;101.512;110.0000000000001;;25150.0;;A_VALIDER;"APL;FILOS2023;COG2026;CENTRES"
21138;Champdôtre;21;5.2968;47.1851;3.74;3.245;593.205;603.0000000000005;;27010.0;;A_VALIDER;"APL;FILOS2023;COG2026;CENTRES"
21139;Champeau-en-Morvan;21;4.1628;47.2726;2.512;2.512;250.771;222.9999999999995;;24410.0;;A_VALIDER;"APL;FILOS2023;COG2026;CENTRES"
21140;Champignolles;21;4.5695;47.0518;6.173;5.488;85.407;78.99999999999973;;;;A_VALIDER;"APL;FILOS2023;COG2026;CENTRES"
21141;Champrenault;21;4.6804;47.3997;0.328;0.328;39.602;37.00000000000001;;;;A_VALIDER;"APL;FILOS2023;COG2026;CENTRES"
21142;Chanceaux;21;4.7447;47.5253;3.85;1.081;212.911;206.0;;24690.0;;A_VALIDER;"APL;FILOS2023;COG2026;CENTRES"
21143;Channay;21;4.3161;47.8904;1.561;1.561;68.411;59.00000000000025;;;;A_VALIDER;"APL;FILOS2023;COG2026;CENTRES"
21144;Charencey;21;4.6702;47.4204;1.454;0.705;36.348;36.99999999999996;;;;A_VALIDER;"APL;FILOS2023;COG2026;CENTRES"
21145;Charigny;21;4.4245;47.4355;1.18;1.18;37.203;36.00000000000005;;;;A_VALIDER;"APL;FILOS2023;COG2026;CENTRES"
21146;Charmes;21;5.3535;47.37;2.567;2.281;116.114;119.0000000000001;;28050.0;;A_VALIDER;"APL;FILOS2023;COG2026;CENTRES"
21147;Charny;21;4.4249;47.3326;2.272;2.272;40.667;33.99999999999998;;;;A_VALIDER;"APL;FILOS2023;COG2026;CENTRES"
21148;Charrey-sur-Saône;21;5.1512;47.0982;3.511;3.025;326.728;333.0;;27350.0;;A_VALIDER;"APL;FILOS2023;COG2026;CENTRES"
21149;Charrey-sur-Seine;21;4.5396;47.951;2.759;2.302;147.711;137.0;;22760.0;;A_VALIDER;"APL;FILOS2023;COG2026;CENTRES"
21150;Chassagne-Montrachet;21;4.7282;46.9326;4.6;4.48;295.112;263.0;;36070.0;;A_VALIDER;"APL;FILOS2023;COG2026;CENTRES"
21151;Chassey;21;4.4448;47.4722;2.439;2.439;97.719;92.00000000000034;;;;A_VALIDER;"APL;FILOS2023;COG2026;CENTRES"
21152;Châteauneuf;21;4.6524;47.2175;1.87;1.87;89.703;80.9999999999998;;;;A_VALIDER;"APL;FILOS2023;COG2026;CENTRES"
21153;Châtellenot;21;4.4842;47.2357;1.903;1.903;162.883;162.9999999999999;;28170.0;;A_VALIDER;"APL;FILOS2023;COG2026;CENTRES"
21154;Châtillon-sur-Seine;21;4.582;47.8593;2.495;1.809;5755.104;5404.0;27.0;21250.0;;A_VALIDER;"APL;FILOS2023;COG2026;CENTRES"
21155;Chaudenay-la-Ville;21;4.6401;47.162;3.854;3.854;40.821;38.00000000000011;;;;A_VALIDER;"APL;FILOS2023;COG2026;CENTRES"
21156;Chaudenay-le-Château;21;4.6401;47.1801;2.973;2.973;44.926;48.0;;;;A_VALIDER;"APL;FILOS2023;COG2026;CENTRES"
21157;Chaugey;21;4.95;47.7467;1.091;0.902;23.886;24.0;;;;A_VALIDER;"APL;FILOS2023;COG2026;CENTRES"
21158;Chaume-et-Courchamp;21;5.3627;47.5793;3.196;3.196;174.685;182.9999999999993;;26040.0;;A_VALIDER;"APL;FILOS2023;COG2026;CENTRES"
21159;La Chaume;21;4.8273;47.8829;0.895;0.706;115.446;96.99999999999994;;;;A_VALIDER;"APL;FILOS2023;COG2026;CENTRES"
21160;Chaume-lès-Baigneux;21;4.5702;47.6353;2.966;0.0;105.473;104.9999999999999;;;;A_VALIDER;"APL;FILOS2023;COG2026;CENTRES"
21161;Chaumont-le-Bois;21;4.5899;47.9381;2.394;1.937;77.676;79.0;;;;A_VALIDER;"APL;FILOS2023;COG2026;CENTRES"
21162;Chaux;21;4.9067;47.1268;2.843;2.724;462.461;483.9999999999985;;28120.0;;A_VALIDER;"APL;FILOS2023;COG2026;CENTRES"
21163;Chazeuil;21;5.2861;47.558;3.581;3.279;190.907;187.0000000000001;;25550.0;;A_VALIDER;"APL;FILOS2023;COG2026;CENTRES"
21164;Chazilly;21;4.5756;47.1854;4.934;4.934;149.557;147.9999999999999;;28020.0;;A_VALIDER;"APL;FILOS2023;COG2026;CENTRES"
21165;Chemin-d'Aisey;21;4.555;47.7322;1.593;0.0;64.897;63.0;;;;A_VALIDER;"APL;FILOS2023;COG2026;CENTRES"
21166;Chenôve;21;5.0001;47.2911;5.927;5.485;14264.853;14299.0;29.0;20810.0;;A_VALIDER;"APL;FILOS2023;COG2026;CENTRES"
21167;Cheuge;21;5.379;47.3881;2.529;2.242;120.874;119.0000000000001;;27390.0;;A_VALIDER;"APL;FILOS2023;COG2026;CENTRES"
21168;Chevannay;21;4.6527;47.3905;1.106;1.106;36.633;34.99999999999999;;;;A_VALIDER;"APL;FILOS2023;COG2026;CENTRES"
21169;Chevannes;21;4.8338;47.1586;1.612;1.612;171.0;169.0000000000001;;31320.0;;A_VALIDER;"APL;FILOS2023;COG2026;CENTRES"
21170;Chevigny-en-Valière;21;4.9788;46.9703;1.72;1.601;387.273;408.9999999999998;;27320.0;;A_VALIDER;"APL;FILOS2023;COG2026;CENTRES"
21171;Chevigny-Saint-Sauveur;21;5.132;47.2986;3.811;3.618;10802.595;10895.0;11.0;26310.0;;A_VALIDER;"APL;FILOS2023;COG2026;CENTRES"
21172;Chivres;21;5.0887;46.9644;2.648;2.648;282.764;275.0;;25970.0;;A_VALIDER;"APL;FILOS2023;COG2026;CENTRES"
21173;Chorey-les-Beaune;21;4.8716;47.0519;4.501;4.144;604.364;596.0;;30630.0;;A_VALIDER;"APL;FILOS2023;COG2026;CENTRES"
21175;Cirey-lès-Pontailler;21;5.313;47.3049;2.423;2.136;177.382;179.9999999999999;;29200.0;;A_VALIDER;"APL;FILOS2023;COG2026;CENTRES"
21176;Civry-en-Montagne;21;4.6073;47.2871;4.648;4.52;123.766;129.0000000000003;;30140.0;;A_VALIDER;"APL;FILOS2023;COG2026;CENTRES"
21177;Clamerey;21;4.4207;47.3925;3.442;3.442;190.548;180.9999999999998;;25690.0;;A_VALIDER;"APL;FILOS2023;COG2026;CENTRES"
21178;Valforêt;21;4.8666;47.2482;1.408;1.297;328.62;322.0;;28370.0;;A_VALIDER;"APL;FILOS2023;COG2026;CENTRES"
21179;Clénay;21;5.1136;47.4119;2.1;2.008;892.066;904.0000000000016;;32780.0;;A_VALIDER;"APL;FILOS2023;COG2026;CENTRES"
21180;Cléry;21;5.5003;47.2959;2.892;2.463;159.18;160.0000000000003;;24260.0;;A_VALIDER;"APL;FILOS2023;COG2026;CENTRES"
21181;Clomot;21;4.4849;47.1923;3.852;3.852;117.941;121.0;;25430.0;;A_VALIDER;"APL;FILOS2023;COG2026;CENTRES"
21182;Collonges-lès-Bévy;21;4.838;47.1707;1.906;1.88;90.558;98.99999999999955;;;;A_VALIDER;"APL;FILOS2023;COG2026;CENTRES"
21183;Collonges-et-Premières;21;5.2915;47.2303;2.459;2.298;1002.917;1067.000000000001;;27320.0;;A_VALIDER;"APL;FILOS2023;COG2026;CENTRES"
21184;Colombier;21;4.6772;47.1692;1.964;1.836;67.423;66.0;;;;A_VALIDER;"APL;FILOS2023;COG2026;CENTRES"
21185;Combertault;21;4.9022;46.9925;4.534;4.176;509.017;539.0000000000003;;31790.0;;A_VALIDER;"APL;FILOS2023;COG2026;CENTRES"
21186;Comblanchien;21;4.9216;47.1037;2.832;2.712;591.664;604.0000000000001;;26940.0;;A_VALIDER;"APL;FILOS2023;COG2026;CENTRES"
21187;Commarin;21;4.6532;47.2499;2.753;2.625;138.452;121.0;;25190.0;;A_VALIDER;"APL;FILOS2023;COG2026;CENTRES"
21189;Corberon;21;5.0127;47.0108;2.464;2.345;426.708;428.9999999999993;;30170.0;;A_VALIDER;"APL;FILOS2023;COG2026;CENTRES"
21190;Corcelles-les-Arts;21;4.798;46.9459;3.531;3.412;429.452;435.0000000000005;;30140.0;;A_VALIDER;"APL;FILOS2023;COG2026;CENTRES"
21191;Corcelles-lès-Cîteaux;21;5.0817;47.1688;2.752;2.538;822.657;831.0000000000025;;29370.0;;A_VALIDER;"APL;FILOS2023;COG2026;CENTRES"
21192;Corcelles-les-Monts;21;4.9452;47.3033;2.795;2.444;694.361;654.0000000000005;;32250.0;;A_VALIDER;"APL;FILOS2023;COG2026;CENTRES"
21193;Corgengoux;21;5.0129;46.9866;2.513;2.394;378.448;380.9999999999995;;29530.0;;A_VALIDER;"APL;FILOS2023;COG2026;CENTRES"
21194;Corgoloin;21;4.9354;47.081;3.684;3.445;981.081;968.0000000000013;;27320.0;;A_VALIDER;"APL;FILOS2023;COG2026;CENTRES"
21195;Cormot-Vauchignon;21;4.6438;46.9772;3.659;3.317;214.561;210.0;;26230.0;;A_VALIDER;"APL;FILOS2023;COG2026;CENTRES"
21196;Corpeau;21;4.7608;46.9286;4.256;4.137;949.873;962.0000000000002;;27130.0;;A_VALIDER;"APL;FILOS2023;COG2026;CENTRES"
21197;Corpoyer-la-Chapelle;21;4.6096;47.5514;1.052;0.418;42.353;37.0;;;;A_VALIDER;"APL;FILOS2023;COG2026;CENTRES"
21198;Corrombles;21;4.2024;47.5192;3.485;3.188;251.507;242.0;;25820.0;;A_VALIDER;"APL;FILOS2023;COG2026;CENTRES"
21199;Corsaint;21;4.2038;47.5515;1.971;1.971;131.813;131.0;;24050.0;;A_VALIDER;"APL;FILOS2023;COG2026;CENTRES"
21200;Couchey;21;4.9634;47.2598;4.612;4.248;1170.436;1108.000000000002;;30950.0;;A_VALIDER;"APL;FILOS2023;COG2026;CENTRES"
21201;Coulmier-le-Sec;21;4.4928;47.7535;1.894;0.603;248.552;239.9999999999999;;25890.0;;A_VALIDER;"APL;FILOS2023;COG2026;CENTRES"
21202;Courban;21;4.747;47.9093;2.765;2.536;151.465;140.0;;25860.0;;A_VALIDER;"APL;FILOS2023;COG2026;CENTRES"
21203;Courcelles-Frémoy;21;4.1884;47.4488;3.121;2.527;152.442;148.0;;25740.0;;A_VALIDER;"APL;FILOS2023;COG2026;CENTRES"
21204;Courcelles-lès-Montbard;21;4.3945;47.5921;3.738;2.85;92.28;87.00000000000021;;;;A_VALIDER;"APL;FILOS2023;COG2026;CENTRES"
21205;Courcelles-lès-Semur;21;4.2918;47.4489;3.842;3.842;240.325;227.9999999999992;;26180.0;;A_VALIDER;"APL;FILOS2023;COG2026;CENTRES"
21207;Courlon;21;5.0124;47.646;2.092;2.092;77.757;75.99999999999999;;;;A_VALIDER;"APL;FILOS2023;COG2026;CENTRES"
21208;Courtivron;21;4.95;47.5315;1.306;1.15;166.902;161.9999999999999;;25880.0;;A_VALIDER;"APL;FILOS2023;COG2026;CENTRES"
21209;Couternon;21;5.1501;47.3303;4.943;4.686;1900.824;1902.999999999996;;32900.0;;A_VALIDER;"APL;FILOS2023;COG2026;CENTRES"
21210;Créancey;21;4.5954;47.2557;3.621;3.493;520.699;520.0;;25340.0;;A_VALIDER;"APL;FILOS2023;COG2026;CENTRES"
21211;Crécey-sur-Tille;21;5.1426;47.5697;5.525;4.911;131.924;125.0000000000001;;30690.0;;A_VALIDER;"APL;FILOS2023;COG2026;CENTRES"
21212;Crépand;21;4.3082;47.6059;4.772;3.439;334.53;317.0;;25410.0;;A_VALIDER;"APL;FILOS2023;COG2026;CENTRES"
21214;Crugey;21;4.68;47.1808;2.915;2.787;172.98;166.9999999999996;;23940.0;;A_VALIDER;"APL;FILOS2023;COG2026;CENTRES"
21215;Cuiserey;21;5.3197;47.3715;2.402;2.259;163.86;174.0;;28850.0;;A_VALIDER;"APL;FILOS2023;COG2026;CENTRES"
21216;Culètre;21;4.5668;47.1477;4.921;4.921;100.956;100.9999999999998;;;;A_VALIDER;"APL;FILOS2023;COG2026;CENTRES"
21217;Curley;21;4.9111;47.2027;2.305;2.194;135.167;139.0;;27020.0;;A_VALIDER;"APL;FILOS2023;COG2026;CENTRES"
21218;Curtil-Saint-Seine;21;4.9259;47.4637;0.326;0.326;110.979;113.0000000000001;;30670.0;;A_VALIDER;"APL;FILOS2023;COG2026;CENTRES"
21219;Curtil-Vergy;21;4.8932;47.1715;1.976;1.95;147.102;155.9999999999999;;31220.0;;A_VALIDER;"APL;FILOS2023;COG2026;CENTRES"
21220;Cussey-les-Forges;21;5.0845;47.6391;1.882;1.882;151.592;146.9999999999995;;27310.0;;A_VALIDER;"APL;FILOS2023;COG2026;CENTRES"
21221;Cussy-la-Colonne;21;4.6491;47.0437;4.031;3.689;42.432;44.00000000000001;;;;A_VALIDER;"APL;FILOS2023;COG2026;CENTRES"
21222;Cussy-le-Châtel;21;4.5817;47.1623;5.873;5.873;132.377;119.9999999999997;;25350.0;;A_VALIDER;"APL;FILOS2023;COG2026;CENTRES"
21223;Daix;21;4.9729;47.3635;3.372;3.038;1635.291;1519.999999999998;;37320.0;;A_VALIDER;"APL;FILOS2023;COG2026;CENTRES"
21224;Dampierre-en-Montagne;21;4.5534;47.4428;2.827;2.827;63.138;61.00000000000001;;;;A_VALIDER;"APL;FILOS2023;COG2026;CENTRES"
21225;Dampierre-et-Flée;21;5.3549;47.4823;3.094;3.094;136.236;135.9999999999999;;27570.0;;A_VALIDER;"APL;FILOS2023;COG2026;CENTRES"
21226;Darcey;21;4.5651;47.548;1.47;0.835;328.778;331.9999999999997;;24120.0;;A_VALIDER;"APL;FILOS2023;COG2026;CENTRES"
21227;Darois;21;4.9347;47.396;3.922;2.911;538.74;490.0;;34720.0;;A_VALIDER;"APL;FILOS2023;COG2026;CENTRES"
21228;Détain-et-Bruant;21;4.7888;47.1734;1.127;0.999;136.538;142.0000000000001;;25350.0;;A_VALIDER;"APL;FILOS2023;COG2026;CENTRES"
21229;Diancey;21;4.3632;47.173;1.575;1.575;106.107;97.9999999999999;;;;A_VALIDER;"APL;FILOS2023;COG2026;CENTRES"
21230;Diénay;21;5.0562;47.5216;4.332;3.718;363.843;382.9999999999998;;30530.0;;A_VALIDER;"APL;FILOS2023;COG2026;CENTRES"
21231;Dijon;21;5.0322;47.3319;4.543;4.208;154644.553;159941.0;19.2;25140.0;;A_VALIDER;"APL;FILOS2023;COG2026;CENTRES"
21232;Dompierre-en-Morvan;21;4.2348;47.3999;3.267;2.674;202.953;199.9999999999998;;22950.0;;A_VALIDER;"APL;FILOS2023;COG2026;CENTRES"
21233;Drambon;21;5.3778;47.3346;2.446;2.016;178.422;186.0000000000006;;26670.0;;A_VALIDER;"APL;FILOS2023;COG2026;CENTRES"
21234;Drée;21;4.6985;47.3437;2.273;2.087;66.582;66.0;;;;A_VALIDER;"APL;FILOS2023;COG2026;CENTRES"
21235;Duesme;21;4.6941;47.6385;1.504;0.235;47.371;46.0;;;;A_VALIDER;"APL;FILOS2023;COG2026;CENTRES"
21236;Ébaty;21;4.7799;46.9282;3.933;3.814;243.707;254.9999999999992;;27110.0;;A_VALIDER;"APL;FILOS2023;COG2026;CENTRES"
21237;Échalot;21;4.8331;47.6059;0.156;0.156;102.288;97.00000000000026;;;;A_VALIDER;"APL;FILOS2023;COG2026;CENTRES"
21238;Échannay;21;4.6806;47.2775;3.424;3.11;133.803;134.9999999999996;;27880.0;;A_VALIDER;"APL;FILOS2023;COG2026;CENTRES"
21239;Échenon;21;5.2889;47.123;3.058;2.445;747.857;766.0;;24780.0;;A_VALIDER;"APL;FILOS2023;COG2026;CENTRES"
21240;Échevannes;21;5.1544;47.5456;4.593;3.906;270.604;294.9999999999998;;28320.0;;A_VALIDER;"APL;FILOS2023;COG2026;CENTRES"
21241;Échevronne;21;4.8299;47.1075;3.215;2.977;306.605;308.9999999999999;;32270.0;;A_VALIDER;"APL;FILOS2023;COG2026;CENTRES"
21242;Échigey;21;5.199;47.1769;3.21;2.812;284.706;307.0000000000003;;24710.0;;A_VALIDER;"APL;FILOS2023;COG2026;CENTRES"
21243;Écutigny;21;4.6214;47.0827;4.192;4.192;81.339;79.0;;;;A_VALIDER;"APL;FILOS2023;COG2026;CENTRES"
21244;Éguilly;21;4.4994;47.3028;3.961;3.961;70.732;70.00000000000011;;;;A_VALIDER;"APL;FILOS2023;COG2026;CENTRES"
21245;Épagny;21;5.0453;47.4511;3.933;3.685;315.056;325.0000000000004;;31000.0;;A_VALIDER;"APL;FILOS2023;COG2026;CENTRES"
21246;Épernay-sous-Gevrey;21;5.0359;47.1721;2.288;2.085;158.399;156.0;;29590.0;;A_VALIDER;"APL;FILOS2023;COG2026;CENTRES"
21247;Époisses;21;4.1762;47.506;3.098;2.802;770.922;724.0;;23180.0;;A_VALIDER;"APL;FILOS2023;COG2026;CENTRES"
21248;Éringes;21;4.4628;47.586;2.818;1.842;60.791;56.99999999999984;;;;A_VALIDER;"APL;FILOS2023;COG2026;CENTRES"
21249;Esbarres;21;5.2004;47.0902;3.233;2.583;676.546;680.9999999999999;;25690.0;;A_VALIDER;"APL;FILOS2023;COG2026;CENTRES"
21250;Essarois;21;4.7923;47.758;0.456;0.078;90.583;83.99999999999964;;;;A_VALIDER;"APL;FILOS2023;COG2026;CENTRES"
21251;Essey;21;4.5203;47.2053;3.83;3.83;296.282;308.0;;26540.0;;A_VALIDER;"APL;FILOS2023;COG2026;CENTRES"
21252;Étais;21;4.4434;47.7046;2.514;1.007;83.54;76.0;;;;A_VALIDER;"APL;FILOS2023;COG2026;CENTRES"
21253;Étalante;21;4.7657;47.6286;1.504;0.235;139.52;128.0000000000001;;23530.0;;A_VALIDER;"APL;FILOS2023;COG2026;CENTRES"
21254;L'Étang-Vergy;21;4.8763;47.1842;1.976;1.95;196.365;203.0;;31000.0;;A_VALIDER;"APL;FILOS2023;COG2026;CENTRES"
21255;Étaules;21;4.9528;47.4127;2.593;2.331;338.791;349.0000000000001;;35790.0;;A_VALIDER;"APL;FILOS2023;COG2026;CENTRES"
21256;Étevaux;21;5.3211;47.3228;2.824;2.537;308.682;316.0;;29340.0;;A_VALIDER;"APL;FILOS2023;COG2026;CENTRES"
21257;Étormay;21;4.5825;47.598;3.384;0.418;63.048;66.00000000000006;;;;A_VALIDER;"APL;FILOS2023;COG2026;CENTRES"
21258;Étrochey;21;4.5199;47.8908;3.38;2.695;215.052;207.0;;26270.0;;A_VALIDER;"APL;FILOS2023;COG2026;CENTRES"
21259;Fain-lès-Montbard;21;4.4062;47.6183;5.19;3.857;291.839;273.0000000000005;;27000.0;;A_VALIDER;"APL;FILOS2023;COG2026;CENTRES"
21260;Fain-lès-Moutiers;21;4.2153;47.5861;2.505;2.06;152.857;151.9999999999994;;23450.0;;A_VALIDER;"APL;FILOS2023;COG2026;CENTRES"
21261;Fauverney;21;5.1511;47.2636;4.669;4.448;626.479;619.999999999999;;29930.0;;A_VALIDER;"APL;FILOS2023;COG2026;CENTRES"
21262;Faverolles-lès-Lucey;21;4.8652;47.8264;0.378;0.0;35.392;29.0;;;;A_VALIDER;"APL;FILOS2023;COG2026;CENTRES"
21263;Fénay;21;5.054;47.2452;5.4;5.019;1735.837;1723.999999999999;;30710.0;;A_VALIDER;"APL;FILOS2023;COG2026;CENTRES"
21264;Le Fête;21;4.5099;47.1808;3.852;3.852;47.079;44.99999999999997;;;;A_VALIDER;"APL;FILOS2023;COG2026;CENTRES"
21265;Fixin;21;4.9633;47.2483;4.067;3.712;779.0;717.0000000000009;;33230.0;;A_VALIDER;"APL;FILOS2023;COG2026;CENTRES"
21266;Flacey;21;5.1355;47.4356;3.328;3.026;202.994;210.0;;29220.0;;A_VALIDER;"APL;FILOS2023;COG2026;CENTRES"
21267;Flagey-Echézeaux;21;4.9744;47.1611;3.184;2.94;521.806;494.0000000000002;;30590.0;;A_VALIDER;"APL;FILOS2023;COG2026;CENTRES"
21268;Flagey-lès-Auxonne;21;5.393;47.131;2.76;2.418;210.077;205.9999999999999;;25300.0;;A_VALIDER;"APL;FILOS2023;COG2026;CENTRES"
21269;Flammerans;21;5.4362;47.2309;2.996;2.628;440.434;452.9999999999995;;28260.0;;A_VALIDER;"APL;FILOS2023;COG2026;CENTRES"
21270;Flavignerot;21;4.9173;47.2786;1.125;0.934;231.634;231.0;;33270.0;;A_VALIDER;"APL;FILOS2023;COG2026;CENTRES"
21271;Flavigny-sur-Ozerain;21;4.5193;47.5032;1.777;1.777;303.077;273.9999999999998;;27630.0;;A_VALIDER;"APL;FILOS2023;COG2026;CENTRES"
21272;Le Val-Larrey;21;4.3206;47.4357;2.737;2.737;276.786;272.0000000000002;;24940.0;;A_VALIDER;"APL;FILOS2023;COG2026;CENTRES"
21273;Fleurey-sur-Ouche;21;4.859;47.2992;4.2;3.624;1565.475;1497.999999999999;;31510.0;;A_VALIDER;"APL;FILOS2023;COG2026;CENTRES"
21274;Foissy;21;4.5543;47.1256;5.037;5.037;171.975;169.0000000000002;;26020.0;;A_VALIDER;"APL;FILOS2023;COG2026;CENTRES"
21275;Foncegrive;21;5.1409;47.6184;2.232;2.159;138.152;128.0000000000005;;26740.0;;A_VALIDER;"APL;FILOS2023;COG2026;CENTRES"
21276;Fontaines-en-Duesmois;21;4.5281;47.6488;2.863;0.0;123.969;117.0;;21720.0;;A_VALIDER;"APL;FILOS2023;COG2026;CENTRES"
21277;Fontaine-Française;21;5.3587;47.5268;2.74;2.74;895.91;888.0000000000002;;25190.0;;A_VALIDER;"APL;FILOS2023;COG2026;CENTRES"
21278;Fontaine-lès-Dijon;21;5.025;47.3477;4.951;4.492;9706.264;9031.999999999993;7.0;31830.0;;A_VALIDER;"APL;FILOS2023;COG2026;CENTRES"
21279;Fontaines-les-Sèches;21;4.359;47.7855;1.041;1.041;31.157;26.0;;;;A_VALIDER;"APL;FILOS2023;COG2026;CENTRES"
21280;Fontangy;21;4.3684;47.3446;1.827;1.827;171.68;157.0;;25410.0;;A_VALIDER;"APL;FILOS2023;COG2026;CENTRES"
21281;Fontenelle;21;5.3636;47.5029;2.376;2.376;157.996;169.0;;26370.0;;A_VALIDER;"APL;FILOS2023;COG2026;CENTRES"
21282;Forléans;21;4.2051;47.4702;4.293;3.996;115.078;112.0;;23620.0;;A_VALIDER;"APL;FILOS2023;COG2026;CENTRES"
21283;Fraignot-et-Vesvrotte;21;4.9348;47.6502;1.395;1.395;72.659;72.0;;;;A_VALIDER;"APL;FILOS2023;COG2026;CENTRES"
21284;Francheville;21;4.8852;47.4556;2.638;1.139;253.629;258.0;;27730.0;;A_VALIDER;"APL;FILOS2023;COG2026;CENTRES"
21285;Franxault;21;5.2658;47.0467;2.706;2.212;509.638;508.9999999999995;;25630.0;;A_VALIDER;"APL;FILOS2023;COG2026;CENTRES"
21286;Frénois;21;4.8909;47.5251;1.29;0.541;93.45;92.99999999999986;;;;A_VALIDER;"APL;FILOS2023;COG2026;CENTRES"
21287;Fresnes;21;4.4377;47.6076;3.852;2.432;158.285;154.0;;24900.0;;A_VALIDER;"APL;FILOS2023;COG2026;CENTRES"
21288;Frôlois;21;4.6454;47.5353;1.27;0.0;171.258;163.9999999999999;;24600.0;;A_VALIDER;"APL;FILOS2023;COG2026;CENTRES"
21289;Fussey;21;4.8195;47.1318;2.717;2.598;119.317;122.0;;28610.0;;A_VALIDER;"APL;FILOS2023;COG2026;CENTRES"
21290;Gemeaux;21;5.1498;47.4738;4.023;3.491;916.52;968.0;;29060.0;;A_VALIDER;"APL;FILOS2023;COG2026;CENTRES"
21291;Genay;21;4.2868;47.5216;4.777;4.333;382.213;382.0000000000004;;25980.0;;A_VALIDER;"APL;FILOS2023;COG2026;CENTRES"
21292;Genlis;21;5.2196;47.2403;3.724;3.493;5179.456;5124.999999999999;11.0;25590.0;;A_VALIDER;"APL;FILOS2023;COG2026;CENTRES"
21293;Gergueil;21;4.8123;47.2381;1.443;1.257;126.52;127.0;;28540.0;;A_VALIDER;"APL;FILOS2023;COG2026;CENTRES"
21294;Gerland;21;5.0307;47.1029;1.796;1.796;430.159;441.0;;30440.0;;A_VALIDER;"APL;FILOS2023;COG2026;CENTRES"
21295;Gevrey-Chambertin;21;4.9865;47.2188;4.003;3.68;3045.245;2983.000000000002;12.0;26860.0;;A_VALIDER;"APL;FILOS2023;COG2026;CENTRES"
21296;Gevrolles;21;4.7512;47.987;2.8;2.8;181.214;166.9999999999993;;28110.0;;A_VALIDER;"APL;FILOS2023;COG2026;CENTRES"
21297;Gilly-lès-Cîteaux;21;4.9956;47.1748;3.162;2.994;726.354;728.9999999999995;;32310.0;;A_VALIDER;"APL;FILOS2023;COG2026;CENTRES"
21298;Gissey-le-Vieil;21;4.4852;47.3211;2.846;2.846;104.6;104.0;;28000.0;;A_VALIDER;"APL;FILOS2023;COG2026;CENTRES"
21299;Gissey-sous-Flavigny;21;4.5848;47.5149;0.418;0.418;103.03;93.0;;25240.0;;A_VALIDER;"APL;FILOS2023;COG2026;CENTRES"
21300;Gissey-sur-Ouche;21;4.7749;47.2594;2.52;2.078;355.253;356.9999999999995;;29000.0;;A_VALIDER;"APL;FILOS2023;COG2026;CENTRES"
21301;Glanon;21;5.1089;47.0398;2.421;2.421;263.245;275.0;;27230.0;;A_VALIDER;"APL;FILOS2023;COG2026;CENTRES"
21302;Gomméville;21;4.4885;47.9534;2.674;2.094;124.337;115.9999999999999;;23970.0;;A_VALIDER;"APL;FILOS2023;COG2026;CENTRES"
21303;Les Goulles;21;4.9041;47.8783;0.189;0.0;17.053;17.0;;;;A_VALIDER;"APL;FILOS2023;COG2026;CENTRES"
21304;Grancey-le-Château-Neuvelle;21;5.0117;47.6699;2.092;2.092;257.905;262.0000000000005;;26780.0;;A_VALIDER;"APL;FILOS2023;COG2026;CENTRES"
21305;Grancey-sur-Ource;21;4.5786;47.9977;1.711;0.731;190.675;178.9999999999992;;22240.0;;A_VALIDER;"APL;FILOS2023;COG2026;CENTRES"
21306;Grenant-lès-Sombernon;21;4.7118;47.269;3.353;3.039;202.209;216.0;;27950.0;;A_VALIDER;"APL;FILOS2023;COG2026;CENTRES"
21307;Grésigny-Sainte-Reine;21;4.4977;47.5499;2.418;1.253;156.064;147.0;;29160.0;;A_VALIDER;"APL;FILOS2023;COG2026;CENTRES"
21308;Grignon;21;4.4;47.5552;2.055;2.055;196.18;191.0000000000005;;25050.0;;A_VALIDER;"APL;FILOS2023;COG2026;CENTRES"
21309;Griselles;21;4.3649;47.8759;1.745;1.745;103.179;92.0;;;;A_VALIDER;"APL;FILOS2023;COG2026;CENTRES"
21310;Grosbois-en-Montagne;21;4.6005;47.3194;3.248;3.248;112.883;111.0000000000001;;26880.0;;A_VALIDER;"APL;FILOS2023;COG2026;CENTRES"
21311;Grosbois-lès-Tichey;21;5.2374;47.0102;2.785;2.62;71.065;69.00000000000004;;;;A_VALIDER;"APL;FILOS2023;COG2026;CENTRES"
21312;Gurgy-la-Ville;21;4.939;47.8503;0.378;0.0;27.768;26.0;;;;A_VALIDER;"APL;FILOS2023;COG2026;CENTRES"
21313;Gurgy-le-Château;21;4.936;47.8349;0.378;0.0;52.007;44.99999999999988;;;;A_VALIDER;"APL;FILOS2023;COG2026;CENTRES"
21314;Hauteroche;21;4.5758;47.4872;1.36;1.36;84.309;76.99999999999984;;;;A_VALIDER;"APL;FILOS2023;COG2026;CENTRES"
21315;Hauteville-lès-Dijon;21;4.9781;47.3783;3.319;2.926;1276.525;1206.0;;35470.0;;A_VALIDER;"APL;FILOS2023;COG2026;CENTRES"
21316;Heuilley-sur-Saône;21;5.464;47.3377;1.615;1.185;340.066;334.0000000000001;;23780.0;;A_VALIDER;"APL;FILOS2023;COG2026;CENTRES"
21317;Is-sur-Tille;21;5.1136;47.5252;5.466;4.778;4415.564;4308.0;14.0;25510.0;;A_VALIDER;"APL;FILOS2023;COG2026;CENTRES"
21319;Izeure;21;5.1253;47.1653;2.846;2.447;875.692;907.0000000000007;;28310.0;;A_VALIDER;"APL;FILOS2023;COG2026;CENTRES"
21320;Izier;21;5.1972;47.2789;2.623;2.59;737.341;787.9999999999999;;29660.0;;A_VALIDER;"APL;FILOS2023;COG2026;CENTRES"
21321;Jailly-les-Moulins;21;4.594;47.4612;1.885;1.885;86.396;76.0;;;;A_VALIDER;"APL;FILOS2023;COG2026;CENTRES"
21322;Jallanges;21;5.1692;46.9844;2.514;2.514;319.367;309.0000000000003;;26020.0;;A_VALIDER;"APL;FILOS2023;COG2026;CENTRES"
21323;Jancigny;21;5.424;47.382;1.707;1.421;146.854;153.0;;27750.0;;A_VALIDER;"APL;FILOS2023;COG2026;CENTRES"
21324;Jeux-lès-Bard;21;4.2556;47.5302;2.522;2.522;48.363;53.00000000000001;;;;A_VALIDER;"APL;FILOS2023;COG2026;CENTRES"
21325;Jouey;21;4.4403;47.1569;2.83;2.83;197.035;190.0000000000003;;27460.0;;A_VALIDER;"APL;FILOS2023;COG2026;CENTRES"
21326;Jours-lès-Baigneux;21;4.6062;47.6296;3.045;0.078;96.185;91.0;;;;A_VALIDER;"APL;FILOS2023;COG2026;CENTRES"
21327;Val-Mont;21;4.6177;47.0317;3.877;3.534;266.874;250.0000000000002;;26430.0;;A_VALIDER;"APL;FILOS2023;COG2026;CENTRES"
21328;Juillenay;21;4.2686;47.3579;2.687;2.687;56.431;52.00000000000008;;;;A_VALIDER;"APL;FILOS2023;COG2026;CENTRES"
21329;Juilly;21;4.4007;47.4893;3.241;3.241;45.369;40.99999999999995;;;;A_VALIDER;"APL;FILOS2023;COG2026;CENTRES"
21330;Labergement-Foigney;21;5.2468;47.2565;2.123;2.004;401.001;379.0000000000006;;29700.0;;A_VALIDER;"APL;FILOS2023;COG2026;CENTRES"
21331;Labergement-lès-Auxonne;21;5.3771;47.1603;2.827;2.486;350.522;343.9999999999999;;25760.0;;A_VALIDER;"APL;FILOS2023;COG2026;CENTRES"
21332;Labergement-lès-Seurre;21;5.0876;46.9977;2.555;2.555;1060.153;1012.0;;25610.0;;A_VALIDER;"APL;FILOS2023;COG2026;CENTRES"
21333;Labruyère;21;5.1441;47.0393;2.763;2.599;228.131;232.0;;26050.0;;A_VALIDER;"APL;FILOS2023;COG2026;CENTRES"
21334;Lacanche;21;4.5576;47.0781;5.164;4.821;506.185;477.0000000000009;;23540.0;;A_VALIDER;"APL;FILOS2023;COG2026;CENTRES"
21335;Lacour-d'Arcenay;21;4.2313;47.3586;2.984;2.687;112.068;108.0000000000001;;25440.0;;A_VALIDER;"APL;FILOS2023;COG2026;CENTRES"
21336;Laignes;21;4.3688;47.8278;1.745;1.745;757.435;669.0000000000013;;23710.0;;A_VALIDER;"APL;FILOS2023;COG2026;CENTRES"
21337;Lamarche-sur-Saône;21;5.3711;47.2743;1.656;1.144;1372.214;1375.0;;24800.0;;A_VALIDER;"APL;FILOS2023;COG2026;CENTRES"
21338;Lamargelle;21;4.8376;47.5156;1.29;0.541;148.848;145.0;;30080.0;;A_VALIDER;"APL;FILOS2023;COG2026;CENTRES"
21339;Lantenay;21;4.8672;47.3435;2.136;1.819;485.977;501.0000000000001;;30280.0;;A_VALIDER;"APL;FILOS2023;COG2026;CENTRES"
21340;Lanthes;21;5.2033;46.9992;2.421;2.421;243.716;254.9999999999999;;25240.0;;A_VALIDER;"APL;FILOS2023;COG2026;CENTRES"
21341;Lantilly;21;4.3782;47.5416;4.308;3.864;92.403;99.00000000000001;;;;A_VALIDER;"APL;FILOS2023;COG2026;CENTRES"
21342;Laperrière-sur-Saône;21;5.3513;47.1071;4.006;3.541;424.076;429.0000000000002;;25680.0;;A_VALIDER;"APL;FILOS2023;COG2026;CENTRES"
21343;Larrey;21;4.4273;47.8986;2.056;1.828;101.936;96.0;;;;A_VALIDER;"APL;FILOS2023;COG2026;CENTRES"
21344;Lechâtelet;21;5.1391;47.0535;3.334;3.091;240.806;233.0;;25590.0;;A_VALIDER;"APL;FILOS2023;COG2026;CENTRES"
21345;Léry;21;4.8496;47.5559;1.29;0.541;218.255;203.0;;23510.0;;A_VALIDER;"APL;FILOS2023;COG2026;CENTRES"
21346;Leuglay;21;4.8235;47.8164;0.567;0.0;317.802;293.9999999999996;;21700.0;;A_VALIDER;"APL;FILOS2023;COG2026;CENTRES"
21347;Levernois;21;4.8712;46.9928;5.055;4.697;369.803;364.0000000000003;;36260.0;;A_VALIDER;"APL;FILOS2023;COG2026;CENTRES"
21348;Licey-sur-Vingeanne;21;5.3718;47.4853;3.094;3.094;99.181;100.0;;;;A_VALIDER;"APL;FILOS2023;COG2026;CENTRES"
21349;Liernais;21;4.2885;47.2213;1.388;1.388;533.11;484.9999999999998;;25360.0;;A_VALIDER;"APL;FILOS2023;COG2026;CENTRES"
21350;Lignerolles;21;4.8881;47.9004;1.388;1.388;56.339;57.00000000000024;;;;A_VALIDER;"APL;FILOS2023;COG2026;CENTRES"
21351;Longchamp;21;5.2925;47.2613;2.457;2.231;1137.302;1167.999999999998;;27510.0;;A_VALIDER;"APL;FILOS2023;COG2026;CENTRES"
21352;Longeault-Pluvault;21;5.2464;47.2099;3.232;2.865;1156.972;1154.0;;28030.0;;A_VALIDER;"APL;FILOS2023;COG2026;CENTRES"
21353;Longecourt-en-Plaine;21;5.1489;47.1978;3.042;2.793;1180.608;1185.0;;28790.0;;A_VALIDER;"APL;FILOS2023;COG2026;CENTRES"
21354;Longecourt-lès-Culêtre;21;4.5541;47.1601;5.803;5.803;62.95;55.0;;;;A_VALIDER;"APL;FILOS2023;COG2026;CENTRES"
21355;Longvic;21;5.0585;47.2855;6.507;6.134;8829.108;8787.0;17.0;24550.0;;A_VALIDER;"APL;FILOS2023;COG2026;CENTRES"
21356;Losne;21;5.282;47.0787;3.631;3.059;1692.456;1712.0;;24010.0;;A_VALIDER;"APL;FILOS2023;COG2026;CENTRES"
21357;Louesme;21;4.7626;47.8898;2.118;2.118;120.811;113.0000000000002;;25880.0;;A_VALIDER;"APL;FILOS2023;COG2026;CENTRES"
21358;Lucenay-le-Duc;21;4.5069;47.6278;2.749;0.418;193.085;197.0;;23890.0;;A_VALIDER;"APL;FILOS2023;COG2026;CENTRES"
21359;Lucey;21;4.8608;47.8546;1.084;0.706;62.821;55.99999999999995;;;;A_VALIDER;"APL;FILOS2023;COG2026;CENTRES"
21360;Lusigny-sur-Ouche;21;4.677;47.0792;3.184;3.184;109.532;116.0;;;;A_VALIDER;"APL;FILOS2023;COG2026;CENTRES"
21361;Lux;21;5.2197;47.4861;5.123;4.592;507.133;512.0000000000002;;27860.0;;A_VALIDER;"APL;FILOS2023;COG2026;CENTRES"
21362;Maconge;21;4.5787;47.2268;4.304;4.304;132.679;134.0000000000001;;25440.0;;A_VALIDER;"APL;FILOS2023;COG2026;CENTRES"
21363;Magnien;21;4.4343;47.1074;3.016;3.016;339.146;318.0;;26610.0;;A_VALIDER;"APL;FILOS2023;COG2026;CENTRES"
21364;Magny-Lambert;21;4.5884;47.6786;2.941;0.078;90.846;84.99999999999979;;;;A_VALIDER;"APL;FILOS2023;COG2026;CENTRES"
21365;Magny-la-Ville;21;4.4309;47.4791;2.439;2.439;78.016;74.00000000000016;;;;A_VALIDER;"APL;FILOS2023;COG2026;CENTRES"
21366;Magny-lès-Aubigny;21;5.1647;47.1107;2.73;2.245;224.216;220.0;;26970.0;;A_VALIDER;"APL;FILOS2023;COG2026;CENTRES"
21367;Magny-Montarlot;21;5.3466;47.247;2.498;2.088;253.124;261.0;;25860.0;;A_VALIDER;"APL;FILOS2023;COG2026;CENTRES"
21368;Magny-lès-Villers;21;4.8792;47.0929;3.973;3.734;240.424;233.0000000000003;;32960.0;;A_VALIDER;"APL;FILOS2023;COG2026;CENTRES"
21369;Magny-Saint-Médard;21;5.2517;47.3808;2.859;2.84;330.036;338.9999999999996;;30860.0;;A_VALIDER;"APL;FILOS2023;COG2026;CENTRES"
21370;Magny-sur-Tille;21;5.1691;47.2747;3.706;3.656;854.236;872.0;;29990.0;;A_VALIDER;"APL;FILOS2023;COG2026;CENTRES"
21371;Les Maillys;21;5.3279;47.1424;3.881;3.375;789.878;797.0000000000007;;25100.0;;A_VALIDER;"APL;FILOS2023;COG2026;CENTRES"
21372;Maisey-le-Duc;21;4.6823;47.8466;1.479;1.022;76.516;74.99999999999972;;;;A_VALIDER;"APL;FILOS2023;COG2026;CENTRES"
21373;Mâlain;21;4.7931;47.3204;3.039;2.594;768.678;782.0000000000006;;27690.0;;A_VALIDER;"APL;FILOS2023;COG2026;CENTRES"
21374;Maligny;21;4.5037;47.0814;5.128;4.785;192.822;174.9999999999999;;27540.0;;A_VALIDER;"APL;FILOS2023;COG2026;CENTRES"
21375;Manlay;21;4.3324;47.1206;1.299;1.299;229.5;198.9999999999999;;23070.0;;A_VALIDER;"APL;FILOS2023;COG2026;CENTRES"
21376;Marandeuil;21;5.3411;47.3454;2.446;2.016;86.944;97.00000000000007;;31270.0;;A_VALIDER;"APL;FILOS2023;COG2026;CENTRES"
21377;Marcellois;21;4.6185;47.3472;2.452;2.452;49.058;44.99999999999999;;;;A_VALIDER;"APL;FILOS2023;COG2026;CENTRES"
21378;Marcenay;21;4.4047;47.8596;2.577;2.348;101.893;98.0000000000001;;23030.0;;A_VALIDER;"APL;FILOS2023;COG2026;CENTRES"
21379;Marcheseuil;21;4.3751;47.1439;0.881;0.881;160.467;151.0;;26720.0;;A_VALIDER;"APL;FILOS2023;COG2026;CENTRES"
21380;Marcigny-sous-Thil;21;4.3846;47.3911;3.018;3.018;51.61;54.99999999999999;;;;A_VALIDER;"APL;FILOS2023;COG2026;CENTRES"
21381;Marcilly-et-Dracy;21;4.497;47.4049;2.827;2.827;97.687;86.00000000000013;;;;A_VALIDER;"APL;FILOS2023;COG2026;CENTRES"
21382;Marcilly-Ogny;21;4.4092;47.2467;0.0;0.0;205.802;192.0000000000001;;24990.0;;A_VALIDER;"APL;FILOS2023;COG2026;CENTRES"
21383;Marcilly-sur-Tille;21;5.1292;47.5127;4.903;4.216;1719.156;1734.000000000001;;27190.0;;A_VALIDER;"APL;FILOS2023;COG2026;CENTRES"
21384;Marey-lès-Fussey;21;4.8637;47.1209;2.713;2.594;88.793;84.0;;;;A_VALIDER;"APL;FILOS2023;COG2026;CENTRES"
21385;Marey-sur-Tille;21;5.087;47.5887;4.036;3.807;332.633;330.0000000000005;;25680.0;;A_VALIDER;"APL;FILOS2023;COG2026;CENTRES"
21386;Marigny-le-Cahouët;21;4.4454;47.4588;1.597;1.597;321.526;311.9999999999998;;25790.0;;A_VALIDER;"APL;FILOS2023;COG2026;CENTRES"
21387;Marigny-lès-Reullée;21;4.955;47.0076;2.634;2.395;210.88;213.9999999999992;;28170.0;;A_VALIDER;"APL;FILOS2023;COG2026;CENTRES"
21388;Marliens;21;5.1784;47.2168;3.354;2.956;567.125;613.9999999999999;;28790.0;;A_VALIDER;"APL;FILOS2023;COG2026;CENTRES"
21389;Marmagne;21;4.3842;47.6416;5.303;3.439;215.013;197.0;;28070.0;;A_VALIDER;"APL;FILOS2023;COG2026;CENTRES"
21390;Marsannay-la-Côte;21;4.9875;47.2803;4.71;4.337;5572.663;5440.00000000001;9.0;26780.0;;A_VALIDER;"APL;FILOS2023;COG2026;CENTRES"
21391;Marsannay-le-Bois;21;5.0968;47.4409;4.079;3.831;825.597;841.9999999999998;;32390.0;;A_VALIDER;"APL;FILOS2023;COG2026;CENTRES"
21392;Martrois;21;4.5483;47.3078;2.846;2.846;63.929;61.0;;;;A_VALIDER;"APL;FILOS2023;COG2026;CENTRES"
21393;Massingy;21;4.5999;47.9029;2.86;2.174;175.42;172.0;;25890.0;;A_VALIDER;"APL;FILOS2023;COG2026;CENTRES"
21394;Massingy-lès-Semur;21;4.4071;47.5179;3.659;3.659;157.29;152.0;;26600.0;;A_VALIDER;"APL;FILOS2023;COG2026;CENTRES"
21395;Massingy-lès-Vitteaux;21;4.5916;47.3961;2.827;2.827;95.227;91.99999999999991;;;;A_VALIDER;"APL;FILOS2023;COG2026;CENTRES"
21396;Mauvilly;21;4.713;47.7101;0.235;0.235;77.737;64.99999999999977;;;;A_VALIDER;"APL;FILOS2023;COG2026;CENTRES"
21397;Mavilly-Mandelot;21;4.7319;47.0617;3.583;3.464;175.824;173.0;;28730.0;;A_VALIDER;"APL;FILOS2023;COG2026;CENTRES"
21398;Maxilly-sur-Saône;21;5.4195;47.3301;1.615;1.185;366.956;366.9999999999998;;24550.0;;A_VALIDER;"APL;FILOS2023;COG2026;CENTRES"
21399;Meilly-sur-Rouvres;21;4.5528;47.2071;5.021;5.021;228.123;230.9999999999995;;27280.0;;A_VALIDER;"APL;FILOS2023;COG2026;CENTRES"
21400;Le Meix;21;4.9382;47.592;0.697;0.697;46.995;42.9999999999999;;;;A_VALIDER;"APL;FILOS2023;COG2026;CENTRES"
21401;Meloisey;21;4.7215;47.0352;4.571;4.333;336.607;321.0;;30920.0;;A_VALIDER;"APL;FILOS2023;COG2026;CENTRES"
21402;Menesble;21;4.9045;47.7828;0.567;0.0;15.982;16.0;;;;A_VALIDER;"APL;FILOS2023;COG2026;CENTRES"
21403;Ménessaire;21;4.149;47.1326;1.56;1.56;90.976;78.99999999999974;;;;A_VALIDER;"APL;FILOS2023;COG2026;CENTRES"
21404;Ménétreux-le-Pitois;21;4.4566;47.5606;2.704;2.26;423.57;393.0;;27930.0;;A_VALIDER;"APL;FILOS2023;COG2026;CENTRES"
21405;Merceuil;21;4.8494;46.9549;3.39;3.271;789.923;813.999999999998;;28290.0;;A_VALIDER;"APL;FILOS2023;COG2026;CENTRES"
21406;Mesmont;21;4.7429;47.3118;4.155;3.71;233.427;253.0;;28950.0;;A_VALIDER;"APL;FILOS2023;COG2026;CENTRES"
21407;Messanges;21;4.8678;47.1621;1.942;1.916;237.212;248.0;;32690.0;;A_VALIDER;"APL;FILOS2023;COG2026;CENTRES"
21408;Messigny-et-Vantoux;21;5.0008;47.4216;3.444;3.316;1871.882;1693.999999999998;;33860.0;;A_VALIDER;"APL;FILOS2023;COG2026;CENTRES"
21409;Meuilley;21;4.8792;47.139;3.089;2.97;431.444;420.0;;29720.0;;A_VALIDER;"APL;FILOS2023;COG2026;CENTRES"
21410;Meulson;21;4.7061;47.6918;0.869;0.235;30.984;27.99999999999999;;;;A_VALIDER;"APL;FILOS2023;COG2026;CENTRES"
21411;Meursanges;21;4.9482;46.9831;2.867;2.629;569.319;591.000000000001;;30090.0;;A_VALIDER;"APL;FILOS2023;COG2026;CENTRES"
21412;Meursault;21;4.7749;46.9717;4.419;4.181;1425.317;1376.0;;31000.0;;A_VALIDER;"APL;FILOS2023;COG2026;CENTRES"
21413;Millery;21;4.3124;47.5155;4.904;4.46;431.381;417.0000000000006;;28760.0;;A_VALIDER;"APL;FILOS2023;COG2026;CENTRES"
21414;Mimeure;21;4.4958;47.1546;3.782;3.782;322.391;325.9999999999997;;25920.0;;A_VALIDER;"APL;FILOS2023;COG2026;CENTRES"
21415;Minot;21;4.872;47.6651;0.775;0.775;202.329;188.0;;26510.0;;A_VALIDER;"APL;FILOS2023;COG2026;CENTRES"
21416;Mirebeau-sur-Bèze;21;5.3222;47.4054;3.202;3.058;1996.314;1937.000000000001;;26570.0;;A_VALIDER;"APL;FILOS2023;COG2026;CENTRES"
21417;Missery;21;4.377;47.309;1.45;1.45;115.687;104.9999999999999;;29080.0;;A_VALIDER;"APL;FILOS2023;COG2026;CENTRES"
21418;Moitron;21;4.8075;47.6829;0.235;0.235;54.978;55.00000000000001;;;;A_VALIDER;"APL;FILOS2023;COG2026;CENTRES"
21419;Molesme;21;4.3767;47.9455;1.643;0.941;281.403;274.0000000000001;;22040.0;;A_VALIDER;"APL;FILOS2023;COG2026;CENTRES"
21420;Molinot;21;4.5822;47.0117;4.33;3.646;168.44;166.0000000000001;;23900.0;;A_VALIDER;"APL;FILOS2023;COG2026;CENTRES"
21421;Moloy;21;4.9222;47.5391;0.775;0.775;234.44;235.0000000000001;;26870.0;;A_VALIDER;"APL;FILOS2023;COG2026;CENTRES"
21422;Molphey;21;4.2059;47.3337;3.73;3.433;133.532;130.0;;;;A_VALIDER;"APL;FILOS2023;COG2026;CENTRES"
21423;Montagny-lès-Beaune;21;4.8536;46.9845;5.923;5.463;783.919;772.0;;28880.0;;A_VALIDER;"APL;FILOS2023;COG2026;CENTRES"
21424;Montagny-lès-Seurre;21;5.2474;47.019;3.603;3.274;117.043;115.0000000000005;;25050.0;;A_VALIDER;"APL;FILOS2023;COG2026;CENTRES"
21425;Montbard;21;4.3443;47.6587;4.355;3.022;5141.363;4750.999999999989;22.0;22070.0;;A_VALIDER;"APL;FILOS2023;COG2026;CENTRES"
21426;Montberthault;21;4.1598;47.4573;2.608;2.014;229.206;216.9999999999999;;27360.0;;A_VALIDER;"APL;FILOS2023;COG2026;CENTRES"
21427;Montceau-et-Écharnant;21;4.6623;47.062;3.637;3.637;186.584;179.0000000000008;;29160.0;;A_VALIDER;"APL;FILOS2023;COG2026;CENTRES"
21428;Monthelie;21;4.7627;47.0007;4.661;4.422;159.072;146.0;;31650.0;;A_VALIDER;"APL;FILOS2023;COG2026;CENTRES"
21429;Montigny-Montfort;21;4.3387;47.5851;5.574;4.241;296.833;276.9999999999997;;27550.0;;A_VALIDER;"APL;FILOS2023;COG2026;CENTRES"
21430;Montigny-Saint-Barthélemy;21;4.2626;47.4206;2.616;2.616;84.793;81.99999999999994;;;;A_VALIDER;"APL;FILOS2023;COG2026;CENTRES"
21431;Montigny-sur-Armançon;21;4.3724;47.4398;3.68;3.68;158.536;157.0;;27870.0;;A_VALIDER;"APL;FILOS2023;COG2026;CENTRES"
21432;Montigny-sur-Aube;21;4.7515;47.9517;2.118;2.118;274.473;255.0;;25790.0;;A_VALIDER;"APL;FILOS2023;COG2026;CENTRES"
21433;Montigny-Mornay-Villeneuve-sur-Vingeanne;21;5.4422;47.5751;3.369;3.369;404.588;383.9999999999998;;24750.0;;A_VALIDER;"APL;FILOS2023;COG2026;CENTRES"
21434;Montlay-en-Auxois;21;4.2631;47.3356;2.951;2.951;184.582;195.0;;25320.0;;A_VALIDER;"APL;FILOS2023;COG2026;CENTRES"
21435;Montliot-et-Courcelles;21;4.5596;47.8951;2.86;2.174;306.209;292.0;;24500.0;;A_VALIDER;"APL;FILOS2023;COG2026;CENTRES"
21436;Montmain;21;5.0565;47.0281;1.906;1.906;132.251;139.0;;26710.0;;A_VALIDER;"APL;FILOS2023;COG2026;CENTRES"
21437;Montmançon;21;5.3746;47.3543;2.222;1.792;230.817;241.9999999999997;;28940.0;;A_VALIDER;"APL;FILOS2023;COG2026;CENTRES"
21438;Montmoyen;21;4.7955;47.7303;0.378;0.0;77.746;72.0;;;;A_VALIDER;"APL;FILOS2023;COG2026;CENTRES"
21439;Montoillot;21;4.6596;47.2729;3.225;3.039;96.421;94.00000000000016;;;;A_VALIDER;"APL;FILOS2023;COG2026;CENTRES"
21440;Montot;21;5.2422;47.1532;3.395;2.704;214.322;205.0;;26500.0;;A_VALIDER;"APL;FILOS2023;COG2026;CENTRES"
21441;Mont-Saint-Jean;21;4.4052;47.2853;0.378;0.378;282.863;257.0000000000001;;23440.0;;A_VALIDER;"APL;FILOS2023;COG2026;CENTRES"
21442;Morey-Saint-Denis;21;4.9649;47.2001;3.02;2.792;626.654;621.000000000001;;32160.0;;A_VALIDER;"APL;FILOS2023;COG2026;CENTRES"
21444;Mosson;21;4.6298;47.9198;2.369;1.912;71.987;68.0;;;;A_VALIDER;"APL;FILOS2023;COG2026;CENTRES"
21445;La Motte-Ternant;21;4.3222;47.3143;2.144;2.144;166.743;150.0;;23670.0;;A_VALIDER;"APL;FILOS2023;COG2026;CENTRES"
21446;Moutiers-Saint-Jean;21;4.227;47.5629;2.756;2.312;301.536;255.0000000000002;;24700.0;;A_VALIDER;"APL;FILOS2023;COG2026;CENTRES"
21447;Musigny;21;4.5222;47.1648;4.733;4.733;94.346;91.00000000000026;;;;A_VALIDER;"APL;FILOS2023;COG2026;CENTRES"
21448;Mussy-la-Fosse;21;4.4457;47.5201;2.055;2.055;94.918;95.0;;;;A_VALIDER;"APL;FILOS2023;COG2026;CENTRES"
21449;Nan-sous-Thil;21;4.359;47.3812;2.076;2.076;181.162;169.0;;26040.0;;A_VALIDER;"APL;FILOS2023;COG2026;CENTRES"
21450;Nantoux;21;4.7576;47.0344;4.102;3.864;179.433;168.0;;29130.0;;A_VALIDER;"APL;FILOS2023;COG2026;CENTRES"
21451;Nesle-et-Massoult;21;4.428;47.7787;1.699;0.939;81.806;79.0;;;;A_VALIDER;"APL;FILOS2023;COG2026;CENTRES"
21452;Neuilly-Crimolois;21;5.1143;47.2723;4.342;4.159;3371.06;3430.0;9.0;27040.0;;A_VALIDER;"APL;FILOS2023;COG2026;CENTRES"
21454;Nicey;21;4.2933;47.8676;1.561;1.561;128.072;108.0000000000001;;22470.0;;A_VALIDER;"APL;FILOS2023;COG2026;CENTRES"
21455;Nod-sur-Seine;21;4.5937;47.7689;1.709;0.419;210.592;206.0;;27170.0;;A_VALIDER;"APL;FILOS2023;COG2026;CENTRES"
21456;Nogent-lès-Montbard;21;4.3709;47.6025;5.19;3.857;165.925;153.0;;26620.0;;A_VALIDER;"APL;FILOS2023;COG2026;CENTRES"
21457;Noidan;21;4.4148;47.3453;2.65;2.65;92.503;86.99999999999993;;;;A_VALIDER;"APL;FILOS2023;COG2026;CENTRES"
21458;Noiron-sous-Gevrey;21;5.0852;47.1859;3.152;2.82;1082.98;1143.0;;29590.0;;A_VALIDER;"APL;FILOS2023;COG2026;CENTRES"
21459;Noiron-sur-Bèze;21;5.2965;47.4407;3.138;3.065;212.238;227.9999999999999;;28580.0;;A_VALIDER;"APL;FILOS2023;COG2026;CENTRES"
21460;Noiron-sur-Seine;21;4.4714;47.938;2.112;1.884;65.241;59.00000000000005;;;;A_VALIDER;"APL;FILOS2023;COG2026;CENTRES"
21461;Nolay;21;4.6193;46.9588;3.909;3.566;1530.57;1419.0;;24060.0;;A_VALIDER;"APL;FILOS2023;COG2026;CENTRES"
21462;Norges-la-Ville;21;5.0699;47.4047;4.272;4.129;928.936;946.0000000000008;;31720.0;;A_VALIDER;"APL;FILOS2023;COG2026;CENTRES"
21463;Normier;21;4.4352;47.3643;2.64;2.64;69.047;63.99999999999984;;;;A_VALIDER;"APL;FILOS2023;COG2026;CENTRES"
21464;Nuits-Saint-Georges;21;4.9414;47.1518;4.34;4.07;5543.44;5262.999999999996;11.0;26000.0;;A_VALIDER;"APL;FILOS2023;COG2026;CENTRES"
21465;Obtrée;21;4.5619;47.9328;2.578;2.121;78.131;80.00000000000034;;;;A_VALIDER;"APL;FILOS2023;COG2026;CENTRES"
21466;Oigny;21;4.7269;47.5846;1.348;0.078;40.997;39.99999999999996;;;;A_VALIDER;"APL;FILOS2023;COG2026;CENTRES"
21467;Oisilly;21;5.3634;47.418;2.769;2.626;128.858;125.0;;26350.0;;A_VALIDER;"APL;FILOS2023;COG2026;CENTRES"
21468;Orain;21;5.4354;47.6123;3.621;3.621;98.473;89.00000000000004;;;;A_VALIDER;"APL;FILOS2023;COG2026;CENTRES"
21469;Orgeux;21;5.1498;47.3625;4.088;4.019;477.272;459.0;;31740.0;;A_VALIDER;"APL;FILOS2023;COG2026;CENTRES"
21470;Origny;21;4.6291;47.7131;1.853;0.156;51.793;53.0;;;;A_VALIDER;"APL;FILOS2023;COG2026;CENTRES"
21471;Orret;21;4.7017;47.6082;2.061;0.156;14.478;11.99999999999999;;;;A_VALIDER;"APL;FILOS2023;COG2026;CENTRES"
21472;Orville;21;5.224;47.5616;4.253;3.722;178.53;177.0000000000008;;25430.0;;A_VALIDER;"APL;FILOS2023;COG2026;CENTRES"
21473;Ouges;21;5.0775;47.2589;5.479;5.125;1407.15;1505.0;;28010.0;;A_VALIDER;"APL;FILOS2023;COG2026;CENTRES"
21474;Pagny-la-Ville;21;5.1702;47.0544;3.127;2.72;416.224;413.0000000000001;;24420.0;;A_VALIDER;"APL;FILOS2023;COG2026;CENTRES"
21475;Pagny-le-Château;21;5.2086;47.0484;3.934;3.527;492.108;484.9999999999998;;25310.0;;A_VALIDER;"APL;FILOS2023;COG2026;CENTRES"
21476;Painblanc;21;4.6289;47.1488;4.772;4.772;178.756;168.9999999999998;;24040.0;;A_VALIDER;"APL;FILOS2023;COG2026;CENTRES"
21477;Panges;21;4.8055;47.3729;3.205;1.706;79.656;79.99999999999996;;;;A_VALIDER;"APL;FILOS2023;COG2026;CENTRES"
21478;Pasques;21;4.849;47.3801;3.537;2.528;299.34;286.9999999999999;;31560.0;;A_VALIDER;"APL;FILOS2023;COG2026;CENTRES"
21479;Pellerey;21;4.7871;47.5129;2.58;1.081;86.387;80.99999999999994;;;;A_VALIDER;"APL;FILOS2023;COG2026;CENTRES"
21480;Pernand-Vergelesses;21;4.8513;47.0778;3.542;3.304;259.838;240.0000000000001;;30700.0;;A_VALIDER;"APL;FILOS2023;COG2026;CENTRES"
21481;Perrigny-lès-Dijon;21;5.0197;47.2556;5.12;4.732;2324.987;2321.0;9.0;28340.0;;A_VALIDER;"APL;FILOS2023;COG2026;CENTRES"
21482;Perrigny-sur-l'Ognon;21;5.467;47.3052;2.581;2.11;651.399;645.0000000000001;;25400.0;;A_VALIDER;"APL;FILOS2023;COG2026;CENTRES"
21483;Pichanges;21;5.1584;47.4539;4.452;3.92;273.122;292.9999999999997;;32130.0;;A_VALIDER;"APL;FILOS2023;COG2026;CENTRES"
21484;Planay;21;4.3799;47.7337;1.051;0.52;67.07;61.99999999999997;;;;A_VALIDER;"APL;FILOS2023;COG2026;CENTRES"
21485;Plombières-lès-Dijon;21;4.9473;47.3368;3.784;3.263;2496.167;2507.999999999998;15.0;26310.0;;A_VALIDER;"APL;FILOS2023;COG2026;CENTRES"
21487;Pluvet;21;5.2644;47.1978;4.199;3.781;412.158;431.0;;28060.0;;A_VALIDER;"APL;FILOS2023;COG2026;CENTRES"
21488;Poinçon-lès-Larrey;21;4.4578;47.8745;3.069;2.612;205.407;193.0;;23150.0;;A_VALIDER;"APL;FILOS2023;COG2026;CENTRES"
21489;Poiseul-la-Grange;21;4.7962;47.5727;0.078;0.078;69.353;67.99999999999997;;;;A_VALIDER;"APL;FILOS2023;COG2026;CENTRES"
21490;Poiseul-la-Ville-et-Laperrière;21;4.6587;47.566;1.904;0.0;161.789;155.0000000000001;;24810.0;;A_VALIDER;"APL;FILOS2023;COG2026;CENTRES"
21491;Poiseul-lès-Saulx;21;4.9776;47.5791;2.003;1.847;68.827;75.0;;;;A_VALIDER;"APL;FILOS2023;COG2026;CENTRES"
21492;Pommard;21;4.7938;47.0144;5.6;5.243;466.978;444.0000000000003;;33350.0;;A_VALIDER;"APL;FILOS2023;COG2026;CENTRES"
21493;Poncey-lès-Athée;21;5.3813;47.2336;1.817;1.407;556.999;573.9999999999994;;25090.0;;A_VALIDER;"APL;FILOS2023;COG2026;CENTRES"
21494;Poncey-sur-l'Ignon;21;4.7548;47.4929;2.58;1.081;88.27;81.9999999999999;;;;A_VALIDER;"APL;FILOS2023;COG2026;CENTRES"
21495;Pont;21;5.323;47.1817;3.655;3.203;148.88;157.9999999999993;;26790.0;;A_VALIDER;"APL;FILOS2023;COG2026;CENTRES"
21496;Pontailler-sur-Saône;21;5.415;47.3019;2.528;2.057;1304.841;1285.0;;24980.0;;A_VALIDER;"APL;FILOS2023;COG2026;CENTRES"
21497;Pont-et-Massène;21;4.3562;47.4709;3.161;3.161;192.563;182.0;;28430.0;;A_VALIDER;"APL;FILOS2023;COG2026;CENTRES"
21498;Posanges;21;4.5233;47.422;2.827;2.827;52.325;50.00000000000018;;;;A_VALIDER;"APL;FILOS2023;COG2026;CENTRES"
21499;Pothières;21;4.4863;47.919;2.578;2.121;208.563;193.0000000000007;;25030.0;;A_VALIDER;"APL;FILOS2023;COG2026;CENTRES"
21500;Pouillenay;21;4.4554;47.5055;3.799;3.799;569.068;588.9999999999997;;27470.0;;A_VALIDER;"APL;FILOS2023;COG2026;CENTRES"
21501;Pouilly-en-Auxois;21;4.5563;47.2627;3.621;3.493;1634.878;1554.000000000004;;25650.0;;A_VALIDER;"APL;FILOS2023;COG2026;CENTRES"
21502;Pouilly-sur-Saône;21;5.1231;47.01;2.462;2.462;614.101;616.0;;25120.0;;A_VALIDER;"APL;FILOS2023;COG2026;CENTRES"
21503;Pouilly-sur-Vingeanne;21;5.451;47.5395;4.022;4.022;136.018;136.0;;27630.0;;A_VALIDER;"APL;FILOS2023;COG2026;CENTRES"
21504;Prâlon;21;4.7772;47.312;3.331;2.758;101.813;97.00000000000036;;29810.0;;A_VALIDER;"APL;FILOS2023;COG2026;CENTRES"
21505;Précy-sous-Thil;21;4.3197;47.4004;3.356;3.059;772.604;716.0;;24010.0;;A_VALIDER;"APL;FILOS2023;COG2026;CENTRES"
21506;Premeaux-Prissey;21;4.9411;47.1023;2.983;2.838;365.394;371.9999999999999;;29860.0;;A_VALIDER;"APL;FILOS2023;COG2026;CENTRES"
21508;Prenois;21;4.9081;47.3778;2.172;1.91;462.976;461.9999999999995;;32580.0;;A_VALIDER;"APL;FILOS2023;COG2026;CENTRES"
21510;Prusly-sur-Ource;21;4.6422;47.8817;1.663;1.206;165.101;159.9999999999999;;28850.0;;A_VALIDER;"APL;FILOS2023;COG2026;CENTRES"
21511;Puits;21;4.4693;47.729;1.062;0.0;139.344;136.0000000000003;;26080.0;;A_VALIDER;"APL;FILOS2023;COG2026;CENTRES"
21512;Puligny-Montrachet;21;4.7603;46.9478;4.593;4.474;379.989;353.0;;33870.0;;A_VALIDER;"APL;FILOS2023;COG2026;CENTRES"
21514;Quemigny-sur-Seine;21;4.6589;47.6497;1.957;0.156;104.678;95.00000000000006;;;;A_VALIDER;"APL;FILOS2023;COG2026;CENTRES"
21515;Quetigny;21;5.1123;47.3209;7.654;7.281;8922.683;8896.999999999989;17.0;24820.0;;A_VALIDER;"APL;FILOS2023;COG2026;CENTRES"
21516;Quincerot;21;4.2747;47.6193;3.154;2.266;83.289;77.99999999999977;;;;A_VALIDER;"APL;FILOS2023;COG2026;CENTRES"
21517;Quincey;21;4.9721;47.1073;3.645;3.469;475.203;499.0;;30720.0;;A_VALIDER;"APL;FILOS2023;COG2026;CENTRES"
21518;Quincy-le-Vicomte;21;4.2398;47.6174;3.154;2.266;214.384;207.0;;27070.0;;A_VALIDER;"APL;FILOS2023;COG2026;CENTRES"
21519;Recey-sur-Ource;21;4.8577;47.7821;0.567;0.0;375.871;337.9999999999998;;22180.0;;A_VALIDER;"APL;FILOS2023;COG2026;CENTRES"
21520;Remilly-en-Montagne;21;4.7266;47.2894;3.636;3.194;147.002;153.9999999999994;;29530.0;;A_VALIDER;"APL;FILOS2023;COG2026;CENTRES"
21521;Remilly-sur-Tille;21;5.2369;47.3082;3.175;3.147;941.293;979.0000000000003;;29780.0;;A_VALIDER;"APL;FILOS2023;COG2026;CENTRES"
21522;Renève;21;5.4056;47.4085;2.769;2.626;486.715;482.0;;26520.0;;A_VALIDER;"APL;FILOS2023;COG2026;CENTRES"
21523;Reulle-Vergy;21;4.9003;47.1915;2.184;2.132;166.518;162.9999999999995;;29230.0;;A_VALIDER;"APL;FILOS2023;COG2026;CENTRES"
21524;Riel-les-Eaux;21;4.6789;47.988;1.739;1.412;97.674;92.99999999999982;;;;A_VALIDER;"APL;FILOS2023;COG2026;CENTRES"
21525;La Roche-en-Brenil;21;4.1728;47.3762;3.251;2.361;963.107;908.9999999999991;;23070.0;;A_VALIDER;"APL;FILOS2023;COG2026;CENTRES"
21526;Rochefort-sur-Brévon;21;4.7115;47.7408;0.267;0.078;49.277;42.0;;;;A_VALIDER;"APL;FILOS2023;COG2026;CENTRES"
21527;La Rochepot;21;4.6811;46.9628;2.983;2.983;278.334;281.0000000000001;;28250.0;;A_VALIDER;"APL;FILOS2023;COG2026;CENTRES"
21528;La Roche-Vanneau;21;4.5248;47.4665;2.302;2.302;146.455;137.0;;23900.0;;A_VALIDER;"APL;FILOS2023;COG2026;CENTRES"
21529;Roilly;21;4.3401;47.4168;1.935;1.935;51.383;52.0;;;;A_VALIDER;"APL;FILOS2023;COG2026;CENTRES"
21530;Rougemont;21;4.2629;47.6632;2.903;2.014;153.669;144.0;;26550.0;;A_VALIDER;"APL;FILOS2023;COG2026;CENTRES"
21531;Rouvray;21;4.1128;47.4196;3.639;2.749;524.499;503.0;;24440.0;;A_VALIDER;"APL;FILOS2023;COG2026;CENTRES"
21532;Rouvres-en-Plaine;21;5.138;47.2389;4.12;3.839;1204.016;1254.0;;30460.0;;A_VALIDER;"APL;FILOS2023;COG2026;CENTRES"
21533;Rouvres-sous-Meilly;21;4.5905;47.205;5.088;5.088;93.3;85.00000000000011;;;;A_VALIDER;"APL;FILOS2023;COG2026;CENTRES"
21534;Ruffey-lès-Beaune;21;4.9251;47.0208;3.292;3.054;748.613;742.0000000000001;;29370.0;;A_VALIDER;"APL;FILOS2023;COG2026;CENTRES"
21535;Ruffey-lès-Echirey;21;5.0818;47.3684;5.881;5.624;1390.648;1404.0;;30720.0;;A_VALIDER;"APL;FILOS2023;COG2026;CENTRES"
21536;Sacquenay;21;5.3191;47.5804;1.732;1.659;299.454;287.0;;27280.0;;A_VALIDER;"APL;FILOS2023;COG2026;CENTRES"
21537;Saffres;21;4.5797;47.366;2.991;2.991;127.267;120.0;;24810.0;;A_VALIDER;"APL;FILOS2023;COG2026;CENTRES"
21538;Saint-Andeux;21;4.0924;47.3957;2.165;1.275;129.603;118.0;;24110.0;;A_VALIDER;"APL;FILOS2023;COG2026;CENTRES"
21539;Saint-Anthot;21;4.6436;47.3215;2.824;2.696;67.187;62.99999999999999;;;;A_VALIDER;"APL;FILOS2023;COG2026;CENTRES"
21540;Saint-Apollinaire;21;5.0939;47.3367;7.12;6.747;7678.078;7517.000000000001;10.0;28140.0;;A_VALIDER;"APL;FILOS2023;COG2026;CENTRES"
21541;Saint-Aubin;21;4.7076;46.9505;3.692;3.692;209.506;195.0;;40080.0;;A_VALIDER;"APL;FILOS2023;COG2026;CENTRES"
21542;Saint-Bernard;21;5.0283;47.1593;1.965;1.835;441.054;460.0;;29560.0;;A_VALIDER;"APL;FILOS2023;COG2026;CENTRES"
21543;Saint-Broing-les-Moines;21;4.8309;47.6996;0.345;0.156;201.188;183.9999999999996;;27550.0;;A_VALIDER;"APL;FILOS2023;COG2026;CENTRES"
21544;Sainte-Colombe-en-Auxois;21;4.4606;47.4272;1.32;1.32;54.77;52.0;;;;A_VALIDER;"APL;FILOS2023;COG2026;CENTRES"
21545;Sainte-Colombe-sur-Seine;21;4.5278;47.8608;3.38;2.695;944.681;919.0;;24100.0;;A_VALIDER;"APL;FILOS2023;COG2026;CENTRES"
21546;Saint-Didier;21;4.1722;47.3175;3.352;3.055;208.359;199.0000000000001;;24550.0;;A_VALIDER;"APL;FILOS2023;COG2026;CENTRES"
21547;Saint-Euphrône;21;4.391;47.4676;3.201;3.201;222.976;222.9999999999991;;26640.0;;A_VALIDER;"APL;FILOS2023;COG2026;CENTRES"
21548;Saint-Germain-de-Modéon;21;4.1253;47.3711;1.883;1.289;188.684;174.0;;24250.0;;A_VALIDER;"APL;FILOS2023;COG2026;CENTRES"
21549;Saint-Germain-le-Rocheux;21;4.6654;47.7565;0.0;0.0;88.427;83.00000000000004;;;;A_VALIDER;"APL;FILOS2023;COG2026;CENTRES"
21550;Saint-Germain-lès-Senailly;21;4.2828;47.5988;5.408;4.075;121.18;113.0;;24690.0;;A_VALIDER;"APL;FILOS2023;COG2026;CENTRES"
21552;Saint-Hélier;21;4.6916;47.3888;0.567;0.567;35.333;36.0;;;;A_VALIDER;"APL;FILOS2023;COG2026;CENTRES"
21553;Saint-Jean-de-Bœuf;21;4.7647;47.2116;1.194;0.81;102.622;103.0;;28280.0;;A_VALIDER;"APL;FILOS2023;COG2026;CENTRES"
21554;Saint-Jean-de-Losne;21;5.2668;47.1019;2.892;2.32;1116.155;1001.0;;20980.0;;A_VALIDER;"APL;FILOS2023;COG2026;CENTRES"
21555;Saint-Julien;21;5.1427;47.3987;2.755;2.662;1826.407;1749.0;;30930.0;;A_VALIDER;"APL;FILOS2023;COG2026;CENTRES"
21556;Saint-Léger-Triey;21;5.3518;47.3174;2.108;1.637;237.086;250.0;;28130.0;;A_VALIDER;"APL;FILOS2023;COG2026;CENTRES"
21557;Saint-Marc-sur-Seine;21;4.5912;47.6981;1.853;0.156;118.019;110.9999999999999;;24790.0;;A_VALIDER;"APL;FILOS2023;COG2026;CENTRES"
21558;Sainte-Marie-la-Blanche;21;4.8935;46.9728;3.619;3.381;923.454;917.0000000000001;;29560.0;;A_VALIDER;"APL;FILOS2023;COG2026;CENTRES"
21559;Sainte-Marie-sur-Ouche;21;4.8056;47.2887;3.512;2.939;679.961;701.0;;28870.0;;A_VALIDER;"APL;FILOS2023;COG2026;CENTRES"
21560;Saint-Martin-de-la-Mer;21;4.2281;47.2319;2.082;2.082;298.576;279.0;;25470.0;;A_VALIDER;"APL;FILOS2023;COG2026;CENTRES"
21561;Saint-Martin-du-Mont;21;4.8078;47.4135;3.928;1.68;454.901;463.9999999999991;;29690.0;;A_VALIDER;"APL;FILOS2023;COG2026;CENTRES"
21562;Saint-Maurice-sur-Vingeanne;21;5.4081;47.5768;3.239;3.239;191.883;198.0;;25250.0;;A_VALIDER;"APL;FILOS2023;COG2026;CENTRES"
21563;Saint-Mesmin;21;4.6454;47.3518;2.824;2.696;112.19;111.0000000000001;;26250.0;;A_VALIDER;"APL;FILOS2023;COG2026;CENTRES"
21564;Saint-Nicolas-lès-Cîteaux;21;5.0806;47.135;1.512;1.434;384.045;389.9999999999998;;29580.0;;A_VALIDER;"APL;FILOS2023;COG2026;CENTRES"
21565;Saint-Philibert;21;5.0112;47.204;3.299;3.038;528.348;542.0;;29740.0;;A_VALIDER;"APL;FILOS2023;COG2026;CENTRES"
21566;Saint-Pierre-en-Vaux;21;4.5284;47.0589;5.255;4.57;152.537;139.0;;22970.0;;A_VALIDER;"APL;FILOS2023;COG2026;CENTRES"
21567;Saint-Prix-lès-Arnay;21;4.506;47.1143;4.119;4.119;218.5;202.9999999999997;;25690.0;;A_VALIDER;"APL;FILOS2023;COG2026;CENTRES"
21568;Saint-Rémy;21;4.2934;47.6537;4.355;3.022;727.356;678.0;;25430.0;;A_VALIDER;"APL;FILOS2023;COG2026;CENTRES"
21569;Saint-Romain;21;4.7066;47.0133;3.263;3.144;209.505;200.0;;34770.0;;A_VALIDER;"APL;FILOS2023;COG2026;CENTRES"
21570;Sainte-Sabine;21;4.6285;47.1833;4.97;4.97;183.972;171.9999999999999;;25800.0;;A_VALIDER;"APL;FILOS2023;COG2026;CENTRES"
21571;Saint-Sauveur;21;5.4084;47.3579;2.222;1.792;220.442;227.9999999999999;;26200.0;;A_VALIDER;"APL;FILOS2023;COG2026;CENTRES"
21572;Saint-Seine-en-Bâche;21;5.3751;47.1138;4.11;3.562;382.867;407.0000000000002;;26210.0;;A_VALIDER;"APL;FILOS2023;COG2026;CENTRES"
21573;Saint-Seine-l'Abbaye;21;4.7854;47.4399;3.928;1.68;379.838;361.0;;26380.0;;A_VALIDER;"APL;FILOS2023;COG2026;CENTRES"
21574;Saint-Seine-sur-Vingeanne;21;5.4355;47.5142;3.45;3.45;389.087;376.0000000000002;;27200.0;;A_VALIDER;"APL;FILOS2023;COG2026;CENTRES"
21575;Saint-Symphorien-sur-Saône;21;5.3201;47.0924;2.875;2.381;328.103;322.0;;25860.0;;A_VALIDER;"APL;FILOS2023;COG2026;CENTRES"
21576;Saint-Thibault;21;4.4668;47.3752;4.157;4.157;160.887;154.9999999999998;;22550.0;;A_VALIDER;"APL;FILOS2023;COG2026;CENTRES"
21577;Saint-Usage;21;5.2545;47.1086;2.89;2.199;1315.151;1329.999999999999;;23940.0;;A_VALIDER;"APL;FILOS2023;COG2026;CENTRES"
21578;Saint-Victor-sur-Ouche;21;4.7523;47.2313;0.942;0.558;297.8;306.9999999999998;;28870.0;;A_VALIDER;"APL;FILOS2023;COG2026;CENTRES"
21579;Salives;21;4.9048;47.6071;0.697;0.697;203.756;196.0;;27490.0;;A_VALIDER;"APL;FILOS2023;COG2026;CENTRES"
21580;Salmaise;21;4.6771;47.453;1.29;0.541;133.163;128.0000000000005;;25700.0;;A_VALIDER;"APL;FILOS2023;COG2026;CENTRES"
21581;Samerey;21;5.3634;47.0896;2.907;2.7;138.866;134.0000000000002;;28290.0;;A_VALIDER;"APL;FILOS2023;COG2026;CENTRES"
21582;Santenay;21;4.6929;46.9184;3.931;3.931;1014.916;852.0000000000016;;28330.0;;A_VALIDER;"APL;FILOS2023;COG2026;CENTRES"
21583;Santosse;21;4.6334;47.0065;3.322;2.979;58.669;60.00000000000009;;;;A_VALIDER;"APL;FILOS2023;COG2026;CENTRES"
21584;Saulieu;21;4.2271;47.2831;2.889;2.889;2550.308;2268.999999999998;;22830.0;;A_VALIDER;"APL;FILOS2023;COG2026;CENTRES"
21585;Saulon-la-Chapelle;21;5.0925;47.2118;3.772;3.501;1059.766;1030.0;;28340.0;;A_VALIDER;"APL;FILOS2023;COG2026;CENTRES"
21586;Saulon-la-Rue;21;5.0512;47.2265;4.424;4.061;684.226;707.0;;30130.0;;A_VALIDER;"APL;FILOS2023;COG2026;CENTRES"
21587;Saulx-le-Duc;21;5.0259;47.5514;2.76;2.375;249.561;248.0000000000004;;29600.0;;A_VALIDER;"APL;FILOS2023;COG2026;CENTRES"
21588;Saussey;21;4.6084;47.0629;5.2;4.858;79.41;72.00000000000006;;;;A_VALIDER;"APL;FILOS2023;COG2026;CENTRES"
21589;Saussy;21;4.9799;47.4611;0.377;0.377;100.13;99.99999999999999;;;;A_VALIDER;"APL;FILOS2023;COG2026;CENTRES"
21590;Savigny-lès-Beaune;21;4.8042;47.0795;3.133;2.895;1350.757;1300.000000000002;;29880.0;;A_VALIDER;"APL;FILOS2023;COG2026;CENTRES"
21591;Savigny-le-Sec;21;5.0401;47.4352;3.442;3.268;903.931;882.9999999999998;;31720.0;;A_VALIDER;"APL;FILOS2023;COG2026;CENTRES"
21592;Savigny-sous-Mâlain;21;4.7526;47.3326;2.472;2.158;227.475;233.0000000000003;;28010.0;;A_VALIDER;"APL;FILOS2023;COG2026;CENTRES"
21593;Savilly;21;4.2785;47.1236;0.835;0.835;90.265;79.0;;;;A_VALIDER;"APL;FILOS2023;COG2026;CENTRES"
21594;Savoisy;21;4.3942;47.737;3.034;1.527;203.374;195.0;;27000.0;;A_VALIDER;"APL;FILOS2023;COG2026;CENTRES"
21595;Savolles;21;5.2754;47.3788;2.53;2.53;147.01;146.0;;30310.0;;A_VALIDER;"APL;FILOS2023;COG2026;CENTRES"
21596;Savouges;21;5.0588;47.1801;1.856;1.659;349.266;376.9999999999999;;30800.0;;A_VALIDER;"APL;FILOS2023;COG2026;CENTRES"
21597;Segrois;21;4.8932;47.1612;2.191;2.165;56.678;57.00000000000013;;;;A_VALIDER;"APL;FILOS2023;COG2026;CENTRES"
21598;Seigny;21;4.4405;47.5737;4.156;3.267;158.145;153.0;;27190.0;;A_VALIDER;"APL;FILOS2023;COG2026;CENTRES"
21599;Selongey;21;5.1984;47.604;3.772;3.47;2467.213;2393.999999999995;11.0;26660.0;;A_VALIDER;"APL;FILOS2023;COG2026;CENTRES"
21600;Semarey;21;4.6245;47.2683;2.67;2.542;133.599;130.0;;29860.0;;A_VALIDER;"APL;FILOS2023;COG2026;CENTRES"
21601;Semezanges;21;4.8498;47.2154;1.874;1.763;92.43;92.00000000000009;;31890.0;;A_VALIDER;"APL;FILOS2023;COG2026;CENTRES"
21602;Semond;21;4.5736;47.7119;1.593;0.0;33.287;31.00000000000008;;;;A_VALIDER;"APL;FILOS2023;COG2026;CENTRES"
21603;Semur-en-Auxois;21;4.3396;47.494;3.452;3.452;4267.569;4026.999999999996;17.0;24360.0;;A_VALIDER;"APL;FILOS2023;COG2026;CENTRES"
21604;Senailly;21;4.2662;47.5828;4.208;3.319;136.581;132.0;;28400.0;;A_VALIDER;"APL;FILOS2023;COG2026;CENTRES"
21605;Sennecey-lès-Dijon;21;5.1061;47.2922;7.357;6.943;2160.728;2125.0;5.0;29260.0;;A_VALIDER;"APL;FILOS2023;COG2026;CENTRES"
21606;Ladoix-Serrigny;21;4.9156;47.0672;3.558;3.319;1750.674;1783.000000000002;;29790.0;;A_VALIDER;"APL;FILOS2023;COG2026;CENTRES"
21607;Seurre;21;5.1551;47.0086;2.421;2.421;2515.934;2335.999999999999;15.0;22940.0;;A_VALIDER;"APL;FILOS2023;COG2026;CENTRES"
21608;Sincey-lès-Rouvray;21;4.1294;47.4338;2.668;1.777;109.493;103.0;;;;A_VALIDER;"APL;FILOS2023;COG2026;CENTRES"
21609;Soirans;21;5.2975;47.211;4.209;3.767;474.968;498.0000000000006;;27150.0;;A_VALIDER;"APL;FILOS2023;COG2026;CENTRES"
21610;Soissons-sur-Nacey;21;5.4597;47.251;2.909;2.439;346.797;357.0000000000005;;26500.0;;A_VALIDER;"APL;FILOS2023;COG2026;CENTRES"
21611;Sombernon;21;4.7049;47.3082;4.155;3.71;1021.613;990.0000000000002;;26910.0;;A_VALIDER;"APL;FILOS2023;COG2026;CENTRES"
21612;Souhey;21;4.4214;47.4869;2.439;2.439;84.726;82.99999999999991;;;;A_VALIDER;"APL;FILOS2023;COG2026;CENTRES"
21613;Soussey-sur-Brionne;21;4.5376;47.326;3.788;3.788;164.068;157.9999999999998;;27410.0;;A_VALIDER;"APL;FILOS2023;COG2026;CENTRES"
21614;Spoy;21;5.1868;47.4476;4.148;3.846;374.942;390.9999999999991;;30320.0;;A_VALIDER;"APL;FILOS2023;COG2026;CENTRES"
21615;Sussey;21;4.3757;47.2104;0.694;0.694;263.703;243.9999999999998;;24550.0;;A_VALIDER;"APL;FILOS2023;COG2026;CENTRES"
21616;Tailly;21;4.817;46.9655;4.332;4.094;205.61;200.0000000000007;;32200.0;;A_VALIDER;"APL;FILOS2023;COG2026;CENTRES"
21617;Talant;21;4.9959;47.3389;3.517;3.124;12390.322;11986.0;18.0;26700.0;;A_VALIDER;"APL;FILOS2023;COG2026;CENTRES"
21618;Talmay;21;5.459;47.3676;1.615;1.185;552.484;533.0;;23360.0;;A_VALIDER;"APL;FILOS2023;COG2026;CENTRES"
21619;Tanay;21;5.2827;47.4112;3.015;2.942;222.063;221.0000000000004;;27490.0;;A_VALIDER;"APL;FILOS2023;COG2026;CENTRES"
21620;Tarsul;21;4.9783;47.521;2.081;1.925;169.119;159.9999999999999;;29600.0;;A_VALIDER;"APL;FILOS2023;COG2026;CENTRES"
21622;Tart-le-Bas;21;5.223;47.2058;3.421;3.059;251.226;243.0;;30460.0;;A_VALIDER;"APL;FILOS2023;COG2026;CENTRES"
21623;Tart;21;5.2174;47.1931;3.308;2.869;1451.376;1533.0;;29320.0;;A_VALIDER;"APL;FILOS2023;COG2026;CENTRES"
21624;Tellecey;21;5.2991;47.2923;2.232;2.089;134.62;142.0000000000001;;27600.0;;A_VALIDER;"APL;FILOS2023;COG2026;CENTRES"
21625;Ternant;21;4.834;47.2;1.662;1.61;88.26;82.00000000000034;;;;A_VALIDER;"APL;FILOS2023;COG2026;CENTRES"
21626;Terrefondrée;21;4.8396;47.73;0.567;0.0;70.056;64.9999999999998;;;;A_VALIDER;"APL;FILOS2023;COG2026;CENTRES"
21627;Thenissey;21;4.6211;47.4977;0.0;0.0;96.705;90.99999999999996;;;;A_VALIDER;"APL;FILOS2023;COG2026;CENTRES"
21628;Thoires;21;4.6801;47.9444;1.538;1.309;63.472;57.99999999999975;;;;A_VALIDER;"APL;FILOS2023;COG2026;CENTRES"
21629;Thoisy-la-Berchère;21;4.3257;47.2632;1.766;1.766;303.904;305.0000000000001;;25050.0;;A_VALIDER;"APL;FILOS2023;COG2026;CENTRES"
21630;Thoisy-le-Désert;21;4.5211;47.2501;4.14;4.14;213.286;214.9999999999999;;28290.0;;A_VALIDER;"APL;FILOS2023;COG2026;CENTRES"
21631;Thomirey;21;4.5875;47.0904;5.164;4.821;56.849;56.0;;;;A_VALIDER;"APL;FILOS2023;COG2026;CENTRES"
21632;Thorey-en-Plaine;21;5.1406;47.2164;3.725;3.377;1085.987;1134.0;;29080.0;;A_VALIDER;"APL;FILOS2023;COG2026;CENTRES"
21633;Thorey-sous-Charny;21;4.4479;47.332;3.224;3.224;207.811;192.9999999999999;;26480.0;;A_VALIDER;"APL;FILOS2023;COG2026;CENTRES"
21634;Thorey-sur-Ouche;21;4.6911;47.1478;2.881;2.754;143.424;141.0000000000001;;28320.0;;A_VALIDER;"APL;FILOS2023;COG2026;CENTRES"
21635;Thoste;21;4.2298;47.4385;3.513;2.919;107.875;101.0;;25610.0;;A_VALIDER;"APL;FILOS2023;COG2026;CENTRES"
21636;Thury;21;4.5313;47.0312;5.894;4.867;277.739;259.9999999999996;;26530.0;;A_VALIDER;"APL;FILOS2023;COG2026;CENTRES"
21637;Tichey;21;5.2931;47.0128;2.873;2.709;212.648;211.9999999999999;;23260.0;;A_VALIDER;"APL;FILOS2023;COG2026;CENTRES"
21638;Til-Châtel;21;5.1772;47.5234;5.759;5.072;1087.323;1136.0;;27900.0;;A_VALIDER;"APL;FILOS2023;COG2026;CENTRES"
21639;Tillenay;21;5.3576;47.189;2.55;2.262;725.902;744.0000000000013;;27240.0;;A_VALIDER;"APL;FILOS2023;COG2026;CENTRES"
21640;Torcy-et-Pouligny;21;4.2383;47.498;3.203;3.203;209.33;206.999999999999;;26130.0;;A_VALIDER;"APL;FILOS2023;COG2026;CENTRES"
21641;Touillon;21;4.4362;47.6559;3.965;2.014;460.907;461.0;;25810.0;;A_VALIDER;"APL;FILOS2023;COG2026;CENTRES"
21642;Toutry;21;4.1287;47.5022;2.914;2.14;423.375;407.9999999999999;;23270.0;;A_VALIDER;"APL;FILOS2023;COG2026;CENTRES"
21643;Tréclun;21;5.2885;47.1906;3.178;2.77;395.452;425.0000000000005;;28500.0;;A_VALIDER;"APL;FILOS2023;COG2026;CENTRES"
21644;Trochères;21;5.3125;47.3487;3.136;2.849;159.435;166.9999999999997;;30060.0;;A_VALIDER;"APL;FILOS2023;COG2026;CENTRES"
21645;Trouhans;21;5.2705;47.1535;3.316;2.663;590.824;610.0;;24240.0;;A_VALIDER;"APL;FILOS2023;COG2026;CENTRES"
21646;Trouhaut;21;4.7625;47.3896;4.034;1.786;135.918;130.0000000000001;;29000.0;;A_VALIDER;"APL;FILOS2023;COG2026;CENTRES"
21647;Trugny;21;5.15;46.9732;2.514;2.514;124.298;120.9999999999999;;27960.0;;A_VALIDER;"APL;FILOS2023;COG2026;CENTRES"
21648;Turcey;21;4.7206;47.4076;1.454;0.705;184.026;181.0000000000001;;25640.0;;A_VALIDER;"APL;FILOS2023;COG2026;CENTRES"
21649;Uncey-le-Franc;21;4.5755;47.3446;2.991;2.991;53.447;48.99999999999991;;;;A_VALIDER;"APL;FILOS2023;COG2026;CENTRES"
21650;Urcy;21;4.8464;47.2647;1.611;1.399;142.165;145.0000000000001;;29300.0;;A_VALIDER;"APL;FILOS2023;COG2026;CENTRES"
21651;Val-Suzon;21;4.91;47.43;3.753;2.124;206.521;204.0000000000001;;26530.0;;A_VALIDER;"APL;FILOS2023;COG2026;CENTRES"
21652;Vandenesse-en-Auxois;21;4.6225;47.2242;4.818;4.818;295.022;293.9999999999998;;27760.0;;A_VALIDER;"APL;FILOS2023;COG2026;CENTRES"
21653;Vannaire;21;4.5692;47.9155;2.578;2.121;51.932;49.0;;;;A_VALIDER;"APL;FILOS2023;COG2026;CENTRES"
21655;Vanvey;21;4.7254;47.8411;1.726;1.309;252.954;238.9999999999999;;20990.0;;A_VALIDER;"APL;FILOS2023;COG2026;CENTRES"
21656;Varanges;21;5.1925;47.2344;3.532;3.326;670.876;687.9999999999999;;29470.0;;A_VALIDER;"APL;FILOS2023;COG2026;CENTRES"
21657;Varois-et-Chaignot;21;5.129;47.3558;5.367;5.111;2147.903;2068.0;3.0;33630.0;;A_VALIDER;"APL;FILOS2023;COG2026;CENTRES"
21659;Vaux-Saules;21;4.8298;47.4723;3.87;1.622;169.833;168.0;;27840.0;;A_VALIDER;"APL;FILOS2023;COG2026;CENTRES"
21660;Veilly;21;4.5958;47.1272;4.888;4.888;59.592;56.00000000000023;;;;A_VALIDER;"APL;FILOS2023;COG2026;CENTRES"
21661;Velars-sur-Ouche;21;4.9126;47.3104;4.305;3.669;1880.704;1828.999999999998;;30410.0;;A_VALIDER;"APL;FILOS2023;COG2026;CENTRES"
21662;Velogny;21;4.4648;47.4027;2.64;2.64;34.021;33.0;;;;A_VALIDER;"APL;FILOS2023;COG2026;CENTRES"
21663;Venarey-les-Laumes;21;4.447;47.5375;2.055;2.055;2890.231;2758.0;20.0;22680.0;;A_VALIDER;"APL;FILOS2023;COG2026;CENTRES"
21664;Verdonnet;21;4.33;47.7419;0.52;0.52;76.946;68.9999999999999;;;;A_VALIDER;"APL;FILOS2023;COG2026;CENTRES"
21665;Vernois-lès-Vesvres;21;5.1465;47.6529;0.974;0.974;149.768;156.0;;23280.0;;A_VALIDER;"APL;FILOS2023;COG2026;CENTRES"
21666;Vernot;21;4.9631;47.4902;1.369;1.214;99.007;95.99999999999993;;26940.0;;A_VALIDER;"APL;FILOS2023;COG2026;CENTRES"
21667;Véronnes;21;5.2403;47.5345;4.32;3.789;393.753;401.9999999999998;;29860.0;;A_VALIDER;"APL;FILOS2023;COG2026;CENTRES"
21669;Verrey-sous-Drée;21;4.6888;47.3677;1.882;1.754;90.479;95.99999999999976;;;;A_VALIDER;"APL;FILOS2023;COG2026;CENTRES"
21670;Verrey-sous-Salmaise;21;4.6752;47.4378;2.396;1.647;299.33;302.0;;24800.0;;A_VALIDER;"APL;FILOS2023;COG2026;CENTRES"
21671;Vertault;21;4.3289;47.9271;2.163;1.462;56.177;50.0;;;;A_VALIDER;"APL;FILOS2023;COG2026;CENTRES"
21672;Vesvres;21;4.5293;47.3761;2.827;2.827;30.174;29.00000000000012;;;;A_VALIDER;"APL;FILOS2023;COG2026;CENTRES"
21673;Veuvey-sur-Ouche;21;4.7182;47.181;2.175;1.919;210.946;215.0;;25370.0;;A_VALIDER;"APL;FILOS2023;COG2026;CENTRES"
21674;Veuxhaulles-sur-Aube;21;4.8154;47.9354;2.8;2.8;228.895;210.0000000000001;;24290.0;;A_VALIDER;"APL;FILOS2023;COG2026;CENTRES"
21675;Vianges;21;4.3247;47.1668;1.993;1.993;42.577;36.00000000000001;;;;A_VALIDER;"APL;FILOS2023;COG2026;CENTRES"
21676;Vic-de-Chassenay;21;4.2666;47.4719;4.131;4.131;222.831;209.0000000000001;;27060.0;;A_VALIDER;"APL;FILOS2023;COG2026;CENTRES"
21677;Vic-des-Prés;21;4.6362;47.1141;4.006;4.006;113.276;110.0;;26480.0;;A_VALIDER;"APL;FILOS2023;COG2026;CENTRES"
21678;Vic-sous-Thil;21;4.3149;47.3683;2.257;2.257;199.351;185.9999999999999;;28020.0;;A_VALIDER;"APL;FILOS2023;COG2026;CENTRES"
21679;Vieilmoulin;21;4.6726;47.3128;3.225;3.039;137.095;143.0000000000005;;27550.0;;A_VALIDER;"APL;FILOS2023;COG2026;CENTRES"
21680;Vielverge;21;5.4544;47.2633;2.909;2.439;494.43;499.0000000000007;;25780.0;;A_VALIDER;"APL;FILOS2023;COG2026;CENTRES"
21681;Vieux-Château;21;4.1401;47.4668;2.593;2.0;103.837;99.99999999999991;;;;A_VALIDER;"APL;FILOS2023;COG2026;CENTRES"
21682;Viévigne;21;5.2422;47.4348;3.116;2.813;241.928;251.9999999999995;;30080.0;;A_VALIDER;"APL;FILOS2023;COG2026;CENTRES"
21683;Viévy;21;4.4544;47.0582;3.143;2.8;377.503;360.0000000000002;;24720.0;;A_VALIDER;"APL;FILOS2023;COG2026;CENTRES"
21684;Vignoles;21;4.8822;47.0254;4.07;3.712;956.989;919.0000000000006;;29770.0;;A_VALIDER;"APL;FILOS2023;COG2026;CENTRES"
21685;Villaines-en-Duesmois;21;4.5205;47.6886;2.228;0.0;267.087;251.9999999999998;;25320.0;;A_VALIDER;"APL;FILOS2023;COG2026;CENTRES"
21686;Villaines-les-Prévôtes;21;4.3006;47.5572;4.142;3.697;150.125;143.0000000000001;;29830.0;;A_VALIDER;"APL;FILOS2023;COG2026;CENTRES"
21687;Villargoix;21;4.2906;47.2951;2.082;2.082;159.162;144.0000000000001;;22480.0;;A_VALIDER;"APL;FILOS2023;COG2026;CENTRES"
21688;Villars-Fontaine;21;4.9012;47.1504;2.268;2.242;118.475;115.0000000000003;;38110.0;;A_VALIDER;"APL;FILOS2023;COG2026;CENTRES"
21689;Villars-et-Villenotte;21;4.3818;47.5076;3.241;3.241;166.701;168.0;;33170.0;;A_VALIDER;"APL;FILOS2023;COG2026;CENTRES"
21690;Villeberny;21;4.604;47.435;0.942;0.942;104.326;99.00000000000001;;;;A_VALIDER;"APL;FILOS2023;COG2026;CENTRES"
21691;Villebichot;21;5.0416;47.1405;1.752;1.648;401.822;403.0000000000002;;29670.0;;A_VALIDER;"APL;FILOS2023;COG2026;CENTRES"
21692;Villecomte;21;5.0183;47.5;3.664;3.279;250.936;244.9999999999997;;31050.0;;A_VALIDER;"APL;FILOS2023;COG2026;CENTRES"
21693;Villedieu;21;4.3818;47.905;2.163;1.462;73.467;70.00000000000011;;;;A_VALIDER;"APL;FILOS2023;COG2026;CENTRES"
21694;Villeferry;21;4.5267;47.4487;2.302;2.302;28.164;23.0;;;;A_VALIDER;"APL;FILOS2023;COG2026;CENTRES"
21695;La Villeneuve-les-Convers;21;4.5955;47.5756;2.218;0.418;62.767;59.99999999999983;;;;A_VALIDER;"APL;FILOS2023;COG2026;CENTRES"
21696;Villeneuve-sous-Charigny;21;4.3985;47.4357;3.302;3.302;85.233;87.00000000000021;;;;A_VALIDER;"APL;FILOS2023;COG2026;CENTRES"
21698;Villers-la-Faye;21;4.882;47.1099;3.874;3.636;415.162;400.0;;29630.0;;A_VALIDER;"APL;FILOS2023;COG2026;CENTRES"
21699;Villers-les-Pots;21;5.3489;47.2118;2.589;2.28;1168.813;1206.0;;27450.0;;A_VALIDER;"APL;FILOS2023;COG2026;CENTRES"
21700;Villers-Patras;21;4.5474;47.9356;2.578;2.121;91.303;85.9999999999999;;;;A_VALIDER;"APL;FILOS2023;COG2026;CENTRES"
21701;Villers-Rotin;21;5.407;47.1576;3.504;3.025;127.684;124.0;;27220.0;;A_VALIDER;"APL;FILOS2023;COG2026;CENTRES"
21702;Villey-sur-Tille;21;5.1139;47.5709;5.204;4.746;265.011;261.0;;28210.0;;A_VALIDER;"APL;FILOS2023;COG2026;CENTRES"
21703;Villiers-en-Morvan;21;4.2597;47.1435;1.529;1.529;48.941;46.0;;;;A_VALIDER;"APL;FILOS2023;COG2026;CENTRES"
21704;Villiers-le-Duc;21;4.7032;47.7931;0.836;0.419;111.151;111.0;;;;A_VALIDER;"APL;FILOS2023;COG2026;CENTRES"
21705;Villotte-Saint-Seine;21;4.7119;47.4319;2.58;1.081;70.302;67.0;;;;A_VALIDER;"APL;FILOS2023;COG2026;CENTRES"
21706;Villotte-sur-Ource;21;4.6911;47.8665;2.185;1.728;118.431;106.0000000000001;;25250.0;;A_VALIDER;"APL;FILOS2023;COG2026;CENTRES"
21707;Villy-en-Auxois;21;4.6323;47.4132;1.885;1.885;248.182;227.0000000000001;;23290.0;;A_VALIDER;"APL;FILOS2023;COG2026;CENTRES"
21708;Villy-le-Moutier;21;4.9927;47.0451;2.597;2.478;323.921;329.9999999999998;;28650.0;;A_VALIDER;"APL;FILOS2023;COG2026;CENTRES"
21709;Viserny;21;4.2836;47.5633;5.427;4.538;188.691;180.0;;26820.0;;A_VALIDER;"APL;FILOS2023;COG2026;CENTRES"
21710;Vitteaux;21;4.5344;47.3986;2.827;2.827;1179.38;1055.999999999999;;23350.0;;A_VALIDER;"APL;FILOS2023;COG2026;CENTRES"
21711;Vix;21;4.537;47.9084;3.746;3.06;104.331;96.0;;;;A_VALIDER;"APL;FILOS2023;COG2026;CENTRES"
21712;Volnay;21;4.7783;46.9987;5.477;5.12;250.066;225.0000000000001;;39730.0;;A_VALIDER;"APL;FILOS2023;COG2026;CENTRES"
21713;Vonges;21;5.3933;47.2886;2.264;1.752;347.996;360.0;;27000.0;;A_VALIDER;"APL;FILOS2023;COG2026;CENTRES"
21714;Vosne-Romanée;21;4.9563;47.1592;3.254;3.024;359.122;341.0000000000001;;34780.0;;A_VALIDER;"APL;FILOS2023;COG2026;CENTRES"
21715;Voudenay;21;4.3835;47.0924;2.366;2.366;210.124;192.9999999999999;;23340.0;;A_VALIDER;"APL;FILOS2023;COG2026;CENTRES"
21716;Vougeot;21;4.9607;47.1734;3.32;3.107;159.681;153.0000000000001;;29930.0;;A_VALIDER;"APL;FILOS2023;COG2026;CENTRES"
21717;Voulaines-les-Templiers;21;4.7769;47.8216;0.378;0.0;289.708;270.0000000000001;;21730.0;;A_VALIDER;"APL;FILOS2023;COG2026;CENTRES"
25001;Abbans-Dessous;25;5.871;47.1345;4.134;3.83;241.774;247.0000000000001;;26350.0;;A_VALIDER;"APL;FILOS2023;COG2026;CENTRES"
25002;Abbans-Dessus;25;5.8877;47.1267;4.598;4.183;289.704;283.0;;28500.0;;A_VALIDER;"APL;FILOS2023;COG2026;CENTRES"
25003;Abbenans;25;6.4494;47.4957;3.053;3.053;330.646;321.0000000000006;;23170.0;;A_VALIDER;"APL;FILOS2023;COG2026;CENTRES"
25004;Abbévillers;25;6.9195;47.4263;0.831;0.625;1063.177;1099.0;;34010.0;;A_VALIDER;"APL;FILOS2023;COG2026;CENTRES"
25005;Accolans;25;6.5353;47.4908;2.596;2.32;87.809;88.00000000000006;;;;A_VALIDER;"APL;FILOS2023;COG2026;CENTRES"
25006;Adam-lès-Passavant;25;6.3692;47.3049;2.553;2.337;86.995;88.0;;;;A_VALIDER;"APL;FILOS2023;COG2026;CENTRES"
25007;Adam-lès-Vercel;25;6.3904;47.1646;5.636;5.048;95.628;103.0;;26990.0;;A_VALIDER;"APL;FILOS2023;COG2026;CENTRES"
25008;Aibre;25;6.6995;47.5532;3.541;3.188;452.403;448.9999999999998;;26530.0;;A_VALIDER;"APL;FILOS2023;COG2026;CENTRES"
25009;Aïssey;25;6.3277;47.2733;1.876;1.646;159.186;165.0;;23560.0;;A_VALIDER;"APL;FILOS2023;COG2026;CENTRES"
25011;Allenjoie;25;6.8951;47.5351;3.482;2.819;745.653;735.0000000000008;;28440.0;;A_VALIDER;"APL;FILOS2023;COG2026;CENTRES"
25012;Les Alliés;25;6.4486;46.9466;1.09;1.011;162.041;171.0000000000001;;36990.0;;A_VALIDER;"APL;FILOS2023;COG2026;CENTRES"
25013;Allondans;25;6.7508;47.5238;3.863;3.373;242.432;237.0;;30880.0;;A_VALIDER;"APL;FILOS2023;COG2026;CENTRES"
25014;Amagney;25;6.1471;47.3041;3.627;3.627;951.957;936.9999999999998;;26790.0;;A_VALIDER;"APL;FILOS2023;COG2026;CENTRES"
25015;Amancey;25;6.0719;47.034;4.081;3.797;760.542;731.0;;27300.0;;A_VALIDER;"APL;FILOS2023;COG2026;CENTRES"
25016;Amathay-Vésigneux;25;6.1971;47.0237;4.396;3.99;173.426;173.0;;26920.0;;A_VALIDER;"APL;FILOS2023;COG2026;CENTRES"
25017;Amondans;25;6.0346;47.0722;4.164;4.042;87.198;86.0;;;;A_VALIDER;"APL;FILOS2023;COG2026;CENTRES"
25018;Anteuil;25;6.5781;47.3769;4.822;3.62;599.745;600.0000000000001;;26080.0;;A_VALIDER;"APL;FILOS2023;COG2026;CENTRES"
25019;Appenans;25;6.568;47.4549;4.532;3.996;392.596;385.0000000000001;;27200.0;;A_VALIDER;"APL;FILOS2023;COG2026;CENTRES"
25020;Arbouans;25;6.8095;47.4883;4.524;3.941;942.222;891.0000000000005;;25020.0;;A_VALIDER;"APL;FILOS2023;COG2026;CENTRES"
25021;Arc-et-Senans;25;5.7686;47.0344;4.09;3.979;1699.515;1621.000000000001;;25550.0;;A_VALIDER;"APL;FILOS2023;COG2026;CENTRES"
25022;Arcey;25;6.651;47.5207;4.109;3.674;1491.19;1491.000000000002;;26490.0;;A_VALIDER;"APL;FILOS2023;COG2026;CENTRES"
25024;Arçon;25;6.3843;46.9702;2.568;2.41;914.818;954.9999999999984;;31660.0;;A_VALIDER;"APL;FILOS2023;COG2026;CENTRES"
25025;Arc-sous-Cicon;25;6.4038;47.0524;3.468;3.468;727.125;750.9999999999999;;29360.0;;A_VALIDER;"APL;FILOS2023;COG2026;CENTRES"
25026;Arc-sous-Montenot;25;6.0086;46.9148;3.906;3.336;231.181;228.0000000000003;;26010.0;;A_VALIDER;"APL;FILOS2023;COG2026;CENTRES"
25029;Aubonne;25;6.3446;47.0417;1.36;1.36;258.399;259.9999999999999;;27190.0;;A_VALIDER;"APL;FILOS2023;COG2026;CENTRES"
25030;Audeux;25;5.8689;47.2578;5.012;5.012;420.095;421.9999999999994;;29040.0;;A_VALIDER;"APL;FILOS2023;COG2026;CENTRES"
25031;Audincourt;25;6.8498;47.4779;4.03;3.458;13984.556;14009.0;27.0;20850.0;;A_VALIDER;"APL;FILOS2023;COG2026;CENTRES"
25032;Autechaux;25;6.3868;47.3818;7.455;6.771;411.884;431.0;;26770.0;;A_VALIDER;"APL;FILOS2023;COG2026;CENTRES"
25033;Autechaux-Roide;25;6.811;47.3903;1.896;1.825;525.454;497.0000000000002;;29850.0;;A_VALIDER;"APL;FILOS2023;COG2026;CENTRES"
25035;Les Auxons;25;5.9557;47.3001;5.692;5.692;2528.822;2522.000000000001;4.0;30460.0;;A_VALIDER;"APL;FILOS2023;COG2026;CENTRES"
25036;Avanne-Aveney;25;5.9581;47.2005;4.451;4.181;2516.057;2237.0;8.0;28770.0;;A_VALIDER;"APL;FILOS2023;COG2026;CENTRES"
25038;Avilley;25;6.2674;47.4297;3.437;3.437;168.117;153.0;;26220.0;;A_VALIDER;"APL;FILOS2023;COG2026;CENTRES"
25039;Avoudrey;25;6.4334;47.1381;6.324;5.735;937.873;954.0;;28560.0;;A_VALIDER;"APL;FILOS2023;COG2026;CENTRES"
25040;Badevel;25;6.9362;47.5015;2.099;1.578;816.962;807.9999999999998;;28470.0;;A_VALIDER;"APL;FILOS2023;COG2026;CENTRES"
25041;Bannans;25;6.2335;46.9027;3.954;3.59;356.865;378.0000000000003;;31640.0;;A_VALIDER;"APL;FILOS2023;COG2026;CENTRES"
25042;Le Barboux;25;6.7207;47.1219;2.469;2.386;226.881;238.0000000000001;;40880.0;;A_VALIDER;"APL;FILOS2023;COG2026;CENTRES"
25043;Bart;25;6.7656;47.4908;4.0;3.535;2170.117;2015.0;;28150.0;;A_VALIDER;"APL;FILOS2023;COG2026;CENTRES"
25044;Bartherans;25;5.9263;47.0365;1.971;1.859;61.382;60.0;;;;A_VALIDER;"APL;FILOS2023;COG2026;CENTRES"
25045;Battenans-les-Mines;25;6.2702;47.4034;3.476;3.476;51.609;42.0;;;;A_VALIDER;"APL;FILOS2023;COG2026;CENTRES"
25046;Battenans-Varin;25;6.7171;47.2416;1.659;1.5;74.504;79.0;;;;A_VALIDER;"APL;FILOS2023;COG2026;CENTRES"
25047;Baume-les-Dames;25;6.3426;47.3492;5.657;5.233;5399.203;5063.999999999998;14.0;24670.0;;A_VALIDER;"APL;FILOS2023;COG2026;CENTRES"
25048;Bavans;25;6.7294;47.4805;3.119;2.801;3690.402;3566.000000000002;11.0;25830.0;;A_VALIDER;"APL;FILOS2023;COG2026;CENTRES"
25049;Belfays;25;6.9041;47.2584;1.86;1.701;123.517;130.9999999999995;;45580.0;;A_VALIDER;"APL;FILOS2023;COG2026;CENTRES"
25050;Le Bélieu;25;6.6306;47.124;3.163;2.998;481.759;512.0;;40350.0;;A_VALIDER;"APL;FILOS2023;COG2026;CENTRES"
25051;Belleherbe;25;6.6533;47.2659;2.747;1.624;627.249;625.9999999999995;;28020.0;;A_VALIDER;"APL;FILOS2023;COG2026;CENTRES"
25052;Belmont;25;6.3596;47.2204;2.702;2.114;75.595;74.99999999999999;;;;A_VALIDER;"APL;FILOS2023;COG2026;CENTRES"
25053;Belvoir;25;6.6152;47.3182;2.854;1.17;96.481;90.0;;;;A_VALIDER;"APL;FILOS2023;COG2026;CENTRES"
25054;Berche;25;6.7479;47.466;3.723;3.287;541.878;543.0000000000002;;28470.0;;A_VALIDER;"APL;FILOS2023;COG2026;CENTRES"
25055;Berthelange;25;5.7798;47.2022;4.694;4.694;339.29;357.9999999999993;;28350.0;;A_VALIDER;"APL;FILOS2023;COG2026;CENTRES"
25056;Besançon;25;6.0123;47.2602;5.099;4.543;116546.996;120057.0;24.0;23240.0;;A_VALIDER;"APL;FILOS2023;COG2026;CENTRES"
25057;Bethoncourt;25;6.7988;47.5418;3.372;2.702;5257.583;5288.000000000008;31.0;19780.0;;A_VALIDER;"APL;FILOS2023;COG2026;CENTRES"
25058;Beure;25;6.0048;47.2043;6.526;6.001;1352.103;1341.999999999999;;24930.0;;A_VALIDER;"APL;FILOS2023;COG2026;CENTRES"
25059;Beutal;25;6.6371;47.4763;3.547;3.27;264.135;268.9999999999999;;25990.0;;A_VALIDER;"APL;FILOS2023;COG2026;CENTRES"
25060;Val-d'Usiers;25;6.27;46.966;3.749;3.385;2050.971;2128.000000000002;5.0;30590.0;;A_VALIDER;"APL;FILOS2023;COG2026;CENTRES"
25061;Bief;25;6.7752;47.3235;1.413;1.413;128.737;111.0000000000002;;30810.0;;A_VALIDER;"APL;FILOS2023;COG2026;CENTRES"
25062;Le Bizot;25;6.6752;47.1374;2.131;2.048;289.654;304.0000000000002;;40700.0;;A_VALIDER;"APL;FILOS2023;COG2026;CENTRES"
25063;Blamont;25;6.8566;47.3907;1.602;1.531;1359.415;1236.0;;30120.0;;A_VALIDER;"APL;FILOS2023;COG2026;CENTRES"
25065;Blarians;25;6.1799;47.4119;3.422;3.422;63.453;54.99999999999996;;;;A_VALIDER;"APL;FILOS2023;COG2026;CENTRES"
25066;Blussangeaux;25;6.6176;47.4374;3.267;2.852;77.749;78.0;;;;A_VALIDER;"APL;FILOS2023;COG2026;CENTRES"
25067;Blussans;25;6.6104;47.4123;3.712;3.176;187.32;187.9999999999999;;28540.0;;A_VALIDER;"APL;FILOS2023;COG2026;CENTRES"
25070;Bolandoz;25;6.1141;47.006;5.053;4.647;380.898;379.0;;27490.0;;A_VALIDER;"APL;FILOS2023;COG2026;CENTRES"
25071;Bondeval;25;6.8442;47.4345;1.912;1.76;491.674;481.0;;29260.0;;A_VALIDER;"APL;FILOS2023;COG2026;CENTRES"
25072;Bonnal;25;6.3632;47.5066;4.042;4.042;20.212;19.0;;;;A_VALIDER;"APL;FILOS2023;COG2026;CENTRES"
25073;Bonnay;25;6.0437;47.3292;5.116;5.116;804.347;828.0000000000002;;29500.0;;A_VALIDER;"APL;FILOS2023;COG2026;CENTRES"
25074;Bonnétage;25;6.7535;47.1734;2.807;2.648;1045.247;1001.000000000002;;36600.0;;A_VALIDER;"APL;FILOS2023;COG2026;CENTRES"
25075;Bonnevaux;25;6.1975;46.8056;3.063;2.209;398.048;420.0000000000001;;36660.0;;A_VALIDER;"APL;FILOS2023;COG2026;CENTRES"
25077;La Bosse;25;6.6485;47.1428;2.015;1.932;83.145;85.99999999999997;;;;A_VALIDER;"APL;FILOS2023;COG2026;CENTRES"
25078;Bouclans;25;6.229;47.2443;3.334;2.975;1063.22;1056.999999999998;;27710.0;;A_VALIDER;"APL;FILOS2023;COG2026;CENTRES"
25079;Boujailles;25;6.0786;46.887;4.427;3.572;454.875;459.0;;29850.0;;A_VALIDER;"APL;FILOS2023;COG2026;CENTRES"
25082;Bourguignon;25;6.7739;47.4106;2.526;2.309;905.258;880.0;;26780.0;;A_VALIDER;"APL;FILOS2023;COG2026;CENTRES"
25083;Bournois;25;6.4975;47.4914;3.419;3.16;197.881;189.0;;21950.0;;A_VALIDER;"APL;FILOS2023;COG2026;CENTRES"
25084;Boussières;25;5.9013;47.1498;4.623;4.239;1185.397;1199.999999999999;;28550.0;;A_VALIDER;"APL;FILOS2023;COG2026;CENTRES"
25085;Bouverans;25;6.2152;46.8413;2.301;1.732;417.464;441.0000000000001;;32130.0;;A_VALIDER;"APL;FILOS2023;COG2026;CENTRES"
25086;Braillans;25;6.0873;47.3106;4.964;4.964;196.678;205.0000000000003;;29640.0;;A_VALIDER;"APL;FILOS2023;COG2026;CENTRES"
25087;Branne;25;6.4779;47.3806;4.561;3.957;181.272;180.9999999999994;;23460.0;;A_VALIDER;"APL;FILOS2023;COG2026;CENTRES"
25088;Breconchaux;25;6.2726;47.342;5.375;5.173;82.52;87.00000000000006;;;;A_VALIDER;"APL;FILOS2023;COG2026;CENTRES"
25089;Bremondans;25;6.3983;47.2316;2.659;2.07;102.616;101.9999999999998;;;;A_VALIDER;"APL;FILOS2023;COG2026;CENTRES"
25090;Brères;25;5.8646;47.0583;3.92;3.585;71.03;75.0;;;;A_VALIDER;"APL;FILOS2023;COG2026;CENTRES"
25091;Les Bréseux;25;6.8017;47.274;2.821;2.583;460.703;487.0000000000001;;36880.0;;A_VALIDER;"APL;FILOS2023;COG2026;CENTRES"
25092;La Bretenière;25;6.2756;47.3792;3.539;3.438;75.286;70.0;;;;A_VALIDER;"APL;FILOS2023;COG2026;CENTRES"
25093;Bretigney;25;6.6354;47.4867;3.818;3.542;75.419;76.0;;;;A_VALIDER;"APL;FILOS2023;COG2026;CENTRES"
25094;Bretigney-Notre-Dame;25;6.3037;47.3085;4.504;4.071;117.275;119.0;;24730.0;;A_VALIDER;"APL;FILOS2023;COG2026;CENTRES"
25095;Bretonvillers;25;6.6186;47.2164;1.874;1.313;295.253;284.9999999999999;;26550.0;;A_VALIDER;"APL;FILOS2023;COG2026;CENTRES"
25096;Brey-et-Maison-du-Bois;25;6.239;46.7469;2.877;2.723;166.71;178.9999999999994;;38330.0;;A_VALIDER;"APL;FILOS2023;COG2026;CENTRES"
25097;Brognard;25;6.8653;47.5279;5.877;4.978;480.178;477.0;;31450.0;;A_VALIDER;"APL;FILOS2023;COG2026;CENTRES"
25098;Buffard;25;5.8249;47.0325;4.341;4.118;194.758;189.9999999999993;;26640.0;;A_VALIDER;"APL;FILOS2023;COG2026;CENTRES"
25099;Bugny;25;6.3617;46.9972;2.974;2.895;225.026;248.0000000000001;;31910.0;;A_VALIDER;"APL;FILOS2023;COG2026;CENTRES"
25100;Bulle;25;6.1958;46.904;3.511;3.147;473.504;499.9999999999993;;34320.0;;A_VALIDER;"APL;FILOS2023;COG2026;CENTRES"
25101;Burgille;25;5.781;47.2609;4.494;4.494;537.388;568.0;;27920.0;;A_VALIDER;"APL;FILOS2023;COG2026;CENTRES"
25102;Burnevillers;25;7.0198;47.334;0.0;0.0;47.159;48.00000000000001;;;;A_VALIDER;"APL;FILOS2023;COG2026;CENTRES"
25103;Busy;25;5.9536;47.1688;4.031;3.597;662.02;675.0;;28650.0;;A_VALIDER;"APL;FILOS2023;COG2026;CENTRES"
25104;By;25;5.8993;47.0125;1.656;1.656;81.177;82.99999999999964;;;;A_VALIDER;"APL;FILOS2023;COG2026;CENTRES"
25105;Byans-sur-Doubs;25;5.8483;47.1102;4.866;4.643;606.182;618.9999999999995;;25880.0;;A_VALIDER;"APL;FILOS2023;COG2026;CENTRES"
25106;Cademène;25;6.0279;47.0939;4.345;3.994;72.789;66.0000000000003;;;;A_VALIDER;"APL;FILOS2023;COG2026;CENTRES"
25107;Cendrey;25;6.2446;47.3935;3.422;3.422;209.041;200.0;;24410.0;;A_VALIDER;"APL;FILOS2023;COG2026;CENTRES"
25108;Cernay-l'Église;25;6.8309;47.2485;2.838;2.6;307.642;318.0;;37150.0;;A_VALIDER;"APL;FILOS2023;COG2026;CENTRES"
25109;Cessey;25;5.9222;47.1152;3.07;2.654;318.986;320.9999999999997;;27300.0;;A_VALIDER;"APL;FILOS2023;COG2026;CENTRES"
25110;Chaffois;25;6.2469;46.9135;5.491;5.048;1013.174;1032.0;;32900.0;;A_VALIDER;"APL;FILOS2023;COG2026;CENTRES"
25111;Chalèze;25;6.0968;47.2623;6.227;6.05;387.948;375.0000000000002;;29110.0;;A_VALIDER;"APL;FILOS2023;COG2026;CENTRES"
25112;Chalezeule;25;6.0677;47.2552;5.932;5.755;1287.761;1326.000000000001;;27060.0;;A_VALIDER;"APL;FILOS2023;COG2026;CENTRES"
25113;Chamesey;25;6.6317;47.2376;1.874;1.313;135.946;139.0;;26520.0;;A_VALIDER;"APL;FILOS2023;COG2026;CENTRES"
25114;Chamesol;25;6.8499;47.3434;0.934;0.934;388.556;386.0000000000009;;27880.0;;A_VALIDER;"APL;FILOS2023;COG2026;CENTRES"
25115;Champagney;25;5.8917;47.2552;5.329;5.329;278.454;271.0;;28490.0;;A_VALIDER;"APL;FILOS2023;COG2026;CENTRES"
25116;Champlive;25;6.2406;47.2885;4.745;4.297;262.236;249.9999999999998;;26920.0;;A_VALIDER;"APL;FILOS2023;COG2026;CENTRES"
25117;Champoux;25;6.1342;47.342;6.608;6.507;89.219;90.0;;;;A_VALIDER;"APL;FILOS2023;COG2026;CENTRES"
25119;Champvans-les-Moulins;25;5.9074;47.256;5.083;5.083;323.673;317.0;;30270.0;;A_VALIDER;"APL;FILOS2023;COG2026;CENTRES"
25120;Chantrans;25;6.1658;47.0475;4.478;4.235;391.369;384.9999999999998;;26940.0;;A_VALIDER;"APL;FILOS2023;COG2026;CENTRES"
25121;Chapelle-des-Bois;25;6.1118;46.5952;0.37;0.37;264.718;259.0000000000001;;29100.0;;A_VALIDER;"APL;FILOS2023;COG2026;CENTRES"
25122;Chapelle-d'Huin;25;6.1704;46.9329;3.378;2.809;502.995;534.0;;30310.0;;A_VALIDER;"APL;FILOS2023;COG2026;CENTRES"
25124;Charmauvillers;25;6.9185;47.2297;0.93;0.85;270.61;282.9999999999997;;38940.0;;A_VALIDER;"APL;FILOS2023;COG2026;CENTRES"
25125;Charmoille;25;6.663;47.2342;1.874;1.313;324.459;319.0000000000001;;26240.0;;A_VALIDER;"APL;FILOS2023;COG2026;CENTRES"
25126;Charnay;25;5.9523;47.1301;3.077;2.693;471.404;470.9999999999998;;27910.0;;A_VALIDER;"APL;FILOS2023;COG2026;CENTRES"
25127;Charquemont;25;6.8485;47.2017;3.421;3.183;2763.379;2867.000000000003;5.0;37140.0;;A_VALIDER;"APL;FILOS2023;COG2026;CENTRES"
25129;Chassagne-Saint-Denis;25;6.1064;47.0828;3.521;3.155;128.48;128.9999999999999;;24800.0;;A_VALIDER;"APL;FILOS2023;COG2026;CENTRES"
25130;Châteauvieux-les-Fossés;25;6.2002;47.0553;3.15;2.907;12.572;9.0;;;;A_VALIDER;"APL;FILOS2023;COG2026;CENTRES"
25131;Châtelblanc;25;6.1087;46.6661;3.538;3.538;108.05;110.0;;32470.0;;A_VALIDER;"APL;FILOS2023;COG2026;CENTRES"
25132;Châtillon-Guyotte;25;6.168;47.3292;4.089;4.089;134.87;141.0000000000001;;29770.0;;A_VALIDER;"APL;FILOS2023;COG2026;CENTRES"
25133;Châtillon-le-Duc;25;6.0066;47.303;4.418;4.418;2146.235;2025.0;5.0;32970.0;;A_VALIDER;"APL;FILOS2023;COG2026;CENTRES"
25136;Chaucenne;25;5.8974;47.2835;4.139;4.139;494.921;512.9999999999995;;28280.0;;A_VALIDER;"APL;FILOS2023;COG2026;CENTRES"
25138;Les Terres-de-Chaux;25;6.7327;47.3151;1.503;1.503;131.273;129.9999999999999;;31150.0;;A_VALIDER;"APL;FILOS2023;COG2026;CENTRES"
25139;La Chaux;25;6.4093;47.0202;1.886;1.886;590.101;610.9999999999995;;31310.0;;A_VALIDER;"APL;FILOS2023;COG2026;CENTRES"
25141;Chaux-lès-Passavant;25;6.3485;47.2342;2.673;2.165;121.788;121.0;;27550.0;;A_VALIDER;"APL;FILOS2023;COG2026;CENTRES"
25142;Chaux-Neuve;25;6.1583;46.661;3.082;3.082;318.657;332.9999999999998;;37970.0;;A_VALIDER;"APL;FILOS2023;COG2026;CENTRES"
25143;Chay;25;5.8634;47.033;3.472;3.249;193.004;197.0000000000001;;25270.0;;A_VALIDER;"APL;FILOS2023;COG2026;CENTRES"
25145;Chazot;25;6.5354;47.3333;4.148;2.204;123.445;117.0;;26700.0;;A_VALIDER;"APL;FILOS2023;COG2026;CENTRES"
25147;Chemaudin et Vaux;25;5.8897;47.2263;5.154;5.154;2070.555;2114.000000000001;6.0;30270.0;;A_VALIDER;"APL;FILOS2023;COG2026;CENTRES"
25148;La Chenalotte;25;6.6901;47.1088;2.977;2.812;500.229;532.0;;43600.0;;A_VALIDER;"APL;FILOS2023;COG2026;CENTRES"
25149;Chenecey-Buillon;25;5.9724;47.1318;2.916;2.532;506.384;496.0000000000006;;28340.0;;A_VALIDER;"APL;FILOS2023;COG2026;CENTRES"
25150;Chevigney-sur-l'Ognon;25;5.8419;47.292;3.879;3.879;282.414;293.9999999999997;;27770.0;;A_VALIDER;"APL;FILOS2023;COG2026;CENTRES"
25151;Chevigney-lès-Vercel;25;6.3685;47.1653;5.265;4.676;131.337;140.0;;30970.0;;A_VALIDER;"APL;FILOS2023;COG2026;CENTRES"
25152;La Chevillotte;25;6.1592;47.2188;3.588;3.379;134.012;143.0000000000001;;29370.0;;A_VALIDER;"APL;FILOS2023;COG2026;CENTRES"
25153;Chevroz;25;5.9998;47.3314;3.999;3.999;143.572;140.0000000000002;;33520.0;;A_VALIDER;"APL;FILOS2023;COG2026;CENTRES"
25154;Chouzelot;25;5.91;47.1231;3.163;2.748;260.803;253.0000000000002;;26640.0;;A_VALIDER;"APL;FILOS2023;COG2026;CENTRES"
25155;Cléron;25;6.0664;47.0789;5.637;5.245;298.744;292.0000000000006;;27630.0;;A_VALIDER;"APL;FILOS2023;COG2026;CENTRES"
25156;Pays-de-Clerval;25;6.5021;47.3875;5.743;5.002;1168.954;1161.0;;23010.0;;A_VALIDER;"APL;FILOS2023;COG2026;CENTRES"
25157;La Cluse-et-Mijoux;25;6.3979;46.8575;3.374;2.907;1284.797;1317.000000000001;;36500.0;;A_VALIDER;"APL;FILOS2023;COG2026;CENTRES"
25159;Colombier-Fontaine;25;6.6888;47.4496;3.061;2.744;1288.865;1215.0;;24300.0;;A_VALIDER;"APL;FILOS2023;COG2026;CENTRES"
25160;Les Combes;25;6.5349;47.0462;3.194;3.028;734.252;769.9999999999998;;37930.0;;A_VALIDER;"APL;FILOS2023;COG2026;CENTRES"
25161;Consolation-Maisonnettes;25;6.6037;47.1564;0.302;0.302;23.442;24.00000000000009;;;;A_VALIDER;"APL;FILOS2023;COG2026;CENTRES"
25162;Corcelles-Ferrières;25;5.8037;47.2251;5.423;5.423;205.656;213.9999999999998;;28250.0;;A_VALIDER;"APL;FILOS2023;COG2026;CENTRES"
25163;Corcelle-Mieslot;25;6.182;47.3604;5.623;5.523;95.08;94.00000000000016;;;;A_VALIDER;"APL;FILOS2023;COG2026;CENTRES"
25164;Corcondray;25;5.8284;47.2249;5.936;5.936;152.108;146.0;;26290.0;;A_VALIDER;"APL;FILOS2023;COG2026;CENTRES"
25166;Côtebrune;25;6.309;47.2516;2.336;2.106;82.249;82.0000000000001;;;;A_VALIDER;"APL;FILOS2023;COG2026;CENTRES"
25170;Courcelles-lès-Montbéliard;25;6.7851;47.496;3.242;2.814;1406.324;1387.0;;27120.0;;A_VALIDER;"APL;FILOS2023;COG2026;CENTRES"
25171;Courcelles;25;5.9623;47.1007;3.038;2.735;104.991;104.9999999999999;;;;A_VALIDER;"APL;FILOS2023;COG2026;CENTRES"
25172;Courchapon;25;5.7499;47.2595;4.039;4.039;231.253;241.9999999999999;;28610.0;;A_VALIDER;"APL;FILOS2023;COG2026;CENTRES"
25173;Cour-Saint-Maurice;25;6.7106;47.2643;2.537;1.896;153.352;148.0;;25610.0;;A_VALIDER;"APL;FILOS2023;COG2026;CENTRES"
25174;Courtefontaine;25;6.914;47.3191;0.663;0.583;247.015;246.9999999999998;;33780.0;;A_VALIDER;"APL;FILOS2023;COG2026;CENTRES"
25175;Courtetain-et-Salans;25;6.4285;47.2579;1.39;0.998;89.763;91.0;;;;A_VALIDER;"APL;FILOS2023;COG2026;CENTRES"
25176;Courvières;25;6.0985;46.866;4.627;3.773;296.372;319.0000000000003;;31310.0;;A_VALIDER;"APL;FILOS2023;COG2026;CENTRES"
25177;Crosey-le-Grand;25;6.5315;47.344;3.253;1.87;150.407;147.9999999999999;;25840.0;;A_VALIDER;"APL;FILOS2023;COG2026;CENTRES"
25178;Crosey-le-Petit;25;6.4851;47.3426;3.552;2.768;118.581;121.0000000000001;;23620.0;;A_VALIDER;"APL;FILOS2023;COG2026;CENTRES"
25179;Le Crouzet;25;6.132;46.7088;2.339;2.055;58.657;56.00000000000018;;;;A_VALIDER;"APL;FILOS2023;COG2026;CENTRES"
25180;Crouzet-Migette;25;6.0121;46.9563;3.282;2.713;114.355;117.0;;26370.0;;A_VALIDER;"APL;FILOS2023;COG2026;CENTRES"
25181;Cubrial;25;6.4008;47.5037;4.345;4.345;148.327;148.0;;23290.0;;A_VALIDER;"APL;FILOS2023;COG2026;CENTRES"
25182;Cubry;25;6.4271;47.5008;4.214;4.214;98.294;102.0;;;;A_VALIDER;"APL;FILOS2023;COG2026;CENTRES"
25183;Cusance;25;6.434;47.321;1.541;1.44;80.995;76.0;;;;A_VALIDER;"APL;FILOS2023;COG2026;CENTRES"
25184;Cuse-et-Adrisans;25;6.387;47.4828;5.393;5.292;273.191;280.0000000000002;;24040.0;;A_VALIDER;"APL;FILOS2023;COG2026;CENTRES"
25185;Cussey-sur-Lison;25;5.9626;47.0711;1.765;1.765;66.656;68.00000000000003;;;;A_VALIDER;"APL;FILOS2023;COG2026;CENTRES"
25186;Cussey-sur-l'Ognon;25;5.9425;47.3277;3.032;3.032;1000.319;1049.000000000001;;27990.0;;A_VALIDER;"APL;FILOS2023;COG2026;CENTRES"
25187;Dambelin;25;6.6654;47.3706;2.693;2.433;499.589;506.0000000000005;;28910.0;;A_VALIDER;"APL;FILOS2023;COG2026;CENTRES"
25188;Dambenois;25;6.8735;47.5447;4.307;3.589;725.44;726.9999999999998;;31890.0;;A_VALIDER;"APL;FILOS2023;COG2026;CENTRES"
25189;Dammartin-les-Templiers;25;6.2847;47.2948;3.915;3.468;209.897;207.0000000000001;;27020.0;;A_VALIDER;"APL;FILOS2023;COG2026;CENTRES"
25190;Dampierre-les-Bois;25;6.9181;47.5073;3.304;2.694;1598.175;1564.999999999998;;29030.0;;A_VALIDER;"APL;FILOS2023;COG2026;CENTRES"
25191;Dampierre-sur-le-Doubs;25;6.7329;47.4644;3.456;3.061;471.873;451.9999999999998;;26510.0;;A_VALIDER;"APL;FILOS2023;COG2026;CENTRES"
25192;Dampjoux;25;6.7454;47.3386;1.44;1.44;162.194;164.0000000000007;;29250.0;;A_VALIDER;"APL;FILOS2023;COG2026;CENTRES"
25193;Damprichard;25;6.8796;47.238;2.127;1.968;1844.116;1825.000000000003;;33760.0;;A_VALIDER;"APL;FILOS2023;COG2026;CENTRES"
25194;Dannemarie;25;6.8992;47.3896;0.326;0.311;115.053;119.9999999999998;;;;A_VALIDER;"APL;FILOS2023;COG2026;CENTRES"
25195;Dannemarie-sur-Crète;25;5.8674;47.2075;4.893;4.893;1401.611;1503.000000000002;;28780.0;;A_VALIDER;"APL;FILOS2023;COG2026;CENTRES"
25196;Dasle;25;6.897;47.4822;3.072;2.553;1417.508;1370.000000000002;;29670.0;;A_VALIDER;"APL;FILOS2023;COG2026;CENTRES"
25197;Deluz;25;6.1905;47.2987;3.76;3.53;642.143;627.0;;24970.0;;A_VALIDER;"APL;FILOS2023;COG2026;CENTRES"
25198;Désandans;25;6.6715;47.54;4.101;3.689;842.504;716.9999999999986;;28580.0;;A_VALIDER;"APL;FILOS2023;COG2026;CENTRES"
25199;Déservillers;25;6.0758;46.9991;4.964;4.395;333.746;336.0;;25620.0;;A_VALIDER;"APL;FILOS2023;COG2026;CENTRES"
25200;Devecey;25;6.0172;47.3231;5.027;5.027;1357.13;1314.000000000001;;29690.0;;A_VALIDER;"APL;FILOS2023;COG2026;CENTRES"
25201;Dommartin;25;6.3112;46.9302;3.871;3.713;805.977;819.0000000000003;;34660.0;;A_VALIDER;"APL;FILOS2023;COG2026;CENTRES"
25202;Dompierre-les-Tilleuls;25;6.1641;46.8865;2.464;1.895;271.702;291.0;;27300.0;;A_VALIDER;"APL;FILOS2023;COG2026;CENTRES"
25203;Domprel;25;6.4751;47.1958;4.12;3.532;172.152;173.0;;28230.0;;A_VALIDER;"APL;FILOS2023;COG2026;CENTRES"
25204;Doubs;25;6.3651;46.9321;3.757;3.52;3379.501;3309.0;5.0;34640.0;;A_VALIDER;"APL;FILOS2023;COG2026;CENTRES"
25207;Dung;25;6.7442;47.5051;3.762;3.283;632.369;620.9999999999999;;30340.0;;A_VALIDER;"APL;FILOS2023;COG2026;CENTRES"
25208;Durnes;25;6.2238;47.1068;3.529;3.407;198.195;198.0;;29450.0;;A_VALIDER;"APL;FILOS2023;COG2026;CENTRES"
25209;Échay;25;5.9491;47.0465;2.064;1.952;113.235;115.0;;25050.0;;A_VALIDER;"APL;FILOS2023;COG2026;CENTRES"
25210;Échenans;25;6.6931;47.5272;4.017;3.605;154.078;163.0000000000004;;30180.0;;A_VALIDER;"APL;FILOS2023;COG2026;CENTRES"
25211;Échevannes;25;6.2325;47.0704;1.753;1.753;90.617;87.0;;;;A_VALIDER;"APL;FILOS2023;COG2026;CENTRES"
25212;École-Valentin;25;5.9877;47.2743;6.193;5.935;2600.326;2620.000000000001;6.0;29090.0;;A_VALIDER;"APL;FILOS2023;COG2026;CENTRES"
25213;Les Écorces;25;6.799;47.2053;3.421;3.183;732.706;765.9999999999992;;38570.0;;A_VALIDER;"APL;FILOS2023;COG2026;CENTRES"
25214;Écot;25;6.7338;47.4222;2.228;1.957;498.417;496.9999999999997;;29050.0;;A_VALIDER;"APL;FILOS2023;COG2026;CENTRES"
25215;L'Écouvotte;25;6.2519;47.3443;5.375;5.173;90.063;96.99999999999996;;23700.0;;A_VALIDER;"APL;FILOS2023;COG2026;CENTRES"
25216;Écurcey;25;6.8071;47.4028;1.67;1.599;285.298;266.0000000000002;;26680.0;;A_VALIDER;"APL;FILOS2023;COG2026;CENTRES"
25217;Émagny;25;5.8645;47.3039;3.812;3.812;625.967;620.0;;25150.0;;A_VALIDER;"APL;FILOS2023;COG2026;CENTRES"
25218;Épenouse;25;6.3955;47.2137;3.639;3.05;156.827;166.9999999999997;;27480.0;;A_VALIDER;"APL;FILOS2023;COG2026;CENTRES"
25219;Épenoy;25;6.3816;47.137;6.615;6.027;616.834;643.0000000000003;;31100.0;;A_VALIDER;"APL;FILOS2023;COG2026;CENTRES"
25220;Épeugney;25;6.0205;47.1291;4.204;3.784;595.753;599.0000000000003;;27340.0;;A_VALIDER;"APL;FILOS2023;COG2026;CENTRES"
25221;Esnans;25;6.3245;47.3326;4.918;4.615;60.978;65.00000000000009;;;;A_VALIDER;"APL;FILOS2023;COG2026;CENTRES"
25222;Étalans;25;6.2466;47.1668;6.797;6.329;1593.309;1648.000000000002;;28510.0;;A_VALIDER;"APL;FILOS2023;COG2026;CENTRES"
25223;Éternoz-Vallée-du-Lison;25;5.9986;47.0138;3.997;3.712;380.054;344.9999999999995;;23190.0;;A_VALIDER;"APL;FILOS2023;COG2026;CENTRES"
25224;Étouvans;25;6.7211;47.4555;3.066;2.748;858.283;824.0;;29180.0;;A_VALIDER;"APL;FILOS2023;COG2026;CENTRES"
25225;Étrabonne;25;5.7354;47.2343;4.479;4.479;184.209;183.9999999999996;;27420.0;;A_VALIDER;"APL;FILOS2023;COG2026;CENTRES"
25226;Étrappe;25;6.5806;47.4705;3.617;3.08;209.121;204.0;;27230.0;;A_VALIDER;"APL;FILOS2023;COG2026;CENTRES"
25227;Étray;25;6.3319;47.1292;5.228;4.835;259.378;289.9999999999999;;31460.0;;A_VALIDER;"APL;FILOS2023;COG2026;CENTRES"
25228;Étupes;25;6.8734;47.5056;4.391;3.593;3760.13;3710.999999999998;13.0;26440.0;;A_VALIDER;"APL;FILOS2023;COG2026;CENTRES"
25229;Évillers;25;6.223;46.9884;4.004;3.434;378.215;389.9999999999996;;28280.0;;A_VALIDER;"APL;FILOS2023;COG2026;CENTRES"
25230;Exincourt;25;6.8371;47.5017;3.857;3.237;3428.098;3273.000000000003;11.0;26600.0;;A_VALIDER;"APL;FILOS2023;COG2026;CENTRES"
25231;Eysson;25;6.4308;47.2029;4.252;3.663;118.221;122.9999999999998;;33020.0;;A_VALIDER;"APL;FILOS2023;COG2026;CENTRES"
25232;Faimbe;25;6.6157;47.4873;4.483;4.068;100.456;100.0;;;;A_VALIDER;"APL;FILOS2023;COG2026;CENTRES"
25233;Fallerans;25;6.291;47.1463;5.194;4.916;283.805;293.9999999999997;;27690.0;;A_VALIDER;"APL;FILOS2023;COG2026;CENTRES"
25234;Ferrières-le-Lac;25;6.8895;47.2683;1.86;1.701;151.755;168.0;;33120.0;;A_VALIDER;"APL;FILOS2023;COG2026;CENTRES"
25235;Ferrières-les-Bois;25;5.8019;47.2088;4.761;4.761;319.71;326.0;;29070.0;;A_VALIDER;"APL;FILOS2023;COG2026;CENTRES"
25236;Fertans;25;6.0678;47.0559;5.131;4.725;299.111;314.0000000000001;;27290.0;;A_VALIDER;"APL;FILOS2023;COG2026;CENTRES"
25237;Fesches-le-Châtel;25;6.9034;47.519;3.731;2.959;2153.433;2147.000000000002;11.0;26330.0;;A_VALIDER;"APL;FILOS2023;COG2026;CENTRES"
25238;Fessevillers;25;6.9204;47.2812;1.592;1.434;148.734;158.9999999999993;;34320.0;;A_VALIDER;"APL;FILOS2023;COG2026;CENTRES"
25239;Feule;25;6.7377;47.3504;1.398;1.398;183.458;189.0;;27710.0;;A_VALIDER;"APL;FILOS2023;COG2026;CENTRES"
25240;Les Fins;25;6.628;47.0794;3.494;3.246;3024.503;3062.0;3.0;39770.0;;A_VALIDER;"APL;FILOS2023;COG2026;CENTRES"
25241;Flagey;25;6.1108;47.0472;3.419;3.298;132.141;132.0000000000001;;26010.0;;A_VALIDER;"APL;FILOS2023;COG2026;CENTRES"
25242;Flagey-Rigney;25;6.2196;47.4147;3.128;3.128;125.385;133.0000000000001;;26470.0;;A_VALIDER;"APL;FILOS2023;COG2026;CENTRES"
25243;Flangebouche;25;6.4747;47.1197;4.698;4.306;833.621;833.0000000000002;;29660.0;;A_VALIDER;"APL;FILOS2023;COG2026;CENTRES"
25244;Fleurey;25;6.7803;47.2997;0.9;0.9;90.56;84.99999999999984;;;;A_VALIDER;"APL;FILOS2023;COG2026;CENTRES"
25245;Fontain;25;6.0308;47.1895;3.908;3.561;1218.311;1199.999999999999;;31190.0;;A_VALIDER;"APL;FILOS2023;COG2026;CENTRES"
25246;Fontaine-lès-Clerval;25;6.4672;47.4231;3.098;2.734;264.206;258.9999999999999;;23820.0;;A_VALIDER;"APL;FILOS2023;COG2026;CENTRES"
25247;Fontenelle-Montby;25;6.4118;47.4475;4.121;3.899;82.757;80.99999999999999;;;;A_VALIDER;"APL;FILOS2023;COG2026;CENTRES"
25248;Les Fontenelles;25;6.7535;47.1925;2.807;2.648;523.625;537.9999999999999;;36350.0;;A_VALIDER;"APL;FILOS2023;COG2026;CENTRES"
25249;Fontenotte;25;6.313;47.374;5.363;4.939;60.557;62.99999999999989;;;;A_VALIDER;"APL;FILOS2023;COG2026;CENTRES"
25251;Fourbanne;25;6.3076;47.3368;5.917;5.614;159.424;160.9999999999993;;29230.0;;A_VALIDER;"APL;FILOS2023;COG2026;CENTRES"
25252;Fourcatier-et-Maison-Neuve;25;6.313;46.7644;2.001;1.538;118.058;124.0000000000001;;37710.0;;A_VALIDER;"APL;FILOS2023;COG2026;CENTRES"
25253;Fourg;25;5.8033;47.0951;3.939;3.715;364.102;373.0;;26060.0;;A_VALIDER;"APL;FILOS2023;COG2026;CENTRES"
25254;Les Fourgs;25;6.4163;46.84;1.829;1.596;1376.549;1429.0;;35600.0;;A_VALIDER;"APL;FILOS2023;COG2026;CENTRES"
25255;Fournet-Blancheroche;25;6.8249;47.1649;2.096;2.016;339.095;351.0;;39300.0;;A_VALIDER;"APL;FILOS2023;COG2026;CENTRES"
25256;Frambouhans;25;6.7786;47.2003;3.737;3.498;843.804;878.0000000000022;;39190.0;;A_VALIDER;"APL;FILOS2023;COG2026;CENTRES"
25257;Franey;25;5.8174;47.2584;5.165;5.165;263.411;267.0;;28280.0;;A_VALIDER;"APL;FILOS2023;COG2026;CENTRES"
25258;Franois;25;5.9261;47.2246;6.084;6.084;2247.501;2250.000000000004;8.0;28120.0;;A_VALIDER;"APL;FILOS2023;COG2026;CENTRES"
25259;Frasne;25;6.145;46.854;2.678;2.109;1909.333;1958.0;;32360.0;;A_VALIDER;"APL;FILOS2023;COG2026;CENTRES"
25261;Froidevaux;25;6.6905;47.302;1.846;1.285;76.165;80.0;;;;A_VALIDER;"APL;FILOS2023;COG2026;CENTRES"
25262;Fuans;25;6.5897;47.126;4.054;3.775;448.572;471.9999999999997;;35890.0;;A_VALIDER;"APL;FILOS2023;COG2026;CENTRES"
25263;Gellin;25;6.2359;46.7179;2.777;2.623;246.259;263.9999999999998;;40370.0;;A_VALIDER;"APL;FILOS2023;COG2026;CENTRES"
25264;Gémonval;25;6.5928;47.5355;2.955;2.817;80.947;82.0;;;;A_VALIDER;"APL;FILOS2023;COG2026;CENTRES"
25265;Geneuille;25;5.9696;47.3217;4.499;4.499;1246.874;1264.0;;31490.0;;A_VALIDER;"APL;FILOS2023;COG2026;CENTRES"
25266;Geney;25;6.5671;47.4815;4.688;4.273;127.494;125.0;;25820.0;;A_VALIDER;"APL;FILOS2023;COG2026;CENTRES"
25267;Gennes;25;6.1305;47.2481;4.124;3.707;649.469;676.0;;29470.0;;A_VALIDER;"APL;FILOS2023;COG2026;CENTRES"
25268;Germéfontaine;25;6.4859;47.2256;3.043;2.651;113.113;117.0;;26720.0;;A_VALIDER;"APL;FILOS2023;COG2026;CENTRES"
25269;Germondans;25;6.1992;47.4165;3.717;3.717;63.931;58.99999999999996;;;;A_VALIDER;"APL;FILOS2023;COG2026;CENTRES"
25270;Gevresin;25;6.0495;46.9641;5.259;4.405;151.628;153.0;;28440.0;;A_VALIDER;"APL;FILOS2023;COG2026;CENTRES"
25271;Gilley;25;6.4832;47.0554;2.931;2.848;1754.201;1805.0;;35610.0;;A_VALIDER;"APL;FILOS2023;COG2026;CENTRES"
25273;Glamondans;25;6.2865;47.2658;2.746;2.4;188.599;195.9999999999999;;27810.0;;A_VALIDER;"APL;FILOS2023;COG2026;CENTRES"
25274;Glay;25;6.8944;47.4019;0.751;0.72;339.662;339.9999999999995;;27570.0;;A_VALIDER;"APL;FILOS2023;COG2026;CENTRES"
25275;Glère;25;6.984;47.3444;0.0;0.0;183.424;179.9999999999999;;30740.0;;A_VALIDER;"APL;FILOS2023;COG2026;CENTRES"
25276;Gondenans-Montby;25;6.4619;47.443;2.15;1.908;169.394;162.9999999999995;;23920.0;;A_VALIDER;"APL;FILOS2023;COG2026;CENTRES"
25277;Gondenans-les-Moulins;25;6.3832;47.4667;5.308;5.207;84.427;83.0;;;;A_VALIDER;"APL;FILOS2023;COG2026;CENTRES"
25278;Gonsans;25;6.299;47.2255;4.053;3.626;549.035;558.9999999999994;;27780.0;;A_VALIDER;"APL;FILOS2023;COG2026;CENTRES"
25279;Gouhelans;25;6.3622;47.4532;4.69;4.589;120.955;118.0;;25200.0;;A_VALIDER;"APL;FILOS2023;COG2026;CENTRES"
25280;Goumois;25;6.94;47.2662;0.0;0.0;171.168;167.0;;33850.0;;A_VALIDER;"APL;FILOS2023;COG2026;CENTRES"
25281;Goux-lès-Dambelin;25;6.6814;47.3981;1.547;1.408;266.705;272.0;;27260.0;;A_VALIDER;"APL;FILOS2023;COG2026;CENTRES"
25283;Goux-sous-Landet;25;5.934;47.0788;2.393;2.281;62.946;59.99999999999999;;;;A_VALIDER;"APL;FILOS2023;COG2026;CENTRES"
25284;Grand-Charmont;25;6.823;47.5332;4.09;3.332;5878.07;5864.999999999996;26.0;21070.0;;A_VALIDER;"APL;FILOS2023;COG2026;CENTRES"
25285;Grand'Combe-Châteleu;25;6.555;47.016;4.215;3.967;1481.646;1506.999999999998;;38900.0;;A_VALIDER;"APL;FILOS2023;COG2026;CENTRES"
25286;Grand'Combe-des-Bois;25;6.7794;47.1329;0.899;0.899;109.915;122.0;;40310.0;;A_VALIDER;"APL;FILOS2023;COG2026;CENTRES"
25287;Grandfontaine;25;5.9053;47.1982;4.307;4.307;1788.772;1810.0;;30300.0;;A_VALIDER;"APL;FILOS2023;COG2026;CENTRES"
25288;Fournets-Luisans;25;6.5663;47.1077;2.687;2.604;700.842;738.0000000000001;;35300.0;;A_VALIDER;"APL;FILOS2023;COG2026;CENTRES"
25289;Grandfontaine-sur-Creuse;25;6.4575;47.1867;4.563;3.974;72.254;73.00000000000004;;;;A_VALIDER;"APL;FILOS2023;COG2026;CENTRES"
25290;La Grange;25;6.6711;47.285;2.436;1.313;95.73;97.00000000000033;;;;A_VALIDER;"APL;FILOS2023;COG2026;CENTRES"
25293;Granges-Narboz;25;6.3227;46.8781;3.867;3.63;1269.035;1354.999999999999;;40660.0;;A_VALIDER;"APL;FILOS2023;COG2026;CENTRES"
25295;Les Grangettes;25;6.3165;46.8324;1.967;1.734;335.656;322.9999999999998;;38250.0;;A_VALIDER;"APL;FILOS2023;COG2026;CENTRES"
25296;Les Gras;25;6.5404;46.9894;2.531;2.365;774.134;804.0000000000003;;39170.0;;A_VALIDER;"APL;FILOS2023;COG2026;CENTRES"
25298;Grosbois;25;6.3054;47.3491;5.212;4.91;248.841;256.9999999999999;;25950.0;;A_VALIDER;"APL;FILOS2023;COG2026;CENTRES"
25299;Guillon-les-Bains;25;6.3946;47.3147;3.082;2.881;112.585;109.0000000000001;;22940.0;;A_VALIDER;"APL;FILOS2023;COG2026;CENTRES"
25300;Guyans-Durnes;25;6.2427;47.1292;4.441;4.238;304.799;317.0;;30270.0;;A_VALIDER;"APL;FILOS2023;COG2026;CENTRES"
25301;Guyans-Vennes;25;6.5914;47.1669;2.41;2.214;811.803;847.0000000000011;;33510.0;;A_VALIDER;"APL;FILOS2023;COG2026;CENTRES"
25304;Hérimoncourt;25;6.8868;47.4358;1.47;1.343;3501.709;3530.0;17.0;25270.0;;A_VALIDER;"APL;FILOS2023;COG2026;CENTRES"
25305;L'Hôpital-du-Grosbois;25;6.2111;47.1794;4.74;4.462;567.016;605.0000000000011;;28260.0;;A_VALIDER;"APL;FILOS2023;COG2026;CENTRES"
25306;L'Hôpital-Saint-Lieffroy;25;6.4555;47.4006;5.319;4.716;117.478;122.0;;24550.0;;A_VALIDER;"APL;FILOS2023;COG2026;CENTRES"
25307;Les Hôpitaux-Neufs;25;6.3957;46.7838;1.589;1.127;884.929;947.0;;47200.0;;A_VALIDER;"APL;FILOS2023;COG2026;CENTRES"
25308;Les Hôpitaux-Vieux;25;6.3988;46.802;1.589;1.127;433.088;463.0000000000005;;41980.0;;A_VALIDER;"APL;FILOS2023;COG2026;CENTRES"
25309;Houtaud;25;6.3021;46.915;4.961;4.724;1138.243;1197.000000000001;;36210.0;;A_VALIDER;"APL;FILOS2023;COG2026;CENTRES"
25310;Huanne-Montmartin;25;6.3418;47.4302;4.966;4.744;102.524;104.9999999999999;;;;A_VALIDER;"APL;FILOS2023;COG2026;CENTRES"
25311;Hyémondans;25;6.6422;47.3816;3.174;2.776;199.63;202.9999999999995;;24030.0;;A_VALIDER;"APL;FILOS2023;COG2026;CENTRES"
25312;Hyèvre-Magny;25;6.43;47.3616;5.421;4.856;64.626;63.0;;;;A_VALIDER;"APL;FILOS2023;COG2026;CENTRES"
25313;Hyèvre-Paroisse;25;6.4297;47.3749;4.474;4.03;201.153;191.9999999999993;;24960.0;;A_VALIDER;"APL;FILOS2023;COG2026;CENTRES"
25314;Indevillers;25;6.9706;47.3146;0.0;0.0;243.619;247.9999999999996;;33090.0;;A_VALIDER;"APL;FILOS2023;COG2026;CENTRES"
25315;L'Isle-sur-le-Doubs;25;6.5912;47.4242;5.218;4.56;2951.388;2811.999999999998;19.0;22750.0;;A_VALIDER;"APL;FILOS2023;COG2026;CENTRES"
25316;Issans;25;6.7338;47.5255;3.612;3.173;266.556;241.0;;29430.0;;A_VALIDER;"APL;FILOS2023;COG2026;CENTRES"
25317;Jallerange;25;5.719;47.2541;4.25;4.25;273.284;276.9999999999999;;24630.0;;A_VALIDER;"APL;FILOS2023;COG2026;CENTRES"
25318;Jougne;25;6.4064;46.7598;1.347;0.885;1813.771;1914.999999999999;4.0;46560.0;;A_VALIDER;"APL;FILOS2023;COG2026;CENTRES"
25320;Labergement-Sainte-Marie;25;6.282;46.7817;2.8;2.492;1209.754;1256.999999999999;;40300.0;;A_VALIDER;"APL;FILOS2023;COG2026;CENTRES"
25321;Villers-le-Lac;25;6.6946;47.073;3.552;3.303;5082.983;5248.0;6.0;42410.0;;A_VALIDER;"APL;FILOS2023;COG2026;CENTRES"
25322;Laire;25;6.7385;47.5509;3.422;3.021;412.471;410.0000000000006;;32170.0;;A_VALIDER;"APL;FILOS2023;COG2026;CENTRES"
25323;Laissey;25;6.2336;47.3006;4.379;4.047;444.583;441.9999999999993;;24670.0;;A_VALIDER;"APL;FILOS2023;COG2026;CENTRES"
25324;Lanans;25;6.4465;47.2932;0.561;0.0;155.105;161.9999999999997;;26840.0;;A_VALIDER;"APL;FILOS2023;COG2026;CENTRES"
25325;Landresse;25;6.4855;47.2597;1.39;0.998;235.315;238.0000000000006;;28500.0;;A_VALIDER;"APL;FILOS2023;COG2026;CENTRES"
25326;Lantenne-Vertière;25;5.7757;47.2308;5.191;5.191;540.597;545.0;;27780.0;;A_VALIDER;"APL;FILOS2023;COG2026;CENTRES"
25327;Lanthenans;25;6.6257;47.3915;3.677;3.279;70.241;70.0;;;;A_VALIDER;"APL;FILOS2023;COG2026;CENTRES"
25328;Larnod;25;5.9718;47.1762;4.022;3.576;793.135;783.9999999999993;;29540.0;;A_VALIDER;"APL;FILOS2023;COG2026;CENTRES"
25329;Laval-le-Prieuré;25;6.6207;47.1794;0.613;0.613;33.177;33.0;;;;A_VALIDER;"APL;FILOS2023;COG2026;CENTRES"
25330;Lavans-Quingey;25;5.896;47.0888;3.224;2.809;170.281;182.0000000000001;;28540.0;;A_VALIDER;"APL;FILOS2023;COG2026;CENTRES"
25331;Lavans-Vuillafans;25;6.2536;47.0774;2.978;2.856;222.77;238.0000000000001;;28060.0;;A_VALIDER;"APL;FILOS2023;COG2026;CENTRES"
25332;Lavernay;25;5.8194;47.2447;5.296;5.296;556.23;577.0000000000001;;26040.0;;A_VALIDER;"APL;FILOS2023;COG2026;CENTRES"
25333;Laviron;25;6.5614;47.2553;2.724;1.601;353.0;351.9999999999997;;27880.0;;A_VALIDER;"APL;FILOS2023;COG2026;CENTRES"
25334;Levier;25;6.1196;46.9655;4.971;4.117;2346.663;2344.999999999996;9.0;27730.0;;A_VALIDER;"APL;FILOS2023;COG2026;CENTRES"
25335;Liebvillers;25;6.7845;47.3323;1.387;1.387;147.162;147.0;;23560.0;;A_VALIDER;"APL;FILOS2023;COG2026;CENTRES"
25336;Liesle;25;5.8109;47.0683;4.211;3.876;569.653;557.9999999999993;;26520.0;;A_VALIDER;"APL;FILOS2023;COG2026;CENTRES"
25338;Lizine;25;5.9921;47.0534;2.771;2.771;100.332;90.99999999999974;;;;A_VALIDER;"APL;FILOS2023;COG2026;CENTRES"
25339;Lods;25;6.2591;47.0499;2.593;2.471;250.569;244.0;;25680.0;;A_VALIDER;"APL;FILOS2023;COG2026;CENTRES"
25340;Lombard;25;5.8507;47.0826;3.854;3.519;201.671;195.0;;26680.0;;A_VALIDER;"APL;FILOS2023;COG2026;CENTRES"
25341;Lomont-sur-Crête;25;6.4338;47.3381;3.585;3.383;169.845;171.0000000000006;;27500.0;;A_VALIDER;"APL;FILOS2023;COG2026;CENTRES"
25342;Longechaux;25;6.4368;47.1647;4.396;4.004;74.223;78.0;;;;A_VALIDER;"APL;FILOS2023;COG2026;CENTRES"
25343;Longemaison;25;6.459;47.0847;4.44;4.244;155.518;163.0;;30840.0;;A_VALIDER;"APL;FILOS2023;COG2026;CENTRES"
25344;Longevelle-lès-Russey;25;6.6557;47.222;1.874;1.313;43.338;39.99999999999996;;;;A_VALIDER;"APL;FILOS2023;COG2026;CENTRES"
25345;Longevelle-sur-Doubs;25;6.6503;47.4627;4.035;3.62;662.607;653.0000000000008;;28350.0;;A_VALIDER;"APL;FILOS2023;COG2026;CENTRES"
25346;Longeville;25;6.2309;47.033;3.148;3.026;180.198;179.9999999999998;;29180.0;;A_VALIDER;"APL;FILOS2023;COG2026;CENTRES"
25348;Longevilles-Mont-d'Or;25;6.3293;46.7451;2.754;2.292;576.833;615.0;;41790.0;;A_VALIDER;"APL;FILOS2023;COG2026;CENTRES"
25349;Loray;25;6.4933;47.1572;4.759;4.366;608.465;635.9999999999994;;31730.0;;A_VALIDER;"APL;FILOS2023;COG2026;CENTRES"
25350;Lougres;25;6.6801;47.4718;3.564;3.208;745.541;724.9999999999993;;27700.0;;A_VALIDER;"APL;FILOS2023;COG2026;CENTRES"
25351;Le Luhier;25;6.6777;47.1689;2.099;2.019;236.859;242.9999999999999;;34860.0;;A_VALIDER;"APL;FILOS2023;COG2026;CENTRES"
25354;Luxiol;25;6.3483;47.3794;6.624;6.2;157.304;156.0;;25210.0;;A_VALIDER;"APL;FILOS2023;COG2026;CENTRES"
25355;Magny-Châtelard;25;6.3283;47.2345;2.786;2.162;58.38;64.00000000000006;;;;A_VALIDER;"APL;FILOS2023;COG2026;CENTRES"
25356;Maîche;25;6.7915;47.2412;3.388;3.15;4293.694;4225.999999999996;10.0;32800.0;;A_VALIDER;"APL;FILOS2023;COG2026;CENTRES"
25357;Maisons-du-Bois-Lièvremont;25;6.4131;46.9796;2.221;2.142;785.265;845.9999999999997;;33620.0;;A_VALIDER;"APL;FILOS2023;COG2026;CENTRES"
25359;Malans;25;6.0295;47.0452;2.683;2.683;154.471;151.0;;24440.0;;A_VALIDER;"APL;FILOS2023;COG2026;CENTRES"
25360;Malbrans;25;6.0897;47.1241;4.535;4.072;165.326;167.0000000000003;;26240.0;;A_VALIDER;"APL;FILOS2023;COG2026;CENTRES"
25361;Malbuisson;25;6.31;46.8015;2.208;1.9;835.049;882.9999999999982;;40860.0;;A_VALIDER;"APL;FILOS2023;COG2026;CENTRES"
25362;Malpas;25;6.2892;46.8283;2.252;1.734;268.438;286.9999999999997;;38720.0;;A_VALIDER;"APL;FILOS2023;COG2026;CENTRES"
25364;Mamirolle;25;6.1531;47.1947;5.12;4.749;1989.016;1973.999999999999;;28900.0;;A_VALIDER;"APL;FILOS2023;COG2026;CENTRES"
25365;Mancenans;25;6.5433;47.4637;3.617;3.08;322.36;318.0;;23840.0;;A_VALIDER;"APL;FILOS2023;COG2026;CENTRES"
25366;Mancenans-Lizerne;25;6.7741;47.2555;2.838;2.6;181.828;184.0000000000001;;34480.0;;A_VALIDER;"APL;FILOS2023;COG2026;CENTRES"
25367;Mandeure;25;6.8125;47.4315;2.21;2.01;4788.262;4671.999999999995;19.0;23130.0;;A_VALIDER;"APL;FILOS2023;COG2026;CENTRES"
25368;Marchaux-Chaudefontaine;25;6.1376;47.3338;6.734;6.633;1412.555;1429.0;;27450.0;;A_VALIDER;"APL;FILOS2023;COG2026;CENTRES"
25369;Marvelise;25;6.5947;47.5209;3.636;3.359;151.514;150.0;;28470.0;;A_VALIDER;"APL;FILOS2023;COG2026;CENTRES"
25370;Mathay;25;6.7755;47.4394;4.573;3.995;2205.404;2131.000000000003;6.0;27850.0;;A_VALIDER;"APL;FILOS2023;COG2026;CENTRES"
25371;Mazerolles-le-Salin;25;5.8689;47.2424;5.674;5.674;219.884;220.0000000000003;;30860.0;;A_VALIDER;"APL;FILOS2023;COG2026;CENTRES"
25372;Médière;25;6.6022;47.4624;4.813;4.276;293.984;282.0;;23230.0;;A_VALIDER;"APL;FILOS2023;COG2026;CENTRES"
25373;Le Mémont;25;6.6885;47.1598;0.947;0.947;42.201;45.0;;;;A_VALIDER;"APL;FILOS2023;COG2026;CENTRES"
25374;Mercey-le-Grand;25;5.7547;47.2095;4.857;4.857;521.764;531.0000000000009;;26460.0;;A_VALIDER;"APL;FILOS2023;COG2026;CENTRES"
25375;Les Monts-Ronds;25;6.0733;47.1581;4.682;4.18;645.205;669.0000000000005;;29030.0;;A_VALIDER;"APL;FILOS2023;COG2026;CENTRES"
25376;Mérey-Vieilley;25;6.0629;47.331;4.647;4.647;167.102;168.0000000000001;;27120.0;;A_VALIDER;"APL;FILOS2023;COG2026;CENTRES"
25377;Mésandans;25;6.378;47.43;6.421;6.098;224.495;234.0;;25410.0;;A_VALIDER;"APL;FILOS2023;COG2026;CENTRES"
25378;Meslières;25;6.8942;47.4185;0.633;0.562;333.344;329.9999999999999;;28070.0;;A_VALIDER;"APL;FILOS2023;COG2026;CENTRES"
25379;Mesmay;25;5.8509;47.0582;3.582;3.247;71.443;67.99999999999999;;;;A_VALIDER;"APL;FILOS2023;COG2026;CENTRES"
25380;Métabief;25;6.3512;46.7619;2.101;1.638;1299.854;1395.0;;43920.0;;A_VALIDER;"APL;FILOS2023;COG2026;CENTRES"
25381;Miserey-Salines;25;5.9705;47.2897;4.99;4.99;2670.374;2660.000000000003;3.0;31340.0;;A_VALIDER;"APL;FILOS2023;COG2026;CENTRES"
25382;Moncey;25;6.1327;47.3612;6.18;6.18;600.221;629.0000000000003;;27170.0;;A_VALIDER;"APL;FILOS2023;COG2026;CENTRES"
25383;Moncley;25;5.9026;47.3056;3.904;3.904;302.47;296.0000000000001;;30170.0;;A_VALIDER;"APL;FILOS2023;COG2026;CENTRES"
25384;Mondon;25;6.3133;47.4478;3.491;3.491;77.52;79.0;;;;A_VALIDER;"APL;FILOS2023;COG2026;CENTRES"
25385;Montagney-Servigney;25;6.3054;47.4685;3.404;3.404;119.658;123.0;;24060.0;;A_VALIDER;"APL;FILOS2023;COG2026;CENTRES"
25386;Montancy;25;7.0259;47.354;0.0;0.0;117.166;119.0;;32750.0;;A_VALIDER;"APL;FILOS2023;COG2026;CENTRES"
25387;Montandon;25;6.8365;47.2986;1.892;1.733;363.757;372.0000000000006;;32810.0;;A_VALIDER;"APL;FILOS2023;COG2026;CENTRES"
25388;Montbéliard;25;6.7834;47.5168;3.891;3.159;25556.018;25516.0;30.1;21000.0;;A_VALIDER;"APL;FILOS2023;COG2026;CENTRES"
25389;Montbéliardot;25;6.6694;47.1822;1.201;1.201;111.844;113.0;;34880.0;;A_VALIDER;"APL;FILOS2023;COG2026;CENTRES"
25390;Pays-de-Montbenoît;25;6.4652;46.9985;1.327;1.327;1807.6;1914.0;;34120.0;;A_VALIDER;"APL;FILOS2023;COG2026;CENTRES"
25391;Mont-de-Laval;25;6.6408;47.1633;1.169;1.169;190.488;189.9999999999999;;36280.0;;A_VALIDER;"APL;FILOS2023;COG2026;CENTRES"
25392;Mont-de-Vougney;25;6.7371;47.2417;2.255;2.017;185.176;195.0000000000003;;37260.0;;A_VALIDER;"APL;FILOS2023;COG2026;CENTRES"
25393;Montécheroux;25;6.7965;47.3469;0.919;0.919;567.542;556.9999999999995;;27330.0;;A_VALIDER;"APL;FILOS2023;COG2026;CENTRES"
25394;Montenois;25;6.6573;47.4921;3.805;3.449;1374.046;1394.0;;28320.0;;A_VALIDER;"APL;FILOS2023;COG2026;CENTRES"
25395;Montfaucon;25;6.0881;47.2408;5.752;5.124;1630.129;1608.000000000002;;36470.0;;A_VALIDER;"APL;FILOS2023;COG2026;CENTRES"
25397;Montferrand-le-Château;25;5.9185;47.191;3.891;3.811;2376.29;2191.000000000001;;27850.0;;A_VALIDER;"APL;FILOS2023;COG2026;CENTRES"
25400;Montgesoye;25;6.1963;47.0877;4.485;4.051;517.063;494.0;;26410.0;;A_VALIDER;"APL;FILOS2023;COG2026;CENTRES"
25401;Montivernage;25;6.4225;47.3099;1.541;1.44;30.516;28.00000000000008;;;;A_VALIDER;"APL;FILOS2023;COG2026;CENTRES"
25402;Montjoie-le-Château;25;6.8965;47.3461;0.566;0.566;22.624;22.0;;;;A_VALIDER;"APL;FILOS2023;COG2026;CENTRES"
25403;Montlebon;25;6.6316;47.0216;3.715;3.466;2163.328;2227.0;3.0;41460.0;;A_VALIDER;"APL;FILOS2023;COG2026;CENTRES"
25404;Montmahoux;25;6.0317;46.9817;3.282;2.713;91.318;91.0;;;;A_VALIDER;"APL;FILOS2023;COG2026;CENTRES"
25405;Montperreux;25;6.3424;46.8205;2.209;1.976;898.23;932.9999999999995;;44720.0;;A_VALIDER;"APL;FILOS2023;COG2026;CENTRES"
25406;Montrond-le-Château;25;6.0433;47.146;3.915;3.455;556.439;558.9999999999994;;28860.0;;A_VALIDER;"APL;FILOS2023;COG2026;CENTRES"
25408;Montussaint;25;6.2927;47.4364;3.437;3.437;57.219;53.99999999999999;;;;A_VALIDER;"APL;FILOS2023;COG2026;CENTRES"
25410;Morre;25;6.0688;47.2188;7.395;6.59;1304.505;1320.999999999998;;29790.0;;A_VALIDER;"APL;FILOS2023;COG2026;CENTRES"
25411;Morteau;25;6.5891;47.0643;4.052;3.804;6847.845;6905.000000000004;9.0;36690.0;;A_VALIDER;"APL;FILOS2023;COG2026;CENTRES"
25413;Mouthe;25;6.2089;46.6836;3.0;2.716;1067.847;1024.999999999998;;36670.0;;A_VALIDER;"APL;FILOS2023;COG2026;CENTRES"
25414;Le Moutherot;25;5.7317;47.2429;3.074;3.074;125.769;132.0;;29300.0;;A_VALIDER;"APL;FILOS2023;COG2026;CENTRES"
25415;Mouthier-Haute-Pierre;25;6.2812;47.0378;2.874;2.752;372.21;356.9999999999998;;26220.0;;A_VALIDER;"APL;FILOS2023;COG2026;CENTRES"
25416;Myon;25;5.9404;47.0076;2.849;2.849;203.415;181.0000000000001;;25370.0;;A_VALIDER;"APL;FILOS2023;COG2026;CENTRES"
25417;Naisey-les-Granges;25;6.2385;47.2079;4.263;3.836;812.519;821.9999999999999;;28240.0;;A_VALIDER;"APL;FILOS2023;COG2026;CENTRES"
25418;Nancray;25;6.177;47.2488;3.642;3.202;1294.481;1300.0;;29740.0;;A_VALIDER;"APL;FILOS2023;COG2026;CENTRES"
25419;Nans;25;6.4113;47.4765;3.512;3.512;92.0;92.00000000000003;;;;A_VALIDER;"APL;FILOS2023;COG2026;CENTRES"
25420;Nans-sous-Sainte-Anne;25;5.9904;46.9772;3.822;3.537;184.5;168.9999999999993;;24920.0;;A_VALIDER;"APL;FILOS2023;COG2026;CENTRES"
25421;Narbief;25;6.6937;47.1299;2.131;2.048;95.387;99.0;;31580.0;;A_VALIDER;"APL;FILOS2023;COG2026;CENTRES"
25422;Neuchâtel-Urtière;25;6.7285;47.3799;0.881;0.881;158.256;166.0;;31320.0;;A_VALIDER;"APL;FILOS2023;COG2026;CENTRES"
25424;Les Premiers Sapins;25;6.3426;47.0774;5.572;5.179;1554.464;1576.000000000002;;28410.0;;A_VALIDER;"APL;FILOS2023;COG2026;CENTRES"
25425;Noël-Cerneux;25;6.6556;47.1062;2.963;2.798;432.904;455.0000000000008;;40720.0;;A_VALIDER;"APL;FILOS2023;COG2026;CENTRES"
25426;Noirefontaine;25;6.7669;47.3461;1.723;1.723;338.913;325.0000000000001;;27730.0;;A_VALIDER;"APL;FILOS2023;COG2026;CENTRES"
25427;Noironte;25;5.8701;47.2743;5.141;5.141;396.187;400.9999999999997;;27930.0;;A_VALIDER;"APL;FILOS2023;COG2026;CENTRES"
25428;Nommay;25;6.8454;47.537;4.307;3.589;1668.689;1601.0;;28710.0;;A_VALIDER;"APL;FILOS2023;COG2026;CENTRES"
25429;Novillars;25;6.1301;47.2876;4.158;4.158;1337.541;1345.0;;24140.0;;A_VALIDER;"APL;FILOS2023;COG2026;CENTRES"
25430;Ollans;25;6.2455;47.4208;4.181;4.181;44.764;40.00000000000001;;;;A_VALIDER;"APL;FILOS2023;COG2026;CENTRES"
25431;Onans;25;6.6036;47.5011;3.545;3.269;374.742;366.0;;26620.0;;A_VALIDER;"APL;FILOS2023;COG2026;CENTRES"
25432;Orchamps-Vennes;25;6.5122;47.109;4.483;4.287;2115.09;2179.999999999998;6.0;33760.0;;A_VALIDER;"APL;FILOS2023;COG2026;CENTRES"
25433;Orgeans-Blanchefontaine;25;6.7554;47.2675;1.993;1.834;40.223;39.99999999999999;;;;A_VALIDER;"APL;FILOS2023;COG2026;CENTRES"
25434;Ornans;25;6.1534;47.1;4.538;4.035;4645.815;4421.0;10.0;26260.0;;A_VALIDER;"APL;FILOS2023;COG2026;CENTRES"
25435;Orsans;25;6.3832;47.2468;2.474;2.082;172.292;179.0;;28500.0;;A_VALIDER;"APL;FILOS2023;COG2026;CENTRES"
25436;Orve;25;6.5589;47.338;4.148;2.204;64.46;57.99999999999991;;;;A_VALIDER;"APL;FILOS2023;COG2026;CENTRES"
25437;Osse;25;6.2115;47.2718;3.255;2.897;361.951;363.9999999999999;;27590.0;;A_VALIDER;"APL;FILOS2023;COG2026;CENTRES"
25438;Osselle-Routelle;25;5.8622;47.1565;5.314;5.091;943.332;956.0000000000005;;28080.0;;A_VALIDER;"APL;FILOS2023;COG2026;CENTRES"
25439;Ougney-Douvot;25;6.2707;47.3184;5.733;5.3;255.06;253.0000000000001;;26010.0;;A_VALIDER;"APL;FILOS2023;COG2026;CENTRES"
25440;Ouhans;25;6.3134;47.0027;1.966;1.966;385.401;392.9999999999996;;27850.0;;A_VALIDER;"APL;FILOS2023;COG2026;CENTRES"
25441;Ouvans;25;6.488;47.2768;1.412;0.654;67.171;68.00000000000011;;;;A_VALIDER;"APL;FILOS2023;COG2026;CENTRES"
25442;Oye-et-Pallet;25;6.3367;46.8533;3.22;2.907;687.039;714.0;;39280.0;;A_VALIDER;"APL;FILOS2023;COG2026;CENTRES"
25443;Palantine;25;5.9424;47.1004;2.945;2.641;54.713;59.0;;;;A_VALIDER;"APL;FILOS2023;COG2026;CENTRES"
25444;Palise;25;6.0925;47.3658;3.59;3.59;144.14;144.9999999999999;;28730.0;;A_VALIDER;"APL;FILOS2023;COG2026;CENTRES"
25445;Paroy;25;5.8854;47.0341;4.101;3.766;115.938;118.0;;30070.0;;A_VALIDER;"APL;FILOS2023;COG2026;CENTRES"
25446;Passavant;25;6.3955;47.2793;1.549;1.041;183.548;181.9999999999999;;27540.0;;A_VALIDER;"APL;FILOS2023;COG2026;CENTRES"
25447;Passonfontaine;25;6.4253;47.0989;4.22;3.828;317.271;334.0;;30710.0;;A_VALIDER;"APL;FILOS2023;COG2026;CENTRES"
25448;Pelousey;25;5.9251;47.2798;4.725;4.725;1521.373;1588.000000000002;;28840.0;;A_VALIDER;"APL;FILOS2023;COG2026;CENTRES"
25449;Péseux;25;6.6872;47.3173;2.125;1.002;127.03;135.9999999999995;;27850.0;;A_VALIDER;"APL;FILOS2023;COG2026;CENTRES"
25450;Pessans;25;5.8907;47.0716;4.397;3.982;86.222;90.00000000000027;;;;A_VALIDER;"APL;FILOS2023;COG2026;CENTRES"
25451;Petite-Chaux;25;6.1617;46.6754;2.808;2.808;162.865;174.0;;40180.0;;A_VALIDER;"APL;FILOS2023;COG2026;CENTRES"
25452;Pierrefontaine-lès-Blamont;25;6.8225;47.3716;1.345;1.329;463.761;480.0;;33190.0;;A_VALIDER;"APL;FILOS2023;COG2026;CENTRES"
25453;Pierrefontaine-les-Varans;25;6.554;47.2153;4.014;3.061;1420.197;1361.0;;26690.0;;A_VALIDER;"APL;FILOS2023;COG2026;CENTRES"
25454;Pirey;25;5.9696;47.2597;6.492;6.222;2160.842;2179.0;6.0;30910.0;;A_VALIDER;"APL;FILOS2023;COG2026;CENTRES"
25455;Placey;25;5.8481;47.258;4.543;4.543;192.004;193.0000000000001;;29720.0;;A_VALIDER;"APL;FILOS2023;COG2026;CENTRES"
25456;Plaimbois-du-Miroir;25;6.6453;47.192;0.631;0.631;259.997;279.9999999999986;;37880.0;;A_VALIDER;"APL;FILOS2023;COG2026;CENTRES"
25457;Plaimbois-Vennes;25;6.5613;47.1831;1.386;1.386;110.617;116.0000000000005;;;;A_VALIDER;"APL;FILOS2023;COG2026;CENTRES"
25458;Les Plains-et-Grands-Essarts;25;6.8954;47.3025;1.592;1.434;202.137;211.0000000000001;;30670.0;;A_VALIDER;"APL;FILOS2023;COG2026;CENTRES"
25459;La Planée;25;6.2746;46.8402;2.209;2.13;313.658;325.0000000000001;;36230.0;;A_VALIDER;"APL;FILOS2023;COG2026;CENTRES"
25460;Le Val;25;5.9006;47.0636;3.12;2.785;239.35;244.9999999999999;;26680.0;;A_VALIDER;"APL;FILOS2023;COG2026;CENTRES"
25461;Pompierre-sur-Doubs;25;6.5275;47.4265;3.019;2.517;295.984;298.0;;24180.0;;A_VALIDER;"APL;FILOS2023;COG2026;CENTRES"
25462;Pontarlier;25;6.3796;46.9167;4.1;3.863;17812.699;17928.00000000001;13.0;28590.0;;A_VALIDER;"APL;FILOS2023;COG2026;CENTRES"
25463;Pont-de-Roide-Vermondans;25;6.7657;47.3872;1.674;1.659;4221.566;3971.000000000005;13.0;25190.0;;A_VALIDER;"APL;FILOS2023;COG2026;CENTRES"
25464;Les Pontets;25;6.1639;46.7209;2.819;2.535;127.745;136.9999999999999;;32980.0;;A_VALIDER;"APL;FILOS2023;COG2026;CENTRES"
25465;Pont-les-Moulins;25;6.3633;47.3268;5.068;4.644;205.678;207.0000000000001;;25810.0;;A_VALIDER;"APL;FILOS2023;COG2026;CENTRES"
25466;Pouilley-Français;25;5.8429;47.2015;4.963;4.963;798.298;824.0000000000009;;28360.0;;A_VALIDER;"APL;FILOS2023;COG2026;CENTRES"
25467;Pouilley-les-Vignes;25;5.9292;47.2614;4.59;4.59;2182.533;2162.0;7.0;30150.0;;A_VALIDER;"APL;FILOS2023;COG2026;CENTRES"
25468;Pouligney-Lusans;25;6.1998;47.3389;4.823;4.606;809.033;850.0000000000013;;28100.0;;A_VALIDER;"APL;FILOS2023;COG2026;CENTRES"
25469;Présentevillers;25;6.7303;47.5026;3.928;3.564;486.101;467.9999999999997;;28800.0;;A_VALIDER;"APL;FILOS2023;COG2026;CENTRES"
25470;La Prétière;25;6.6108;47.4494;4.373;3.837;161.27;159.9999999999998;;24120.0;;A_VALIDER;"APL;FILOS2023;COG2026;CENTRES"
25471;Provenchère;25;6.6464;47.2897;2.997;1.313;136.977;139.0;;27330.0;;A_VALIDER;"APL;FILOS2023;COG2026;CENTRES"
25472;Puessans;25;6.3214;47.4336;4.018;3.917;34.837;33.00000000000006;;;;A_VALIDER;"APL;FILOS2023;COG2026;CENTRES"
25473;Pugey;25;5.9952;47.1741;4.058;3.612;695.16;686.0;;28580.0;;A_VALIDER;"APL;FILOS2023;COG2026;CENTRES"
25474;Le Puy;25;6.2327;47.3455;5.375;5.173;96.373;105.0;;;;A_VALIDER;"APL;FILOS2023;COG2026;CENTRES"
25475;Quingey;25;5.8819;47.1115;2.865;2.449;1387.251;1313.0;;24680.0;;A_VALIDER;"APL;FILOS2023;COG2026;CENTRES"
25476;Rahon;25;6.5838;47.3266;3.801;1.996;140.094;136.0;;25080.0;;A_VALIDER;"APL;FILOS2023;COG2026;CENTRES"
25477;Rancenay;25;5.945;47.1843;3.321;3.321;409.928;421.0000000000005;;30000.0;;A_VALIDER;"APL;FILOS2023;COG2026;CENTRES"
25478;Randevillers;25;6.5276;47.3048;2.52;0.836;121.522;110.9999999999995;;23730.0;;A_VALIDER;"APL;FILOS2023;COG2026;CENTRES"
25479;Rang;25;6.557;47.4192;5.569;4.79;408.592;388.9999999999997;;25150.0;;A_VALIDER;"APL;FILOS2023;COG2026;CENTRES"
25481;Raynans;25;6.7241;47.534;3.788;3.421;319.257;336.9999999999999;;29240.0;;A_VALIDER;"APL;FILOS2023;COG2026;CENTRES"
25482;Recologne;25;5.8343;47.2754;5.532;5.532;700.894;716.0000000000003;;28040.0;;A_VALIDER;"APL;FILOS2023;COG2026;CENTRES"
25483;Reculfoz;25;6.1471;46.7123;3.093;2.808;36.826;41.0;;;;A_VALIDER;"APL;FILOS2023;COG2026;CENTRES"
25485;Rémondans-Vaivre;25;6.7115;47.381;1.359;1.359;209.647;206.0;;29110.0;;A_VALIDER;"APL;FILOS2023;COG2026;CENTRES"
25486;Remoray-Boujeons;25;6.22;46.7581;2.408;1.969;433.081;456.0;;38570.0;;A_VALIDER;"APL;FILOS2023;COG2026;CENTRES"
25487;Renédale;25;6.2756;47.0174;1.05;1.05;41.384;43.00000000000009;;;;A_VALIDER;"APL;FILOS2023;COG2026;CENTRES"
25488;Rennes-sur-Loue;25;5.8609;47.0168;5.525;5.302;109.346;107.0;;22140.0;;A_VALIDER;"APL;FILOS2023;COG2026;CENTRES"
25489;Reugney;25;6.1555;47.0093;4.724;4.318;267.596;269.0000000000002;;25790.0;;A_VALIDER;"APL;FILOS2023;COG2026;CENTRES"
25490;Rigney;25;6.1848;47.3844;3.713;3.713;384.733;374.0000000000003;;26360.0;;A_VALIDER;"APL;FILOS2023;COG2026;CENTRES"
25491;Rignosot;25;6.1988;47.3821;3.462;3.462;123.31;108.9999999999997;;26570.0;;A_VALIDER;"APL;FILOS2023;COG2026;CENTRES"
25492;Rillans;25;6.3649;47.4138;5.044;4.721;95.269;96.00000000000006;;27080.0;;A_VALIDER;"APL;FILOS2023;COG2026;CENTRES"
25493;La Rivière-Drugeon;25;6.2089;46.8761;2.964;2.6;898.113;927.0000000000006;;31850.0;;A_VALIDER;"APL;FILOS2023;COG2026;CENTRES"
25494;Rochejean;25;6.3086;46.7299;2.612;2.15;700.513;748.0000000000006;;39950.0;;A_VALIDER;"APL;FILOS2023;COG2026;CENTRES"
25495;Roche-lez-Beaupré;25;6.1064;47.2819;4.689;4.689;2218.422;2185.0;9.0;25930.0;;A_VALIDER;"APL;FILOS2023;COG2026;CENTRES"
25496;Roche-lès-Clerval;25;6.4733;47.3633;4.561;3.957;99.919;98.0;;;;A_VALIDER;"APL;FILOS2023;COG2026;CENTRES"
25497;Roches-lès-Blamont;25;6.8538;47.4108;1.454;1.383;623.49;610.9999999999999;;28660.0;;A_VALIDER;"APL;FILOS2023;COG2026;CENTRES"
25498;Rognon;25;6.31;47.4182;4.018;3.917;51.98;47.00000000000004;;;;A_VALIDER;"APL;FILOS2023;COG2026;CENTRES"
25499;Romain;25;6.3785;47.4445;6.421;6.098;114.166;118.9999999999996;;23130.0;;A_VALIDER;"APL;FILOS2023;COG2026;CENTRES"
25500;Ronchaux;25;5.8989;47.043;3.12;2.785;98.407;97.00000000000003;;;;A_VALIDER;"APL;FILOS2023;COG2026;CENTRES"
25501;Rondefontaine;25;6.1816;46.7332;3.104;2.535;37.312;38.0;;;;A_VALIDER;"APL;FILOS2023;COG2026;CENTRES"
25502;Roset-Fluans;25;5.832;47.1505;4.692;4.58;561.128;578.0000000000001;;27830.0;;A_VALIDER;"APL;FILOS2023;COG2026;CENTRES"
25503;Rosières-sur-Barbèche;25;6.6583;47.3152;1.498;0.936;108.683;110.0;;24570.0;;A_VALIDER;"APL;FILOS2023;COG2026;CENTRES"
25504;Rosureux;25;6.6747;47.2136;0.334;0.334;82.626;79.99999999999999;;;;A_VALIDER;"APL;FILOS2023;COG2026;CENTRES"
25505;Rougemont;25;6.35;47.4766;3.767;3.767;1077.598;1011.999999999999;;23740.0;;A_VALIDER;"APL;FILOS2023;COG2026;CENTRES"
25506;Rougemontot;25;6.2631;47.3877;4.003;3.903;88.284;89.00000000000003;;;;A_VALIDER;"APL;FILOS2023;COG2026;CENTRES"
25507;Rouhe;25;5.9663;47.0857;2.41;2.218;84.19;82.00000000000004;;;;A_VALIDER;"APL;FILOS2023;COG2026;CENTRES"
25508;Roulans;25;6.2361;47.3187;6.083;5.65;1122.412;1122.0;;27560.0;;A_VALIDER;"APL;FILOS2023;COG2026;CENTRES"
25510;Ruffey-le-Château;25;5.8058;47.2818;4.269;4.269;342.208;366.0000000000007;;28350.0;;A_VALIDER;"APL;FILOS2023;COG2026;CENTRES"
25511;Rurey;25;5.9962;47.0972;3.581;3.239;345.091;359.0000000000002;;27710.0;;A_VALIDER;"APL;FILOS2023;COG2026;CENTRES"
25512;Le Russey;25;6.7396;47.1526;2.144;2.065;2459.314;2546.000000000001;5.0;37160.0;;A_VALIDER;"APL;FILOS2023;COG2026;CENTRES"
25513;Sainte-Anne;25;5.981;46.9505;2.37;2.086;53.48;51.9999999999998;;;;A_VALIDER;"APL;FILOS2023;COG2026;CENTRES"
25514;Saint-Antoine;25;6.3335;46.783;2.101;1.638;299.454;309.0;;40520.0;;A_VALIDER;"APL;FILOS2023;COG2026;CENTRES"
25515;Sainte-Colombe;25;6.2722;46.8738;3.355;3.197;455.722;482.0;;36450.0;;A_VALIDER;"APL;FILOS2023;COG2026;CENTRES"
25516;Saint-Georges-Armont;25;6.547;47.404;3.757;3.238;120.769;124.9999999999997;;22900.0;;A_VALIDER;"APL;FILOS2023;COG2026;CENTRES"
25517;Saint-Gorgon-Main;25;6.3383;47.0181;3.115;3.115;248.673;258.0;;32750.0;;A_VALIDER;"APL;FILOS2023;COG2026;CENTRES"
25518;Saint-Hilaire;25;6.2448;47.3347;5.49;5.173;137.827;154.9999999999999;;30120.0;;A_VALIDER;"APL;FILOS2023;COG2026;CENTRES"
25519;Saint-Hippolyte;25;6.8124;47.3082;2.092;2.012;982.164;965.0;;27080.0;;A_VALIDER;"APL;FILOS2023;COG2026;CENTRES"
25520;Saint-Juan;25;6.3455;47.2887;2.553;2.337;191.049;189.0;;26050.0;;A_VALIDER;"APL;FILOS2023;COG2026;CENTRES"
25521;Saint-Julien-lès-Montbéliard;25;6.7043;47.5203;3.443;3.17;165.893;158.0;;31320.0;;A_VALIDER;"APL;FILOS2023;COG2026;CENTRES"
25522;Saint-Julien-lès-Russey;25;6.7268;47.2181;2.491;2.332;178.731;181.9999999999995;;36210.0;;A_VALIDER;"APL;FILOS2023;COG2026;CENTRES"
25523;Sainte-Marie;25;6.6943;47.5004;4.141;3.73;691.625;655.0;;29350.0;;A_VALIDER;"APL;FILOS2023;COG2026;CENTRES"
25524;Saint-Maurice-Colombier;25;6.6484;47.4297;3.378;2.963;896.012;888.9999999999997;;26950.0;;A_VALIDER;"APL;FILOS2023;COG2026;CENTRES"
25525;Saint-Point-Lac;25;6.2976;46.8078;1.966;1.658;302.308;305.0000000000006;;39200.0;;A_VALIDER;"APL;FILOS2023;COG2026;CENTRES"
25526;Sainte-Suzanne;25;6.7693;47.5088;3.444;2.905;1469.906;1461.000000000001;;24310.0;;A_VALIDER;"APL;FILOS2023;COG2026;CENTRES"
25527;Saint-Vit;25;5.8266;47.1882;5.058;5.058;5071.875;5059.0;10.0;26400.0;;A_VALIDER;"APL;FILOS2023;COG2026;CENTRES"
25528;Samson;25;5.8802;47.0535;4.495;4.16;73.373;69.99999999999999;;;;A_VALIDER;"APL;FILOS2023;COG2026;CENTRES"
25529;Sancey;25;6.5758;47.2942;3.165;1.481;1438.652;1364.0;;25000.0;;A_VALIDER;"APL;FILOS2023;COG2026;CENTRES"
25532;Saône;25;6.1126;47.2131;4.001;3.631;3179.208;3142.0;8.0;28840.0;;A_VALIDER;"APL;FILOS2023;COG2026;CENTRES"
25534;Sarrageois;25;6.2308;46.7048;2.87;2.716;190.951;194.0;;45410.0;;A_VALIDER;"APL;FILOS2023;COG2026;CENTRES"
25535;Saules;25;6.2032;47.1238;4.756;4.431;228.94;231.9999999999994;;27200.0;;A_VALIDER;"APL;FILOS2023;COG2026;CENTRES"
25536;Sauvagney;25;5.9117;47.3223;3.051;3.051;190.774;193.9999999999997;;25870.0;;A_VALIDER;"APL;FILOS2023;COG2026;CENTRES"
25537;Scey-Maisières;25;6.084;47.1104;5.378;4.917;290.818;289.0000000000001;;27220.0;;A_VALIDER;"APL;FILOS2023;COG2026;CENTRES"
25538;Séchin;25;6.2854;47.3413;6.681;6.263;115.259;115.0000000000001;;24250.0;;A_VALIDER;"APL;FILOS2023;COG2026;CENTRES"
25539;Seloncourt;25;6.865;47.4558;2.955;2.598;6012.305;5812.0;13.0;27040.0;;A_VALIDER;"APL;FILOS2023;COG2026;CENTRES"
25540;Semondans;25;6.6925;47.5416;3.827;3.415;307.288;305.9999999999998;;28110.0;;A_VALIDER;"APL;FILOS2023;COG2026;CENTRES"
25541;Septfontaines;25;6.1789;46.9772;4.683;3.829;374.893;382.9999999999998;;29180.0;;A_VALIDER;"APL;FILOS2023;COG2026;CENTRES"
25542;Serre-les-Sapins;25;5.9316;47.2383;4.178;4.178;1908.864;1920.999999999997;7.0;28290.0;;A_VALIDER;"APL;FILOS2023;COG2026;CENTRES"
25544;Servin;25;6.4737;47.3042;1.123;0.0;199.21;200.0000000000009;;27140.0;;A_VALIDER;"APL;FILOS2023;COG2026;CENTRES"
25545;Silley-Amancey;25;6.1391;47.0372;5.783;5.255;125.902;133.9999999999999;;25860.0;;A_VALIDER;"APL;FILOS2023;COG2026;CENTRES"
25546;Silley-Bléfond;25;6.3314;47.3203;5.281;4.863;61.864;56.99999999999999;;;;A_VALIDER;"APL;FILOS2023;COG2026;CENTRES"
25547;Sochaux;25;6.8305;47.5146;5.516;4.627;3777.491;3771.999999999995;34.0;18590.0;;A_VALIDER;"APL;FILOS2023;COG2026;CENTRES"
25548;Solemont;25;6.7027;47.3447;1.155;1.155;134.367;132.9999999999996;;25810.0;;A_VALIDER;"APL;FILOS2023;COG2026;CENTRES"
25550;La Sommette;25;6.5121;47.1949;4.165;3.773;223.251;237.9999999999997;;29420.0;;A_VALIDER;"APL;FILOS2023;COG2026;CENTRES"
25551;Soulce-Cernay;25;6.8663;47.3278;1.118;1.118;134.444;138.0000000000004;;31040.0;;A_VALIDER;"APL;FILOS2023;COG2026;CENTRES"
25552;Sourans;25;6.6399;47.4107;3.174;2.776;118.749;115.9999999999999;;23790.0;;A_VALIDER;"APL;FILOS2023;COG2026;CENTRES"
25553;Soye;25;6.5028;47.4517;3.371;2.851;357.605;364.0;;24260.0;;A_VALIDER;"APL;FILOS2023;COG2026;CENTRES"
25554;Surmont;25;6.6074;47.2775;3.308;1.624;137.204;123.0;;25520.0;;A_VALIDER;"APL;FILOS2023;COG2026;CENTRES"
25555;Taillecourt;25;6.8527;47.494;3.538;2.954;1186.66;1131.999999999998;;29430.0;;A_VALIDER;"APL;FILOS2023;COG2026;CENTRES"
25556;Tallans;25;6.2867;47.4095;3.182;3.182;44.56;47.0;;;;A_VALIDER;"APL;FILOS2023;COG2026;CENTRES"
25557;Tallenay;25;6.0186;47.305;3.487;3.487;463.768;436.9999999999999;;35140.0;;A_VALIDER;"APL;FILOS2023;COG2026;CENTRES"
25558;Tarcenay-Foucherans;25;6.1335;47.1636;5.597;5.042;1450.712;1498.0;;29030.0;;A_VALIDER;"APL;FILOS2023;COG2026;CENTRES"
25559;Thiébouhans;25;6.8375;47.2683;2.538;2.3;240.881;245.0000000000005;;31280.0;;A_VALIDER;"APL;FILOS2023;COG2026;CENTRES"
25560;Thise;25;6.0804;47.2875;4.395;4.395;3270.073;2990.0;7.0;29030.0;;A_VALIDER;"APL;FILOS2023;COG2026;CENTRES"
25561;Thoraise;25;5.9133;47.1711;3.656;3.464;322.541;335.9999999999995;;26810.0;;A_VALIDER;"APL;FILOS2023;COG2026;CENTRES"
25562;Thulay;25;6.8585;47.4291;1.429;1.358;206.598;205.9999999999994;;34540.0;;A_VALIDER;"APL;FILOS2023;COG2026;CENTRES"
25563;Thurey-le-Mont;25;6.1334;47.3753;5.185;5.185;115.351;116.0;;27100.0;;A_VALIDER;"APL;FILOS2023;COG2026;CENTRES"
25564;Torpes;25;5.8806;47.171;5.029;4.837;963.989;1004.000000000001;;27790.0;;A_VALIDER;"APL;FILOS2023;COG2026;CENTRES"
25565;Touillon-et-Loutelet;25;6.3493;46.798;2.343;1.881;252.059;267.0;;45200.0;;A_VALIDER;"APL;FILOS2023;COG2026;CENTRES"
25566;La Tour-de-Sçay;25;6.2239;47.383;4.22;4.22;310.345;322.9999999999998;;27480.0;;A_VALIDER;"APL;FILOS2023;COG2026;CENTRES"
25567;Tournans;25;6.3116;47.4015;4.6;4.398;110.636;111.9999999999999;;28180.0;;A_VALIDER;"APL;FILOS2023;COG2026;CENTRES"
25569;Trépot;25;6.1688;47.1688;4.89;4.469;542.417;558.0;;28590.0;;A_VALIDER;"APL;FILOS2023;COG2026;CENTRES"
25570;Tressandans;25;6.3365;47.4968;3.424;3.424;34.16;28.0;;;;A_VALIDER;"APL;FILOS2023;COG2026;CENTRES"
25571;Trévillers;25;6.8792;47.2835;1.876;1.717;517.334;532.0;;34960.0;;A_VALIDER;"APL;FILOS2023;COG2026;CENTRES"
25572;Trouvans;25;6.3479;47.4197;4.262;4.04;100.002;103.0;;;;A_VALIDER;"APL;FILOS2023;COG2026;CENTRES"
25573;Urtière;25;6.9225;47.2588;0.93;0.85;16.263;16.00000000000005;;;;A_VALIDER;"APL;FILOS2023;COG2026;CENTRES"
25574;Uzelle;25;6.447;47.4647;3.963;3.703;186.224;187.0;;23180.0;;A_VALIDER;"APL;FILOS2023;COG2026;CENTRES"
25575;Vaire;25;6.1556;47.2766;4.273;4.158;806.336;805.0000000000001;;27880.0;;A_VALIDER;"APL;FILOS2023;COG2026;CENTRES"
25578;Valdahon;25;6.3332;47.1643;6.23;5.642;5512.673;5715.0;9.0;27390.0;;A_VALIDER;"APL;FILOS2023;COG2026;CENTRES"
25579;Val-de-Roulans;25;6.2692;47.3606;4.67;4.468;185.333;196.9999999999998;;28260.0;;A_VALIDER;"APL;FILOS2023;COG2026;CENTRES"
25580;Valentigney;25;6.8243;47.464;2.664;2.28;10679.83;10624.0;25.0;21950.0;;A_VALIDER;"APL;FILOS2023;COG2026;CENTRES"
25582;Valleroy;25;6.1278;47.3871;3.59;3.59;140.713;143.9999999999995;;24420.0;;A_VALIDER;"APL;FILOS2023;COG2026;CENTRES"
25583;Valonne;25;6.6695;47.3417;2.228;1.105;260.789;265.0000000000002;;28370.0;;A_VALIDER;"APL;FILOS2023;COG2026;CENTRES"
25584;Valoreille;25;6.7379;47.2945;1.234;1.234;123.507;125.0;;28080.0;;A_VALIDER;"APL;FILOS2023;COG2026;CENTRES"
25586;Vandoncourt;25;6.9076;47.4597;2.665;2.187;823.647;807.9999999999998;;30460.0;;A_VALIDER;"APL;FILOS2023;COG2026;CENTRES"
25588;Vaucluse;25;6.6905;47.2478;2.537;1.896;112.889;117.0;;;;A_VALIDER;"APL;FILOS2023;COG2026;CENTRES"
25589;Vauclusotte;25;6.7297;47.2769;1.614;1.534;84.486;76.99999999999996;;;;A_VALIDER;"APL;FILOS2023;COG2026;CENTRES"
25590;Vaudrivillers;25;6.4287;47.2866;1.455;0.698;78.495;78.0;;;;A_VALIDER;"APL;FILOS2023;COG2026;CENTRES"
25591;Vaufrey;25;6.9339;47.3412;0.566;0.566;150.096;147.0;;23930.0;;A_VALIDER;"APL;FILOS2023;COG2026;CENTRES"
25592;Vaux-et-Chantegrue;25;6.2343;46.7971;2.105;1.381;643.002;663.0000000000002;;40020.0;;A_VALIDER;"APL;FILOS2023;COG2026;CENTRES"
25594;Velesmes-Essarts;25;5.868;47.19;5.232;5.232;371.163;363.0000000000002;;27820.0;;A_VALIDER;"APL;FILOS2023;COG2026;CENTRES"
25595;Vellerot-lès-Belvoir;25;6.5887;47.3474;4.148;2.204;96.278;95.0;;;;A_VALIDER;"APL;FILOS2023;COG2026;CENTRES"
25596;Vellerot-lès-Vercel;25;6.4515;47.2466;2.43;2.038;64.333;65.0;;;;A_VALIDER;"APL;FILOS2023;COG2026;CENTRES"
25597;Vellevans;25;6.5054;47.3089;1.625;0.502;245.551;246.999999999999;;24650.0;;A_VALIDER;"APL;FILOS2023;COG2026;CENTRES"
25598;Venise;25;6.1164;47.3485;5.363;5.363;491.76;517.9999999999997;;26290.0;;A_VALIDER;"APL;FILOS2023;COG2026;CENTRES"
25599;Vennans;25;6.2357;47.3311;5.49;5.173;224.746;249.0;;27840.0;;A_VALIDER;"APL;FILOS2023;COG2026;CENTRES"
25600;Vennes;25;6.5404;47.1626;3.207;3.011;220.72;243.0000000000004;;42080.0;;A_VALIDER;"APL;FILOS2023;COG2026;CENTRES"
25601;Vercel-Villedieu-le-Camp;25;6.3777;47.1852;5.439;4.85;1667.421;1732.000000000001;;28690.0;;A_VALIDER;"APL;FILOS2023;COG2026;CENTRES"
25602;Vergranne;25;6.3935;47.4081;5.489;5.045;116.825;117.0000000000001;;;;A_VALIDER;"APL;FILOS2023;COG2026;CENTRES"
25604;Verne;25;6.3449;47.3984;5.044;4.721;126.338;124.0;;24480.0;;A_VALIDER;"APL;FILOS2023;COG2026;CENTRES"
25605;Vernierfontaine;25;6.2943;47.1119;4.076;3.88;465.881;485.0000000000001;;27500.0;;A_VALIDER;"APL;FILOS2023;COG2026;CENTRES"
25607;Vernois-lès-Belvoir;25;6.6427;47.3188;2.228;1.105;49.961;51.0;;;;A_VALIDER;"APL;FILOS2023;COG2026;CENTRES"
25608;Le Vernoy;25;6.6706;47.5676;2.592;2.434;178.855;180.0;;27490.0;;A_VALIDER;"APL;FILOS2023;COG2026;CENTRES"
25609;Verrières-de-Joux;25;6.4442;46.8865;1.675;1.596;455.343;472.0000000000003;;43340.0;;A_VALIDER;"APL;FILOS2023;COG2026;CENTRES"
25611;La Vèze;25;6.073;47.1982;7.178;6.55;501.059;494.9999999999991;;29130.0;;A_VALIDER;"APL;FILOS2023;COG2026;CENTRES"
25612;Vieilley;25;6.0843;47.3363;6.002;6.002;677.961;667.0;;26600.0;;A_VALIDER;"APL;FILOS2023;COG2026;CENTRES"
25613;Viéthorey;25;6.4207;47.4197;3.692;3.348;91.516;91.00000000000006;;;;A_VALIDER;"APL;FILOS2023;COG2026;CENTRES"
25614;Vieux-Charmont;25;6.8431;47.525;4.665;3.947;2907.174;2828.999999999999;13.0;26240.0;;A_VALIDER;"APL;FILOS2023;COG2026;CENTRES"
25615;Villars-lès-Blamont;25;6.8703;47.3674;0.505;0.49;463.014;467.0;;29730.0;;A_VALIDER;"APL;FILOS2023;COG2026;CENTRES"
25616;Villars-Saint-Georges;25;5.8227;47.1254;4.76;4.536;278.132;282.9999999999998;;28430.0;;A_VALIDER;"APL;FILOS2023;COG2026;CENTRES"
25617;Villars-sous-Dampjoux;25;6.7516;47.3606;1.723;1.723;373.349;351.9999999999999;;27420.0;;A_VALIDER;"APL;FILOS2023;COG2026;CENTRES"
25618;Villars-sous-Écot;25;6.6992;47.4183;1.431;1.293;363.225;338.0000000000005;;27350.0;;A_VALIDER;"APL;FILOS2023;COG2026;CENTRES"
25619;Les Villedieu;25;6.2656;46.7126;2.777;2.623;220.412;222.0;;36720.0;;A_VALIDER;"APL;FILOS2023;COG2026;CENTRES"
25621;Villeneuve-d'Amont;25;6.037;46.9396;4.348;3.778;216.345;221.0;;28270.0;;A_VALIDER;"APL;FILOS2023;COG2026;CENTRES"
25622;Villers-Buzon;25;5.8528;47.2307;4.74;4.74;297.292;295.0000000000001;;28140.0;;A_VALIDER;"APL;FILOS2023;COG2026;CENTRES"
25623;Villers-Chief;25;6.4406;47.223;3.281;2.692;137.975;142.0;;27720.0;;A_VALIDER;"APL;FILOS2023;COG2026;CENTRES"
25624;Villers-Grélot;25;6.2357;47.362;3.834;3.733;142.922;144.0;;24730.0;;A_VALIDER;"APL;FILOS2023;COG2026;CENTRES"
25625;Villers-la-Combe;25;6.4741;47.2397;2.43;2.038;53.239;49.0;;;;A_VALIDER;"APL;FILOS2023;COG2026;CENTRES"
25626;Villers-Saint-Martin;25;6.4073;47.3428;6.015;5.47;226.408;226.9999999999996;;28100.0;;A_VALIDER;"APL;FILOS2023;COG2026;CENTRES"
25627;Villers-sous-Chalamont;25;6.0562;46.8987;3.418;2.848;291.848;293.0;;26420.0;;A_VALIDER;"APL;FILOS2023;COG2026;CENTRES"
25629;Voillans;25;6.4208;47.3895;5.233;4.788;200.895;195.0;;25760.0;;A_VALIDER;"APL;FILOS2023;COG2026;CENTRES"
25630;Voires;25;6.259;47.1026;3.471;3.35;71.919;75.0;;;;A_VALIDER;"APL;FILOS2023;COG2026;CENTRES"
25631;Vorges-les-Pins;25;5.93;47.1525;3.923;3.558;549.738;571.0;;28880.0;;A_VALIDER;"APL;FILOS2023;COG2026;CENTRES"
25632;Voujeaucourt;25;6.788;47.473;4.752;4.179;3213.669;3152.0;11.0;27070.0;;A_VALIDER;"APL;FILOS2023;COG2026;CENTRES"
25633;Vuillafans;25;6.2196;47.0686;3.401;3.157;690.072;681.0;;24840.0;;A_VALIDER;"APL;FILOS2023;COG2026;CENTRES"
25634;Vuillecin;25;6.3329;46.9524;2.91;2.752;675.587;669.0;;36770.0;;A_VALIDER;"APL;FILOS2023;COG2026;CENTRES"
25635;Vyt-lès-Belvoir;25;6.6281;47.3483;4.148;2.204;181.654;183.0;;27800.0;;A_VALIDER;"APL;FILOS2023;COG2026;CENTRES"
39001;Abergement-la-Ronce;39;5.3778;47.0653;3.473;3.115;821.109;832.0;;27010.0;;A_VALIDER;"APL;FILOS2023;COG2026;CENTRES"
39002;Abergement-le-Grand;39;5.6785;46.9141;3.087;3.034;63.1;61.0000000000002;;;;A_VALIDER;"APL;FILOS2023;COG2026;CENTRES"
39003;Abergement-le-Petit;39;5.6973;46.9064;3.573;3.573;45.081;47.99999999999996;;;;A_VALIDER;"APL;FILOS2023;COG2026;CENTRES"
39004;Abergement-lès-Thésy;39;5.9447;46.9109;3.436;3.151;49.435;50.0;;;;A_VALIDER;"APL;FILOS2023;COG2026;CENTRES"
39006;Aiglepierre;39;5.8096;46.955;4.969;4.969;424.377;424.0000000000004;;26960.0;;A_VALIDER;"APL;FILOS2023;COG2026;CENTRES"
39007;Alièze;39;5.5851;46.588;2.074;1.949;153.422;149.0;;27040.0;;A_VALIDER;"APL;FILOS2023;COG2026;CENTRES"
39008;Amange;39;5.5659;47.1691;3.125;3.03;409.799;432.0000000000001;;27480.0;;A_VALIDER;"APL;FILOS2023;COG2026;CENTRES"
39009;Andelot-en-Montagne;39;5.9277;46.8604;2.395;2.229;582.624;573.0;;26510.0;;A_VALIDER;"APL;FILOS2023;COG2026;CENTRES"
39010;Andelot-Morval;39;5.4278;46.4235;1.261;0.726;91.507;91.00000000000006;;;;A_VALIDER;"APL;FILOS2023;COG2026;CENTRES"
39011;Annoire;39;5.2796;46.9585;2.642;2.642;445.457;423.0000000000003;;25510.0;;A_VALIDER;"APL;FILOS2023;COG2026;CENTRES"
39013;Arbois;39;5.773;46.8876;4.687;4.687;3470.481;3146.0;14.0;24960.0;;A_VALIDER;"APL;FILOS2023;COG2026;CENTRES"
39014;Archelange;39;5.5163;47.1523;3.953;3.72;221.13;218.0000000000001;;29410.0;;A_VALIDER;"APL;FILOS2023;COG2026;CENTRES"
39015;Ardon;39;5.8773;46.7719;3.717;3.22;121.629;112.0;;24870.0;;A_VALIDER;"APL;FILOS2023;COG2026;CENTRES"
39016;Arinthod;39;5.5882;46.3917;2.181;2.181;1246.679;1149.0;;22940.0;;A_VALIDER;"APL;FILOS2023;COG2026;CENTRES"
39017;Arlay;39;5.5383;46.767;5.036;4.554;1205.866;1184.000000000002;;28190.0;;A_VALIDER;"APL;FILOS2023;COG2026;CENTRES"
39018;Aromas;39;5.4871;46.3135;1.269;1.269;585.451;584.0;;25760.0;;A_VALIDER;"APL;FILOS2023;COG2026;CENTRES"
39019;Les Arsures;39;5.7833;46.9536;5.665;5.665;228.71;218.9999999999999;;27750.0;;A_VALIDER;"APL;FILOS2023;COG2026;CENTRES"
39020;Arsure-Arsurette;39;6.0827;46.7149;1.779;1.21;104.006;100.0;;22770.0;;A_VALIDER;"APL;FILOS2023;COG2026;CENTRES"
39021;La Chailleuse;39;5.5233;46.5822;1.371;1.303;623.101;589.9999999999998;;27820.0;;A_VALIDER;"APL;FILOS2023;COG2026;CENTRES"
39022;Asnans-Beauvoisin;39;5.4001;46.9385;2.435;2.379;745.535;724.0000000000005;;25440.0;;A_VALIDER;"APL;FILOS2023;COG2026;CENTRES"
39024;Audelange;39;5.5876;47.1402;3.88;3.69;261.321;258.0;;26040.0;;A_VALIDER;"APL;FILOS2023;COG2026;CENTRES"
39025;Augea;39;5.3894;46.5629;2.324;1.732;302.677;278.9999999999999;;26310.0;;A_VALIDER;"APL;FILOS2023;COG2026;CENTRES"
39026;Augerans;39;5.5867;47.0268;3.943;3.694;188.047;186.0000000000001;;25830.0;;A_VALIDER;"APL;FILOS2023;COG2026;CENTRES"
39027;Augisey;39;5.4947;46.556;0.656;0.656;196.486;187.0000000000001;;23490.0;;A_VALIDER;"APL;FILOS2023;COG2026;CENTRES"
39028;Aumont;39;5.636;46.9179;4.171;4.064;464.324;449.0;;25680.0;;A_VALIDER;"APL;FILOS2023;COG2026;CENTRES"
39029;Aumur;39;5.333;47.0609;3.044;2.837;394.222;389.0000000000004;;24110.0;;A_VALIDER;"APL;FILOS2023;COG2026;CENTRES"
39030;Authume;39;5.5075;47.1242;4.964;4.581;893.459;873.9999999999981;;28240.0;;A_VALIDER;"APL;FILOS2023;COG2026;CENTRES"
39031;Auxange;39;5.6539;47.1782;2.823;2.823;196.735;200.0;;25830.0;;A_VALIDER;"APL;FILOS2023;COG2026;CENTRES"
39032;Avignon-lès-Saint-Claude;39;5.8376;46.4032;1.947;1.947;366.48;359.0000000000002;;31500.0;;A_VALIDER;"APL;FILOS2023;COG2026;CENTRES"
39034;Balaiseaux;39;5.4595;46.9671;2.749;2.637;279.336;299.9999999999998;;27650.0;;A_VALIDER;"APL;FILOS2023;COG2026;CENTRES"
39035;Balanod;39;5.349;46.4558;2.129;1.005;325.693;332.9999999999995;;25480.0;;A_VALIDER;"APL;FILOS2023;COG2026;CENTRES"
39037;Bans;39;5.5798;46.9801;2.96;2.805;179.732;180.9999999999998;;28870.0;;A_VALIDER;"APL;FILOS2023;COG2026;CENTRES"
39038;Barésia-sur-l'Ain;39;5.7001;46.5438;3.325;3.325;153.391;154.0;;27270.0;;A_VALIDER;"APL;FILOS2023;COG2026;CENTRES"
39039;La Barre;39;5.6911;47.1576;3.301;3.301;248.546;247.0000000000002;;28880.0;;A_VALIDER;"APL;FILOS2023;COG2026;CENTRES"
39040;Barretaine;39;5.7207;46.8079;2.88;2.827;195.763;191.9999999999999;;25260.0;;A_VALIDER;"APL;FILOS2023;COG2026;CENTRES"
39041;Baume-les-Messieurs;39;5.6586;46.7059;1.183;0.941;174.44;159.0;;26360.0;;A_VALIDER;"APL;FILOS2023;COG2026;CENTRES"
39042;Baverans;39;5.5364;47.1065;3.744;3.416;490.582;498.0000000000011;;30220.0;;A_VALIDER;"APL;FILOS2023;COG2026;CENTRES"
39043;Beaufort-Orbagna;39;5.4355;46.5854;2.553;2.188;1457.202;1466.000000000001;;25170.0;;A_VALIDER;"APL;FILOS2023;COG2026;CENTRES"
39045;Beffia;39;5.5487;46.5306;1.927;1.927;81.951;82.9999999999999;;;;A_VALIDER;"APL;FILOS2023;COG2026;CENTRES"
39046;Bellecombe;39;5.911;46.3101;7.31;7.31;80.08;73.99999999999999;;;;A_VALIDER;"APL;FILOS2023;COG2026;CENTRES"
39047;Bellefontaine;39;6.0791;46.5584;1.881;1.881;495.342;494.0;;32870.0;;A_VALIDER;"APL;FILOS2023;COG2026;CENTRES"
39048;Belmont;39;5.606;47.0293;3.887;3.694;267.773;255.0;;27140.0;;A_VALIDER;"APL;FILOS2023;COG2026;CENTRES"
39049;Bersaillin;39;5.595;46.8606;4.358;4.137;401.816;401.0000000000001;;25350.0;;A_VALIDER;"APL;FILOS2023;COG2026;CENTRES"
39050;Besain;39;5.795;46.7857;2.498;2.333;163.175;155.0;;29600.0;;A_VALIDER;"APL;FILOS2023;COG2026;CENTRES"
39051;Biarne;39;5.4528;47.1452;4.426;4.153;423.746;436.0000000000003;;26140.0;;A_VALIDER;"APL;FILOS2023;COG2026;CENTRES"
39052;Bief-des-Maisons;39;6.049;46.7014;2.224;1.94;75.559;74.0;;;;A_VALIDER;"APL;FILOS2023;COG2026;CENTRES"
39053;Bief-du-Fourg;39;6.1225;46.8243;3.34;2.486;211.387;217.0;;29290.0;;A_VALIDER;"APL;FILOS2023;COG2026;CENTRES"
39054;Biefmorin;39;5.5272;46.904;2.528;2.366;84.756;91.0;;;;A_VALIDER;"APL;FILOS2023;COG2026;CENTRES"
39055;Billecul;39;6.0575;46.7457;1.7;1.131;52.248;56.0;;;;A_VALIDER;"APL;FILOS2023;COG2026;CENTRES"
39056;Bletterans;39;5.4322;46.7299;4.611;4.265;1684.636;1530.0;;23520.0;;A_VALIDER;"APL;FILOS2023;COG2026;CENTRES"
39057;Blois-sur-Seille;39;5.6677;46.7479;0.75;0.566;111.809;101.0000000000001;;;;A_VALIDER;"APL;FILOS2023;COG2026;CENTRES"
39058;Blye;39;5.6977;46.6284;3.816;3.816;161.108;153.9999999999996;;24030.0;;A_VALIDER;"APL;FILOS2023;COG2026;CENTRES"
39059;Bois-d'Amont;39;6.1272;46.5372;3.23;2.812;1662.399;1695.0;;43590.0;;A_VALIDER;"APL;FILOS2023;COG2026;CENTRES"
39060;Bois-de-Gand;39;5.5019;46.8261;3.2;2.979;65.204;60.0;;;;A_VALIDER;"APL;FILOS2023;COG2026;CENTRES"
39061;Boissia;39;5.7233;46.58;4.167;4.167;115.126;113.9999999999999;;27020.0;;A_VALIDER;"APL;FILOS2023;COG2026;CENTRES"
39062;La Boissière;39;5.5208;46.4214;1.172;1.172;66.444;64.0;;;;A_VALIDER;"APL;FILOS2023;COG2026;CENTRES"
39063;Bonlieu;39;5.8461;46.5949;2.785;2.785;219.605;218.0;;25010.0;;A_VALIDER;"APL;FILOS2023;COG2026;CENTRES"
39065;Bonnefontaine;39;5.7536;46.7344;1.684;1.684;111.392;110.0000000000005;;23220.0;;A_VALIDER;"APL;FILOS2023;COG2026;CENTRES"
39066;Bornay;39;5.5545;46.6128;2.143;1.951;189.112;182.0000000000002;;27450.0;;A_VALIDER;"APL;FILOS2023;COG2026;CENTRES"
39068;Les Bouchoux;39;5.7998;46.2977;6.787;6.787;328.372;313.0;;25800.0;;A_VALIDER;"APL;FILOS2023;COG2026;CENTRES"
39070;Bourg-de-Sirod;39;5.9569;46.7298;2.948;2.616;94.395;89.00000000000033;;;;A_VALIDER;"APL;FILOS2023;COG2026;CENTRES"
39072;Bracon;39;5.8672;46.9263;4.319;4.319;437.515;355.0000000000002;;24600.0;;A_VALIDER;"APL;FILOS2023;COG2026;CENTRES"
39073;Brainans;39;5.6278;46.8708;2.99;2.884;201.325;191.0;;24930.0;;A_VALIDER;"APL;FILOS2023;COG2026;CENTRES"
39074;Brans;39;5.574;47.2238;2.88;2.88;204.779;199.0000000000001;;24600.0;;A_VALIDER;"APL;FILOS2023;COG2026;CENTRES"
39076;La Bretenière;39;5.6676;47.1293;2.213;2.213;207.422;214.9999999999991;;28170.0;;A_VALIDER;"APL;FILOS2023;COG2026;CENTRES"
39077;Bretenières;39;5.5397;46.9213;1.52;1.411;49.992;44.0;;;;A_VALIDER;"APL;FILOS2023;COG2026;CENTRES"
39078;Brevans;39;5.5246;47.1023;4.257;3.831;686.835;683.0;;26320.0;;A_VALIDER;"APL;FILOS2023;COG2026;CENTRES"
39079;Briod;39;5.622;46.6625;1.635;1.39;211.848;211.0000000000001;;27840.0;;A_VALIDER;"APL;FILOS2023;COG2026;CENTRES"
39080;Broissia;39;5.4335;46.3562;0.479;0.358;61.964;56.99999999999999;;;;A_VALIDER;"APL;FILOS2023;COG2026;CENTRES"
39081;Buvilly;39;5.7266;46.8698;3.922;3.868;399.152;388.0;;27390.0;;A_VALIDER;"APL;FILOS2023;COG2026;CENTRES"
39083;Censeau;39;6.0792;46.8188;3.37;2.516;328.569;332.0;;28570.0;;A_VALIDER;"APL;FILOS2023;COG2026;CENTRES"
39084;Cernans;39;5.9404;46.9344;4.608;4.323;142.22;142.0000000000001;;24970.0;;A_VALIDER;"APL;FILOS2023;COG2026;CENTRES"
39085;Cerniébaud;39;6.1252;46.7378;2.654;2.085;85.415;89.9999999999999;;;;A_VALIDER;"APL;FILOS2023;COG2026;CENTRES"
39086;Cernon;39;5.6447;46.4097;1.222;1.222;234.496;234.0000000000001;;26080.0;;A_VALIDER;"APL;FILOS2023;COG2026;CENTRES"
39088;Cesancey;39;5.4879;46.6209;2.254;1.913;397.723;388.9999999999993;;26330.0;;A_VALIDER;"APL;FILOS2023;COG2026;CENTRES"
39090;Chaînée-des-Coupis;39;5.4341;46.9213;2.532;2.476;184.808;185.0000000000008;;26960.0;;A_VALIDER;"APL;FILOS2023;COG2026;CENTRES"
39091;Les Chalesmes;39;6.0267;46.6946;2.224;1.94;88.108;83.00000000000003;;;;A_VALIDER;"APL;FILOS2023;COG2026;CENTRES"
39092;Chambéria;39;5.5712;46.4698;2.331;2.331;201.108;194.9999999999996;;24700.0;;A_VALIDER;"APL;FILOS2023;COG2026;CENTRES"
39093;Chamblay;39;5.7035;46.9915;3.979;3.979;494.898;422.9999999999998;;26370.0;;A_VALIDER;"APL;FILOS2023;COG2026;CENTRES"
39094;Chamole;39;5.7382;46.8453;2.389;2.389;165.582;159.9999999999999;;26900.0;;A_VALIDER;"APL;FILOS2023;COG2026;CENTRES"
39095;Champagne-sur-Loue;39;5.8051;47.0329;3.605;3.382;128.379;121.0000000000001;;24810.0;;A_VALIDER;"APL;FILOS2023;COG2026;CENTRES"
39096;Champagney;39;5.5079;47.2601;3.525;3.381;438.758;460.0000000000005;;23790.0;;A_VALIDER;"APL;FILOS2023;COG2026;CENTRES"
39097;Champagnole;39;5.8938;46.7423;3.475;2.978;8585.127;8034.999999999999;15.0;24520.0;;A_VALIDER;"APL;FILOS2023;COG2026;CENTRES"
39099;Champdivers;39;5.3888;47.0084;3.464;3.172;445.827;445.0000000000011;;27640.0;;A_VALIDER;"APL;FILOS2023;COG2026;CENTRES"
39100;Champrougier;39;5.5097;46.8828;1.927;1.767;105.541;97.9999999999999;;;;A_VALIDER;"APL;FILOS2023;COG2026;CENTRES"
39101;Champvans;39;5.4167;47.1017;5.002;4.576;1493.983;1460.0;;27140.0;;A_VALIDER;"APL;FILOS2023;COG2026;CENTRES"
39102;Chancia;39;5.6423;46.3462;1.25;1.028;212.098;217.0000000000003;;30440.0;;A_VALIDER;"APL;FILOS2023;COG2026;CENTRES"
39103;La Chapelle-sur-Furieuse;39;5.8605;46.9846;5.806;5.583;301.406;299.0000000000002;;24000.0;;A_VALIDER;"APL;FILOS2023;COG2026;CENTRES"
39104;Chapelle-Voland;39;5.3792;46.801;3.288;3.123;657.884;626.0000000000002;;24420.0;;A_VALIDER;"APL;FILOS2023;COG2026;CENTRES"
39105;Chapois;39;5.9661;46.8312;2.772;2.606;224.12;215.9999999999997;;26450.0;;A_VALIDER;"APL;FILOS2023;COG2026;CENTRES"
39106;Charchilla;39;5.7147;46.4667;4.398;4.398;292.72;287.0;;27630.0;;A_VALIDER;"APL;FILOS2023;COG2026;CENTRES"
39107;Charcier;39;5.7596;46.63;3.094;3.094;151.737;141.9999999999997;;23290.0;;A_VALIDER;"APL;FILOS2023;COG2026;CENTRES"
39108;Charency;39;5.9904;46.7668;2.284;1.834;55.458;56.0000000000001;;;;A_VALIDER;"APL;FILOS2023;COG2026;CENTRES"
39109;Charézier;39;5.7361;46.6142;4.167;4.167;172.108;169.0;;25890.0;;A_VALIDER;"APL;FILOS2023;COG2026;CENTRES"
39110;La Charme;39;5.5442;46.8502;2.722;2.501;61.184;65.00000000000001;;;;A_VALIDER;"APL;FILOS2023;COG2026;CENTRES"
39111;Charnod;39;5.4939;46.3386;1.009;1.009;44.824;37.00000000000001;;;;A_VALIDER;"APL;FILOS2023;COG2026;CENTRES"
39112;La Chassagne;39;5.4535;46.8682;2.422;2.316;113.625;102.9999999999999;;23050.0;;A_VALIDER;"APL;FILOS2023;COG2026;CENTRES"
39114;Château-Chalon;39;5.6473;46.7594;1.57;1.333;160.324;146.0;;30510.0;;A_VALIDER;"APL;FILOS2023;COG2026;CENTRES"
39116;La Châtelaine;39;5.8257;46.8621;0.649;0.649;148.736;152.9999999999996;;27460.0;;A_VALIDER;"APL;FILOS2023;COG2026;CENTRES"
39117;Chatelay;39;5.6971;47.0535;3.892;3.892;97.225;100.0;;;;A_VALIDER;"APL;FILOS2023;COG2026;CENTRES"
39118;Châtel-de-Joux;39;5.8053;46.529;1.773;1.642;53.282;48.99999999999997;;;;A_VALIDER;"APL;FILOS2023;COG2026;CENTRES"
39119;Le Chateley;39;5.5439;46.8797;2.503;2.344;88.78;85.0;;;;A_VALIDER;"APL;FILOS2023;COG2026;CENTRES"
39120;Châtelneuf;39;5.9117;46.664;1.781;1.616;122.257;122.0;;30690.0;;A_VALIDER;"APL;FILOS2023;COG2026;CENTRES"
39121;Châtenois;39;5.5493;47.1543;3.751;3.561;401.026;411.9999999999995;;27000.0;;A_VALIDER;"APL;FILOS2023;COG2026;CENTRES"
39122;Châtillon;39;5.7314;46.6658;2.834;2.834;124.581;123.0;;26610.0;;A_VALIDER;"APL;FILOS2023;COG2026;CENTRES"
39124;Chaumergy;39;5.4767;46.8427;2.359;2.199;530.427;504.9999999999992;;25070.0;;A_VALIDER;"APL;FILOS2023;COG2026;CENTRES"
39126;La Chaumusse;39;5.9428;46.6012;2.845;2.845;378.516;390.9999999999998;;33740.0;;A_VALIDER;"APL;FILOS2023;COG2026;CENTRES"
39127;Chaussenans;39;5.7442;46.823;1.683;1.683;110.187;106.9999999999996;;;;A_VALIDER;"APL;FILOS2023;COG2026;CENTRES"
39128;Chaussin;39;5.4046;46.9743;2.266;2.21;1722.323;1575.999999999999;;24820.0;;A_VALIDER;"APL;FILOS2023;COG2026;CENTRES"
39129;Chaux-des-Crotenay;39;5.9604;46.6612;3.051;2.885;405.506;401.0;;25380.0;;A_VALIDER;"APL;FILOS2023;COG2026;CENTRES"
39130;Nanchez;39;5.8689;46.505;0.901;0.639;774.269;761.0;;28700.0;;A_VALIDER;"APL;FILOS2023;COG2026;CENTRES"
39131;La Chaux-du-Dombief;39;5.9106;46.6012;1.359;1.359;553.812;568.0;;28750.0;;A_VALIDER;"APL;FILOS2023;COG2026;CENTRES"
39132;La Chaux-en-Bresse;39;5.4764;46.8262;3.025;2.865;32.843;32.0;;;;A_VALIDER;"APL;FILOS2023;COG2026;CENTRES"
39133;Chaux-Champagny;39;5.8805;46.8814;3.958;3.958;72.039;73.0;;;;A_VALIDER;"APL;FILOS2023;COG2026;CENTRES"
39134;Chavéria;39;5.5589;46.498;1.927;1.927;206.423;209.0000000000009;;27990.0;;A_VALIDER;"APL;FILOS2023;COG2026;CENTRES"
39136;Chemenot;39;5.5274;46.861;2.102;1.881;37.816;33.00000000000006;;;;A_VALIDER;"APL;FILOS2023;COG2026;CENTRES"
39137;Saint-Hymetière-sur-Valouse;39;5.5665;46.3442;2.181;2.181;414.134;415.0;;24710.0;;A_VALIDER;"APL;FILOS2023;COG2026;CENTRES"
39138;Chemin;39;5.3171;46.9758;2.856;2.814;327.624;317.0;;24640.0;;A_VALIDER;"APL;FILOS2023;COG2026;CENTRES"
39139;Chêne-Bernard;39;5.4744;46.9162;2.049;1.94;84.229;80.00000000000034;;;;A_VALIDER;"APL;FILOS2023;COG2026;CENTRES"
39140;Chêne-Sec;39;5.4444;46.8533;1.93;1.823;43.042;39.0;;;;A_VALIDER;"APL;FILOS2023;COG2026;CENTRES"
39141;Chevigny;39;5.475;47.1779;3.33;3.194;253.105;268.0000000000004;;27550.0;;A_VALIDER;"APL;FILOS2023;COG2026;CENTRES"
39142;Chevreaux;39;5.4218;46.4993;2.483;1.624;140.61;126.0;;24000.0;;A_VALIDER;"APL;FILOS2023;COG2026;CENTRES"
39143;Chevrotaine;39;5.8606;46.6522;1.72;1.72;32.259;33.00000000000001;;;;A_VALIDER;"APL;FILOS2023;COG2026;CENTRES"
39145;Chille;39;5.5718;46.6938;3.977;3.425;316.587;295.0000000000004;;32240.0;;A_VALIDER;"APL;FILOS2023;COG2026;CENTRES"
39146;Chilly-le-Vignoble;39;5.4954;46.6599;3.594;3.277;577.715;598.0000000000007;;27820.0;;A_VALIDER;"APL;FILOS2023;COG2026;CENTRES"
39147;Chilly-sur-Salins;39;5.8553;46.8722;3.475;3.475;95.82;95.00000000000003;;25520.0;;A_VALIDER;"APL;FILOS2023;COG2026;CENTRES"
39149;Chissey-sur-Loue;39;5.7459;47.0579;3.553;3.553;340.742;322.0;;25480.0;;A_VALIDER;"APL;FILOS2023;COG2026;CENTRES"
39150;Choisey;39;5.4522;47.0585;4.389;3.767;1038.095;1001.999999999999;;26310.0;;A_VALIDER;"APL;FILOS2023;COG2026;CENTRES"
39151;Choux;39;5.7715;46.3029;4.812;4.733;134.862;135.9999999999995;;24850.0;;A_VALIDER;"APL;FILOS2023;COG2026;CENTRES"
39153;Cize;39;5.9212;46.7209;3.154;2.656;846.802;800.9999999999995;;28070.0;;A_VALIDER;"APL;FILOS2023;COG2026;CENTRES"
39154;Clairvaux-les-Lacs;39;5.756;46.5629;3.746;3.746;1517.362;1428.000000000002;;24740.0;;A_VALIDER;"APL;FILOS2023;COG2026;CENTRES"
39155;Clucy;39;5.9122;46.9468;1.9;1.9;76.05;69.99999999999967;;;;A_VALIDER;"APL;FILOS2023;COG2026;CENTRES"
39156;Cogna;39;5.7751;46.5866;2.557;2.557;231.836;234.9999999999995;;27090.0;;A_VALIDER;"APL;FILOS2023;COG2026;CENTRES"
39157;Coiserette;39;5.8258;46.3365;2.626;2.626;45.083;46.0000000000002;;;;A_VALIDER;"APL;FILOS2023;COG2026;CENTRES"
39159;Colonne;39;5.5732;46.8783;2.291;2.185;265.424;258.0;;25740.0;;A_VALIDER;"APL;FILOS2023;COG2026;CENTRES"
39160;Commenailles;39;5.436;46.8034;3.659;3.552;899.931;899.999999999999;;23220.0;;A_VALIDER;"APL;FILOS2023;COG2026;CENTRES"
39162;Condamine;39;5.4335;46.6491;2.823;2.689;240.085;245.9999999999995;;25680.0;;A_VALIDER;"APL;FILOS2023;COG2026;CENTRES"
39163;Condes;39;5.616;46.3335;1.038;0.959;112.107;116.9999999999997;;26960.0;;A_VALIDER;"APL;FILOS2023;COG2026;CENTRES"
39164;Conliège;39;5.6153;46.6513;2.935;2.498;691.954;662.0000000000001;;27480.0;;A_VALIDER;"APL;FILOS2023;COG2026;CENTRES"
39165;Conte;39;6.0093;46.7488;2.284;1.834;60.703;57.99999999999996;;;;A_VALIDER;"APL;FILOS2023;COG2026;CENTRES"
39166;Cornod;39;5.5496;46.3054;1.432;1.432;218.785;215.0000000000001;;26540.0;;A_VALIDER;"APL;FILOS2023;COG2026;CENTRES"
39167;Cosges;39;5.3911;46.7504;3.44;3.194;358.104;355.9999999999997;;26510.0;;A_VALIDER;"APL;FILOS2023;COG2026;CENTRES"
39168;Courbette;39;5.5694;46.5992;2.197;2.072;47.782;46.0;;;;A_VALIDER;"APL;FILOS2023;COG2026;CENTRES"
39169;Courbouzon;39;5.5296;46.6523;3.466;3.148;627.457;584.0000000000005;;29700.0;;A_VALIDER;"APL;FILOS2023;COG2026;CENTRES"
39170;Courlans;39;5.4837;46.6754;4.461;4.14;943.883;921.9999999999999;;25530.0;;A_VALIDER;"APL;FILOS2023;COG2026;CENTRES"
39171;Courlaoux;39;5.4504;46.668;3.972;3.697;1179.359;1179.0;;25870.0;;A_VALIDER;"APL;FILOS2023;COG2026;CENTRES"
39172;Courtefontaine;39;5.7958;47.1269;3.432;3.32;250.941;260.0000000000002;;26280.0;;A_VALIDER;"APL;FILOS2023;COG2026;CENTRES"
39173;Cousance;39;5.3795;46.5365;3.209;3.06;1390.263;1290.0;;22680.0;;A_VALIDER;"APL;FILOS2023;COG2026;CENTRES"
39174;Coyrière;39;5.8454;46.3398;1.947;1.947;71.335;66.0000000000003;;;;A_VALIDER;"APL;FILOS2023;COG2026;CENTRES"
39175;Coyron;39;5.697;46.5108;5.532;5.532;71.312;69.0;;;;A_VALIDER;"APL;FILOS2023;COG2026;CENTRES"
39176;Cramans;39;5.7856;47.0067;5.456;5.344;523.324;516.9999999999994;;25840.0;;A_VALIDER;"APL;FILOS2023;COG2026;CENTRES"
39177;Hauteroche;39;5.6997;46.7008;1.825;1.519;991.783;977.0000000000003;;27670.0;;A_VALIDER;"APL;FILOS2023;COG2026;CENTRES"
39178;Crans;39;5.9829;46.6957;2.571;2.239;88.115;86.0;;;;A_VALIDER;"APL;FILOS2023;COG2026;CENTRES"
39179;Crenans;39;5.739;46.4688;4.251;4.251;237.857;231.0;;29030.0;;A_VALIDER;"APL;FILOS2023;COG2026;CENTRES"
39180;Cressia;39;5.4857;46.5277;0.656;0.656;256.742;250.0;;24010.0;;A_VALIDER;"APL;FILOS2023;COG2026;CENTRES"
39182;Crissey;39;5.4766;47.0511;3.612;3.032;710.245;685.0000000000006;;28410.0;;A_VALIDER;"APL;FILOS2023;COG2026;CENTRES"
39183;Crotenay;39;5.8127;46.7571;2.619;2.287;613.727;618.9999999999998;;28180.0;;A_VALIDER;"APL;FILOS2023;COG2026;CENTRES"
39184;Les Crozets;39;5.8042;46.4654;2.504;2.111;207.776;192.9999999999997;;27200.0;;A_VALIDER;"APL;FILOS2023;COG2026;CENTRES"
39185;Cuisia;39;5.4061;46.549;3.113;2.521;415.607;388.0;;25980.0;;A_VALIDER;"APL;FILOS2023;COG2026;CENTRES"
39187;Cuvier;39;6.0661;46.8407;2.993;2.139;277.444;274.0000000000001;;28740.0;;A_VALIDER;"APL;FILOS2023;COG2026;CENTRES"
39188;Dammartin-Marpain;39;5.5522;47.2535;3.811;3.525;330.067;343.0000000000004;;25190.0;;A_VALIDER;"APL;FILOS2023;COG2026;CENTRES"
39189;Damparis;39;5.3994;47.0674;3.892;3.505;2631.067;2590.0;12.0;24890.0;;A_VALIDER;"APL;FILOS2023;COG2026;CENTRES"
39190;Dampierre;39;5.7453;47.1767;4.706;4.706;1309.884;1316.0;;27020.0;;A_VALIDER;"APL;FILOS2023;COG2026;CENTRES"
39191;Darbonnay;39;5.6061;46.8261;4.209;3.859;84.745;80.99999999999996;;;;A_VALIDER;"APL;FILOS2023;COG2026;CENTRES"
39192;Denezières;39;5.8008;46.6255;2.673;2.673;82.966;73.00000000000007;;;;A_VALIDER;"APL;FILOS2023;COG2026;CENTRES"
39193;Le Deschaux;39;5.5016;46.9525;2.942;2.734;1026.379;1029.999999999999;;24960.0;;A_VALIDER;"APL;FILOS2023;COG2026;CENTRES"
39194;Desnes;39;5.4669;46.7682;4.458;4.14;500.162;489.9999999999995;;25310.0;;A_VALIDER;"APL;FILOS2023;COG2026;CENTRES"
39196;Les Deux-Fays;39;5.4877;46.8856;1.099;0.992;132.155;120.9999999999998;;22090.0;;A_VALIDER;"APL;FILOS2023;COG2026;CENTRES"
39197;Digna;39;5.3828;46.5166;2.647;1.789;389.576;367.9999999999999;;27600.0;;A_VALIDER;"APL;FILOS2023;COG2026;CENTRES"
39198;Dole;39;5.5024;47.0739;4.899;4.374;24650.344;23784.0;21.7;23850.0;;A_VALIDER;"APL;FILOS2023;COG2026;CENTRES"
39199;Domblans;39;5.5898;46.7682;4.53;4.114;1223.919;1195.0;;27280.0;;A_VALIDER;"APL;FILOS2023;COG2026;CENTRES"
39200;Dompierre-sur-Mont;39;5.6148;46.5645;3.165;3.107;221.497;210.0;;28550.0;;A_VALIDER;"APL;FILOS2023;COG2026;CENTRES"
39201;Doucier;39;5.7758;46.6462;2.269;2.269;282.601;281.0000000000006;;24890.0;;A_VALIDER;"APL;FILOS2023;COG2026;CENTRES"
39202;Dournon;39;5.9704;46.9329;3.436;3.151;128.908;140.0;;27710.0;;A_VALIDER;"APL;FILOS2023;COG2026;CENTRES"
39203;Doye;39;6.012;46.77;2.569;1.834;105.011;108.0;;29030.0;;A_VALIDER;"APL;FILOS2023;COG2026;CENTRES"
39204;Dramelay;39;5.5283;46.4038;1.758;1.758;28.292;27.0;;;;A_VALIDER;"APL;FILOS2023;COG2026;CENTRES"
39205;Éclans-Nenon;39;5.6082;47.1028;3.508;3.319;363.315;373.0000000000003;;28040.0;;A_VALIDER;"APL;FILOS2023;COG2026;CENTRES"
39206;Écleux;39;5.7368;46.9952;5.489;5.489;223.955;217.0;;28040.0;;A_VALIDER;"APL;FILOS2023;COG2026;CENTRES"
39207;Écrille;39;5.6322;46.4997;3.428;3.428;85.795;89.0;;;;A_VALIDER;"APL;FILOS2023;COG2026;CENTRES"
39208;Entre-deux-Monts;39;5.9651;46.6407;2.552;2.552;161.281;165.0;;33110.0;;A_VALIDER;"APL;FILOS2023;COG2026;CENTRES"
39209;Val-d'Épy;39;5.3975;46.3888;1.307;0.847;313.949;301.9999999999999;;23590.0;;A_VALIDER;"APL;FILOS2023;COG2026;CENTRES"
39210;Équevillon;39;5.9416;46.7602;3.682;3.185;622.617;568.0000000000003;;31020.0;;A_VALIDER;"APL;FILOS2023;COG2026;CENTRES"
39211;Les Essards-Taignevaux;39;5.414;46.904;2.264;2.211;263.909;246.9999999999999;;27200.0;;A_VALIDER;"APL;FILOS2023;COG2026;CENTRES"
39214;Esserval-Tartre;39;6.0305;46.8296;3.085;2.516;125.593;131.9999999999999;;31740.0;;A_VALIDER;"APL;FILOS2023;COG2026;CENTRES"
39216;Étival;39;5.7981;46.4912;2.755;2.624;309.954;310.0;;23390.0;;A_VALIDER;"APL;FILOS2023;COG2026;CENTRES"
39217;L'Étoile;39;5.5332;46.7171;4.35;3.856;594.018;573.0;;30190.0;;A_VALIDER;"APL;FILOS2023;COG2026;CENTRES"
39218;Étrepigney;39;5.6814;47.1126;3.118;3.118;437.05;432.0;;27940.0;;A_VALIDER;"APL;FILOS2023;COG2026;CENTRES"
39219;Évans;39;5.764;47.1794;4.236;4.236;650.938;658.0000000000001;;28840.0;;A_VALIDER;"APL;FILOS2023;COG2026;CENTRES"
39220;Falletans;39;5.5683;47.0839;3.744;3.416;396.086;398.9999999999996;;27880.0;;A_VALIDER;"APL;FILOS2023;COG2026;CENTRES"
39221;La Favière;39;6.037;46.7484;2.569;1.834;33.048;31.99999999999999;;;;A_VALIDER;"APL;FILOS2023;COG2026;CENTRES"
39222;Fay-en-Montagne;39;5.7181;46.7538;2.324;2.263;90.712;86.99999999999996;;;;A_VALIDER;"APL;FILOS2023;COG2026;CENTRES"
39223;La Ferté;39;5.6471;46.945;4.645;4.592;194.34;187.0000000000005;;26060.0;;A_VALIDER;"APL;FILOS2023;COG2026;CENTRES"
39225;Le Fied;39;5.7092;46.7761;2.137;2.076;188.985;189.0;;28260.0;;A_VALIDER;"APL;FILOS2023;COG2026;CENTRES"
39227;Foncine-le-Bas;39;6.0294;46.6324;2.825;2.825;217.804;203.0;;29070.0;;A_VALIDER;"APL;FILOS2023;COG2026;CENTRES"
39228;Foncine-le-Haut;39;6.0611;46.663;2.753;2.753;1102.621;1107.0;;34310.0;;A_VALIDER;"APL;FILOS2023;COG2026;CENTRES"
39229;Fontainebrux;39;5.4384;46.6983;3.073;2.924;204.322;205.9999999999994;;26880.0;;A_VALIDER;"APL;FILOS2023;COG2026;CENTRES"
39230;Fontenu;39;5.807;46.6757;1.72;1.72;71.04;73.00000000000001;;;;A_VALIDER;"APL;FILOS2023;COG2026;CENTRES"
39232;Fort-du-Plasne;39;5.9846;46.6204;2.362;2.362;471.292;478.0;;28240.0;;A_VALIDER;"APL;FILOS2023;COG2026;CENTRES"
39233;Foucherans;39;5.4386;47.086;4.658;4.133;2385.49;2286.0;11.0;25940.0;;A_VALIDER;"APL;FILOS2023;COG2026;CENTRES"
39234;Foulenay;39;5.4869;46.8619;2.147;2.041;94.235;83.0;;;;A_VALIDER;"APL;FILOS2023;COG2026;CENTRES"
39235;Fraisans;39;5.7583;47.1287;3.728;3.728;1226.223;1170.0;;25000.0;;A_VALIDER;"APL;FILOS2023;COG2026;CENTRES"
39236;Francheville;39;5.5039;46.8375;2.354;2.132;38.978;40.0;;;;A_VALIDER;"APL;FILOS2023;COG2026;CENTRES"
39237;Fraroz;39;6.0984;46.7286;1.323;0.754;58.491;59.00000000000004;;;;A_VALIDER;"APL;FILOS2023;COG2026;CENTRES"
39238;Frasne-les-Meulières;39;5.5022;47.1966;3.411;3.131;106.157;106.0000000000001;;25300.0;;A_VALIDER;"APL;FILOS2023;COG2026;CENTRES"
39239;La Frasnée;39;5.8002;46.5604;2.557;2.557;42.177;39.99999999999999;;;;A_VALIDER;"APL;FILOS2023;COG2026;CENTRES"
39240;Le Frasnois;39;5.8931;46.6347;2.056;2.056;172.294;170.9999999999995;;28370.0;;A_VALIDER;"APL;FILOS2023;COG2026;CENTRES"
39241;Frébuans;39;5.4807;46.6485;3.499;3.24;402.692;388.0;;27420.0;;A_VALIDER;"APL;FILOS2023;COG2026;CENTRES"
39244;Frontenay;39;5.6395;46.7913;3.771;3.428;169.737;160.9999999999998;;28330.0;;A_VALIDER;"APL;FILOS2023;COG2026;CENTRES"
39245;Gatey;39;5.4601;46.9494;2.528;2.472;355.637;363.9999999999998;;26190.0;;A_VALIDER;"APL;FILOS2023;COG2026;CENTRES"
39246;Gendrey;39;5.6847;47.1988;5.416;5.416;412.929;437.9999999999994;;26140.0;;A_VALIDER;"APL;FILOS2023;COG2026;CENTRES"
39247;Genod;39;5.5271;46.3587;2.181;2.181;76.783;72.99999999999999;;;;A_VALIDER;"APL;FILOS2023;COG2026;CENTRES"
39248;Geraise;39;5.9541;46.959;2.576;2.576;43.11;42.99999999999997;;;;A_VALIDER;"APL;FILOS2023;COG2026;CENTRES"
39249;Germigney;39;5.6862;47.0456;4.101;4.101;81.375;76.99999999999993;;;;A_VALIDER;"APL;FILOS2023;COG2026;CENTRES"
39250;Geruge;39;5.5296;46.6238;1.622;1.371;185.245;189.0;;26280.0;;A_VALIDER;"APL;FILOS2023;COG2026;CENTRES"
39251;Gevingey;39;5.5073;46.6362;3.37;3.111;440.59;440.9999999999998;;25370.0;;A_VALIDER;"APL;FILOS2023;COG2026;CENTRES"
39252;Gevry;39;5.4451;47.0361;5.394;4.908;742.827;732.0000000000005;;26740.0;;A_VALIDER;"APL;FILOS2023;COG2026;CENTRES"
39253;Gigny;39;5.473;46.4531;0.328;0.179;287.863;267.0000000000007;;25270.0;;A_VALIDER;"APL;FILOS2023;COG2026;CENTRES"
39254;Gillois;39;6.0311;46.7315;2.74;2.29;127.61;128.0000000000001;;27060.0;;A_VALIDER;"APL;FILOS2023;COG2026;CENTRES"
39255;Gizia;39;5.4279;46.5305;3.209;3.06;225.868;201.0;;25210.0;;A_VALIDER;"APL;FILOS2023;COG2026;CENTRES"
39258;Grande-Rivière Château;39;5.9091;46.5287;1.036;0.905;631.828;633.0;;30160.0;;A_VALIDER;"APL;FILOS2023;COG2026;CENTRES"
39259;Grange-de-Vaivre;39;5.8411;46.9966;5.806;5.583;44.907;45.0;;;;A_VALIDER;"APL;FILOS2023;COG2026;CENTRES"
39261;Graye-et-Charnay;39;5.4532;46.4725;0.328;0.179;146.189;136.0;;26140.0;;A_VALIDER;"APL;FILOS2023;COG2026;CENTRES"
39262;Gredisans;39;5.5168;47.1635;3.681;3.448;137.072;130.9999999999999;;24330.0;;A_VALIDER;"APL;FILOS2023;COG2026;CENTRES"
39263;Grozon;39;5.6909;46.8881;3.785;3.731;385.147;383.9999999999999;;26130.0;;A_VALIDER;"APL;FILOS2023;COG2026;CENTRES"
39265;Hautecour;39;5.7808;46.5587;3.167;3.167;218.739;197.0000000000007;;27260.0;;A_VALIDER;"APL;FILOS2023;COG2026;CENTRES"
39266;Les Hays;39;5.3914;46.9078;2.312;2.312;359.515;351.0000000000006;;23630.0;;A_VALIDER;"APL;FILOS2023;COG2026;CENTRES"
39267;Ivory;39;5.8506;46.8922;4.007;4.007;94.36;87.0;;;;A_VALIDER;"APL;FILOS2023;COG2026;CENTRES"
39268;Ivrey;39;5.8959;46.9954;4.298;4.186;62.282;62.00000000000001;;;;A_VALIDER;"APL;FILOS2023;COG2026;CENTRES"
39269;Jeurre;39;5.7037;46.3755;2.459;2.38;241.507;238.0;;26120.0;;A_VALIDER;"APL;FILOS2023;COG2026;CENTRES"
39270;Jouhe;39;5.4826;47.1373;4.527;4.253;517.721;536.9999999999995;;26810.0;;A_VALIDER;"APL;FILOS2023;COG2026;CENTRES"
39271;Lac-des-Rouges-Truites;39;6.0124;46.5975;3.117;3.117;386.828;395.0000000000003;;35380.0;;A_VALIDER;"APL;FILOS2023;COG2026;CENTRES"
39272;Ladoye-sur-Seille;39;5.6821;46.7672;1.371;1.249;51.694;49.0;;;;A_VALIDER;"APL;FILOS2023;COG2026;CENTRES"
39273;Montlainsia;39;5.4825;46.3793;0.179;0.179;227.745;212.0;;24990.0;;A_VALIDER;"APL;FILOS2023;COG2026;CENTRES"
39274;Lajoux;39;6.0067;46.3928;2.037;2.037;297.628;299.0000000000005;;34180.0;;A_VALIDER;"APL;FILOS2023;COG2026;CENTRES"
39275;Lamoura;39;5.9956;46.4103;3.039;2.831;642.685;658.9999999999985;;39350.0;;A_VALIDER;"APL;FILOS2023;COG2026;CENTRES"
39277;Le Larderet;39;5.945;46.8185;2.897;2.566;53.763;49.99999999999999;;;;A_VALIDER;"APL;FILOS2023;COG2026;CENTRES"
39278;Largillay-Marsonnay;39;5.6699;46.5557;3.758;3.758;139.042;131.0;;26360.0;;A_VALIDER;"APL;FILOS2023;COG2026;CENTRES"
39279;Larnaud;39;5.4572;46.7036;2.99;2.923;606.446;619.0000000000005;;26190.0;;A_VALIDER;"APL;FILOS2023;COG2026;CENTRES"
39280;Larrivoire;39;5.789;46.3381;2.094;2.094;107.099;108.0;;29260.0;;A_VALIDER;"APL;FILOS2023;COG2026;CENTRES"
39281;Le Latet;39;5.9422;46.8035;2.897;2.566;82.761;89.00000000000031;;;;A_VALIDER;"APL;FILOS2023;COG2026;CENTRES"
39282;La Latette;39;6.0962;46.7507;2.562;1.708;76.638;77.0;;;;A_VALIDER;"APL;FILOS2023;COG2026;CENTRES"
39283;Lavancia-Epercy;39;5.6793;46.3364;2.013;1.79;626.648;618.0;;28820.0;;A_VALIDER;"APL;FILOS2023;COG2026;CENTRES"
39284;Lavangeot;39;5.6071;47.1516;3.729;3.634;144.633;140.9999999999996;;25720.0;;A_VALIDER;"APL;FILOS2023;COG2026;CENTRES"
39285;Lavans-lès-Dole;39;5.6399;47.1548;3.454;3.359;315.791;327.0000000000003;;24420.0;;A_VALIDER;"APL;FILOS2023;COG2026;CENTRES"
39286;Lavans-lès-Saint-Claude;39;5.7776;46.3899;3.632;3.37;2401.011;2341.999999999998;14.0;25170.0;;A_VALIDER;"APL;FILOS2023;COG2026;CENTRES"
39288;Lavigny;39;5.6054;46.7175;3.53;2.985;377.992;383.0;;26910.0;;A_VALIDER;"APL;FILOS2023;COG2026;CENTRES"
39289;Lect;39;5.6687;46.3917;2.167;2.167;333.605;334.0000000000001;;23840.0;;A_VALIDER;"APL;FILOS2023;COG2026;CENTRES"
39290;Valzin en Petite Montagne;39;5.5863;46.4325;2.337;2.337;479.451;454.0000000000004;;26070.0;;A_VALIDER;"APL;FILOS2023;COG2026;CENTRES"
39291;Lemuy;39;5.9861;46.892;2.831;2.547;257.678;239.0000000000004;;24910.0;;A_VALIDER;"APL;FILOS2023;COG2026;CENTRES"
39292;Lent;39;5.977;46.75;2.492;2.16;140.49;137.0;;27240.0;;A_VALIDER;"APL;FILOS2023;COG2026;CENTRES"
39293;Leschères;39;5.8288;46.4634;2.645;2.252;194.083;202.9999999999998;;25660.0;;A_VALIDER;"APL;FILOS2023;COG2026;CENTRES"
39295;Loisia;39;5.4595;46.4945;0.149;0.0;160.65;146.0;;23970.0;;A_VALIDER;"APL;FILOS2023;COG2026;CENTRES"
39296;Lombard;39;5.509;46.7815;4.639;4.29;208.866;211.0000000000001;;25190.0;;A_VALIDER;"APL;FILOS2023;COG2026;CENTRES"
39297;Longchaumois;39;5.9619;46.4676;0.652;0.652;1140.74;1133.0;;33160.0;;A_VALIDER;"APL;FILOS2023;COG2026;CENTRES"
39298;Longcochon;39;6.0758;46.7707;2.562;1.708;55.828;58.0;;;;A_VALIDER;"APL;FILOS2023;COG2026;CENTRES"
39299;Longwy-sur-le-Doubs;39;5.3529;46.9619;2.792;2.694;503.952;493.0000000000002;;25640.0;;A_VALIDER;"APL;FILOS2023;COG2026;CENTRES"
39300;Lons-le-Saunier;39;5.5574;46.6758;4.214;3.662;17775.904;16942.0;23.0;23090.0;;A_VALIDER;"APL;FILOS2023;COG2026;CENTRES"
39301;Loulle;39;5.8845;46.7052;2.706;2.374;178.063;172.9999999999999;;24160.0;;A_VALIDER;"APL;FILOS2023;COG2026;CENTRES"
39302;Louvatange;39;5.7221;47.1903;4.084;4.084;106.906;109.9999999999999;;28270.0;;A_VALIDER;"APL;FILOS2023;COG2026;CENTRES"
39304;Le Louverot;39;5.5808;46.7323;3.721;3.18;246.534;231.9999999999995;;30460.0;;A_VALIDER;"APL;FILOS2023;COG2026;CENTRES"
39305;La Loye;39;5.5498;47.032;3.38;2.993;549.899;536.9999999999994;;26840.0;;A_VALIDER;"APL;FILOS2023;COG2026;CENTRES"
39306;Macornay;39;5.5435;46.6416;2.544;2.168;1059.949;1027.0;;29490.0;;A_VALIDER;"APL;FILOS2023;COG2026;CENTRES"
39307;Maisod;39;5.6938;46.4754;4.037;4.037;335.177;324.9999999999998;;28050.0;;A_VALIDER;"APL;FILOS2023;COG2026;CENTRES"
39308;Malange;39;5.6132;47.1855;2.703;2.703;368.059;319.0000000000004;;25770.0;;A_VALIDER;"APL;FILOS2023;COG2026;CENTRES"
39310;Mantry;39;5.5501;46.7918;4.321;3.972;483.18;471.9999999999998;;26740.0;;A_VALIDER;"APL;FILOS2023;COG2026;CENTRES"
39312;Marigna-sur-Valouse;39;5.5281;46.4465;2.337;2.337;108.65;107.0;;26180.0;;A_VALIDER;"APL;FILOS2023;COG2026;CENTRES"
39313;Marigny;39;5.7797;46.6765;1.633;1.633;218.701;215.0;;30410.0;;A_VALIDER;"APL;FILOS2023;COG2026;CENTRES"
39314;Marnézia;39;5.635;46.576;3.101;2.975;70.632;68.0;;;;A_VALIDER;"APL;FILOS2023;COG2026;CENTRES"
39315;Marnoz;39;5.8383;46.9551;4.969;4.969;399.432;379.0000000000003;;26140.0;;A_VALIDER;"APL;FILOS2023;COG2026;CENTRES"
39317;La Marre;39;5.7066;46.737;1.625;1.564;354.2;357.9999999999995;;25920.0;;A_VALIDER;"APL;FILOS2023;COG2026;CENTRES"
39318;Martigna;39;5.6987;46.3891;3.092;3.092;202.155;207.0000000000003;;26340.0;;A_VALIDER;"APL;FILOS2023;COG2026;CENTRES"
39319;Mathenay;39;5.681;46.9325;3.759;3.759;132.853;144.9999999999993;;23750.0;;A_VALIDER;"APL;FILOS2023;COG2026;CENTRES"
39320;Maynal;39;5.4104;46.5653;2.324;1.732;331.823;328.0000000000008;;25520.0;;A_VALIDER;"APL;FILOS2023;COG2026;CENTRES"
39321;Menétru-le-Vignoble;39;5.6398;46.7728;2.58;2.165;170.92;164.0;;29700.0;;A_VALIDER;"APL;FILOS2023;COG2026;CENTRES"
39322;Menétrux-en-Joux;39;5.8373;46.6248;1.72;1.72;75.369;74.0;;;;A_VALIDER;"APL;FILOS2023;COG2026;CENTRES"
39323;Menotey;39;5.5023;47.1679;4.983;4.71;301.461;300.9999999999998;;27540.0;;A_VALIDER;"APL;FILOS2023;COG2026;CENTRES"
39324;Mérona;39;5.6351;46.5561;2.901;2.843;9.739;8.0;;;;A_VALIDER;"APL;FILOS2023;COG2026;CENTRES"
39325;Mesnay;39;5.8169;46.9007;4.369;4.369;597.173;576.9999999999999;;26380.0;;A_VALIDER;"APL;FILOS2023;COG2026;CENTRES"
39326;Mesnois;39;5.6803;46.592;3.992;3.934;174.22;167.9999999999999;;26700.0;;A_VALIDER;"APL;FILOS2023;COG2026;CENTRES"
39327;Messia-sur-Sorne;39;5.5158;46.6625;3.673;3.294;923.316;890.9999999999999;;26210.0;;A_VALIDER;"APL;FILOS2023;COG2026;CENTRES"
39328;Meussia;39;5.7379;46.497;4.764;4.764;444.632;439.0;;26200.0;;A_VALIDER;"APL;FILOS2023;COG2026;CENTRES"
39329;Mièges;39;6.0523;46.7933;2.277;1.708;163.864;165.0;;27290.0;;A_VALIDER;"APL;FILOS2023;COG2026;CENTRES"
39330;Miéry;39;5.6675;46.8069;3.092;2.977;142.233;139.0000000000004;;22250.0;;A_VALIDER;"APL;FILOS2023;COG2026;CENTRES"
39331;Mignovillard;39;6.14;46.7741;3.893;3.039;865.439;882.0;;31430.0;;A_VALIDER;"APL;FILOS2023;COG2026;CENTRES"
39333;Moirans-en-Montagne;39;5.7369;46.4418;3.092;3.092;2112.872;2121.000000000001;;23670.0;;A_VALIDER;"APL;FILOS2023;COG2026;CENTRES"
39334;Moiron;39;5.56;46.6347;2.486;2.168;133.131;133.0000000000001;;27130.0;;A_VALIDER;"APL;FILOS2023;COG2026;CENTRES"
39335;Moissey;39;5.5326;47.1871;4.068;3.973;597.928;565.0000000000006;;23150.0;;A_VALIDER;"APL;FILOS2023;COG2026;CENTRES"
39336;Molain;39;5.8206;46.8256;3.191;3.025;107.693;109.9999999999999;;26020.0;;A_VALIDER;"APL;FILOS2023;COG2026;CENTRES"
39337;Molamboz;39;5.6806;46.9521;3.616;3.616;91.01;88.0;;;;A_VALIDER;"APL;FILOS2023;COG2026;CENTRES"
39338;Molay;39;5.4228;47.0155;3.288;2.953;526.319;506.0;;25090.0;;A_VALIDER;"APL;FILOS2023;COG2026;CENTRES"
39339;Chassal-Molinges;39;5.7812;46.3568;3.802;3.592;1135.587;1119.999999999999;;25760.0;;A_VALIDER;"APL;FILOS2023;COG2026;CENTRES"
39342;Monay;39;5.5955;46.8383;3.518;3.297;134.256;123.9999999999996;;;;A_VALIDER;"APL;FILOS2023;COG2026;CENTRES"
39343;Monnetay;39;5.5102;46.4581;0.579;0.579;17.296;16.0;;;;A_VALIDER;"APL;FILOS2023;COG2026;CENTRES"
39344;Monnet-la-Ville;39;5.8227;46.7233;2.359;2.193;347.431;331.9999999999998;;27950.0;;A_VALIDER;"APL;FILOS2023;COG2026;CENTRES"
39345;Monnières;39;5.4581;47.114;4.679;4.253;413.263;390.0;;30760.0;;A_VALIDER;"APL;FILOS2023;COG2026;CENTRES"
39346;Montagna-le-Reconduit;39;5.3906;46.4551;1.899;0.923;116.919;109.0;;;;A_VALIDER;"APL;FILOS2023;COG2026;CENTRES"
39348;Montaigu;39;5.5736;46.6539;3.42;2.983;452.394;420.9999999999998;;28690.0;;A_VALIDER;"APL;FILOS2023;COG2026;CENTRES"
39349;Montain;39;5.5783;46.7212;4.266;3.658;558.399;483.9999999999994;;31500.0;;A_VALIDER;"APL;FILOS2023;COG2026;CENTRES"
39350;Montbarrey;39;5.638;47.0181;4.036;3.98;312.396;306.0000000000002;;25670.0;;A_VALIDER;"APL;FILOS2023;COG2026;CENTRES"
39351;Montcusel;39;5.6648;46.3532;2.077;2.077;147.355;145.0;;27860.0;;A_VALIDER;"APL;FILOS2023;COG2026;CENTRES"
39352;Monteplain;39;5.7128;47.1605;4.469;4.469;144.416;148.0;;27830.0;;A_VALIDER;"APL;FILOS2023;COG2026;CENTRES"
39353;Montfleur;39;5.4444;46.3331;1.14;0.826;175.082;164.0;;24200.0;;A_VALIDER;"APL;FILOS2023;COG2026;CENTRES"
39354;Montholier;39;5.635;46.8931;3.861;3.808;364.513;369.0000000000001;;27650.0;;A_VALIDER;"APL;FILOS2023;COG2026;CENTRES"
39355;Montigny-lès-Arsures;39;5.776;46.938;5.209;5.209;257.2;233.9999999999999;;28060.0;;A_VALIDER;"APL;FILOS2023;COG2026;CENTRES"
39356;Montigny-sur-l'Ain;39;5.7938;46.7054;2.592;2.427;210.868;214.0000000000001;;24770.0;;A_VALIDER;"APL;FILOS2023;COG2026;CENTRES"
39359;Montmarlon;39;5.971;46.8731;2.772;2.606;31.541;33.0;;;;A_VALIDER;"APL;FILOS2023;COG2026;CENTRES"
39360;Montmirey-la-Ville;39;5.5163;47.2181;3.169;3.025;195.389;169.9999999999999;;27780.0;;A_VALIDER;"APL;FILOS2023;COG2026;CENTRES"
39361;Montmirey-le-Château;39;5.5299;47.2267;3.289;3.145;188.584;196.9999999999994;;24570.0;;A_VALIDER;"APL;FILOS2023;COG2026;CENTRES"
39362;Montmorot;39;5.5136;46.685;4.519;4.14;3325.681;3207.000000000001;13.0;26090.0;;A_VALIDER;"APL;FILOS2023;COG2026;CENTRES"
39363;Montrevel;39;5.4927;46.4267;0.765;0.765;89.976;83.0;;;;A_VALIDER;"APL;FILOS2023;COG2026;CENTRES"
39364;Montrond;39;5.8429;46.7858;3.316;2.984;485.458;482.999999999999;;26120.0;;A_VALIDER;"APL;FILOS2023;COG2026;CENTRES"
39365;Mont-sous-Vaudrey;39;5.5919;46.9691;2.917;2.805;1366.233;1301.999999999999;;25550.0;;A_VALIDER;"APL;FILOS2023;COG2026;CENTRES"
39366;Mont-sur-Monnet;39;5.8415;46.7056;1.928;1.762;198.363;203.0;;25080.0;;A_VALIDER;"APL;FILOS2023;COG2026;CENTRES"
39367;Morbier;39;6.0186;46.5587;3.065;3.065;2375.16;2371.0;5.0;35960.0;;A_VALIDER;"APL;FILOS2023;COG2026;CENTRES"
39368;Hauts de Bienne;39;6.0002;46.5165;3.535;3.326;4973.924;5099.000000000001;15.0;28130.0;;A_VALIDER;"APL;FILOS2023;COG2026;CENTRES"
39370;Mouchard;39;5.7893;46.9776;4.589;4.589;1059.288;1093.999999999999;;24450.0;;A_VALIDER;"APL;FILOS2023;COG2026;CENTRES"
39372;Mournans-Charbonny;39;5.9899;46.7732;3.092;2.642;90.94;81.99999999999974;;;;A_VALIDER;"APL;FILOS2023;COG2026;CENTRES"
39373;Les Moussières;39;5.8766;46.329;7.989;7.989;164.668;159.0;;28010.0;;A_VALIDER;"APL;FILOS2023;COG2026;CENTRES"
39375;Moutonne;39;5.569;46.5313;1.927;1.927;124.831;128.9999999999999;;26500.0;;A_VALIDER;"APL;FILOS2023;COG2026;CENTRES"
39376;Moutoux;39;5.9387;46.7894;3.043;2.712;77.609;76.0;;;;A_VALIDER;"APL;FILOS2023;COG2026;CENTRES"
39377;Mutigney;39;5.5322;47.2844;3.473;3.186;172.979;174.9999999999997;;22320.0;;A_VALIDER;"APL;FILOS2023;COG2026;CENTRES"
39378;Les Trois-Châteaux;39;5.3487;46.4196;2.436;1.288;801.212;769.9999999999994;;27540.0;;A_VALIDER;"APL;FILOS2023;COG2026;CENTRES"
39379;Nance;39;5.4217;46.7506;4.094;3.816;550.829;537.9999999999998;;27210.0;;A_VALIDER;"APL;FILOS2023;COG2026;CENTRES"
39380;Nancuise;39;5.5301;46.4739;2.331;2.331;45.939;41.0;;;;A_VALIDER;"APL;FILOS2023;COG2026;CENTRES"
39381;Les Nans;39;5.9778;46.7932;2.084;1.918;102.069;97.99999999999997;;;;A_VALIDER;"APL;FILOS2023;COG2026;CENTRES"
39385;Neublans-Abergement;39;5.3444;46.9032;2.949;2.949;569.964;549.0000000000006;;23360.0;;A_VALIDER;"APL;FILOS2023;COG2026;CENTRES"
39386;Neuvilley;39;5.6003;46.8922;3.374;3.268;87.022;90.00000000000003;;;;A_VALIDER;"APL;FILOS2023;COG2026;CENTRES"
39387;Nevy-lès-Dole;39;5.5151;46.9991;4.286;3.938;281.822;290.0000000000001;;23690.0;;A_VALIDER;"APL;FILOS2023;COG2026;CENTRES"
39388;Nevy-sur-Seille;39;5.6478;46.7385;2.699;2.337;211.774;197.0;;26030.0;;A_VALIDER;"APL;FILOS2023;COG2026;CENTRES"
39389;Ney;39;5.8825;46.7322;3.209;2.712;618.82;597.0000000000008;;28590.0;;A_VALIDER;"APL;FILOS2023;COG2026;CENTRES"
39390;Nogna;39;5.6412;46.6013;4.355;4.172;292.847;303.9999999999999;;24260.0;;A_VALIDER;"APL;FILOS2023;COG2026;CENTRES"
39391;Nozeroy;39;6.0371;46.7683;2.562;1.708;449.737;395.9999999999999;;27310.0;;A_VALIDER;"APL;FILOS2023;COG2026;CENTRES"
39392;Offlanges;39;5.5635;47.2013;2.757;2.757;197.151;194.0000000000002;;25790.0;;A_VALIDER;"APL;FILOS2023;COG2026;CENTRES"
39393;Onglières;39;6.0037;46.8055;3.607;2.872;66.695;64.00000000000026;;;;A_VALIDER;"APL;FILOS2023;COG2026;CENTRES"
39394;Onoz;39;5.6703;46.451;1.348;1.348;72.503;70.9999999999997;;;;A_VALIDER;"APL;FILOS2023;COG2026;CENTRES"
39396;Orchamps;39;5.6661;47.1554;4.41;4.315;1007.184;1048.0;;24080.0;;A_VALIDER;"APL;FILOS2023;COG2026;CENTRES"
39397;Orgelet;39;5.6151;46.5064;2.843;2.843;1726.203;1571.0;;25930.0;;A_VALIDER;"APL;FILOS2023;COG2026;CENTRES"
39398;Ougney;39;5.6607;47.2416;4.752;4.752;395.25;418.9999999999995;;26080.0;;A_VALIDER;"APL;FILOS2023;COG2026;CENTRES"
39399;Ounans;39;5.6648;46.9881;4.919;4.863;339.625;330.0000000000003;;23670.0;;A_VALIDER;"APL;FILOS2023;COG2026;CENTRES"
39400;Our;39;5.6489;47.1077;3.213;3.118;153.246;148.0000000000005;;28190.0;;A_VALIDER;"APL;FILOS2023;COG2026;CENTRES"
39401;Oussières;39;5.5963;46.9168;3.332;3.169;237.208;237.0;;25820.0;;A_VALIDER;"APL;FILOS2023;COG2026;CENTRES"
39402;Pagney;39;5.6994;47.2519;4.371;4.371;386.878;385.0;;24790.0;;A_VALIDER;"APL;FILOS2023;COG2026;CENTRES"
39403;Pagnoz;39;5.8241;46.9786;5.424;5.424;226.38;216.9999999999999;;25590.0;;A_VALIDER;"APL;FILOS2023;COG2026;CENTRES"
39404;Pannessières;39;5.5951;46.6966;2.855;2.309;469.201;448.0;;27000.0;;A_VALIDER;"APL;FILOS2023;COG2026;CENTRES"
39405;Parcey;39;5.4768;47.0221;4.715;4.23;1040.343;1023.0;;27300.0;;A_VALIDER;"APL;FILOS2023;COG2026;CENTRES"
39406;Le Pasquier;39;5.8986;46.7991;3.857;3.359;283.396;284.9999999999998;;27920.0;;A_VALIDER;"APL;FILOS2023;COG2026;CENTRES"
39407;Passenans;39;5.625;46.805;3.771;3.428;343.805;335.9999999999997;;27230.0;;A_VALIDER;"APL;FILOS2023;COG2026;CENTRES"
39408;Patornay;39;5.7093;46.5879;4.572;4.513;158.156;154.0;;26070.0;;A_VALIDER;"APL;FILOS2023;COG2026;CENTRES"
39409;Peintre;39;5.4721;47.1988;3.124;2.988;140.984;134.0;;25380.0;;A_VALIDER;"APL;FILOS2023;COG2026;CENTRES"
39411;Perrigny;39;5.5998;46.6754;2.972;2.535;1635.499;1535.0;;26420.0;;A_VALIDER;"APL;FILOS2023;COG2026;CENTRES"
39412;Peseux;39;5.3644;46.9922;2.988;2.889;297.234;295.0;;26480.0;;A_VALIDER;"APL;FILOS2023;COG2026;CENTRES"
39413;La Pesse;39;5.8565;46.2896;6.787;6.787;340.15;332.0000000000002;;26730.0;;A_VALIDER;"APL;FILOS2023;COG2026;CENTRES"
39415;Petit-Noir;39;5.3377;46.9292;3.009;3.009;1127.939;1063.0;;24550.0;;A_VALIDER;"APL;FILOS2023;COG2026;CENTRES"
39418;Picarreau;39;5.7593;46.7552;2.721;2.494;105.2;101.0000000000001;;;;A_VALIDER;"APL;FILOS2023;COG2026;CENTRES"
39419;Pillemoine;39;5.9095;46.7037;2.65;2.319;63.204;62.0;;;;A_VALIDER;"APL;FILOS2023;COG2026;CENTRES"
39420;Pimorin;39;5.4992;46.4977;0.579;0.579;210.109;204.0;;26110.0;;A_VALIDER;"APL;FILOS2023;COG2026;CENTRES"
39421;Le Pin;39;5.5703;46.7088;3.999;3.445;250.534;237.0000000000004;;30650.0;;A_VALIDER;"APL;FILOS2023;COG2026;CENTRES"
39422;Plainoiseau;39;5.556;46.7245;4.925;4.317;535.433;509.0;;27600.0;;A_VALIDER;"APL;FILOS2023;COG2026;CENTRES"
39423;Plaisia;39;5.6367;46.5201;2.843;2.843;107.311;99.0;;28950.0;;A_VALIDER;"APL;FILOS2023;COG2026;CENTRES"
39424;Les Planches-en-Montagne;39;5.9994;46.663;3.324;3.159;165.793;156.0;;27820.0;;A_VALIDER;"APL;FILOS2023;COG2026;CENTRES"
39425;Les Planches-près-Arbois;39;5.8093;46.8785;2.155;2.155;96.464;86.00000000000001;;;;A_VALIDER;"APL;FILOS2023;COG2026;CENTRES"
39426;Plasne;39;5.6868;46.7967;3.333;3.219;213.453;201.0000000000002;;25040.0;;A_VALIDER;"APL;FILOS2023;COG2026;CENTRES"
39427;Plénise;39;6.0193;46.814;3.954;3.219;61.832;63.0;;;;A_VALIDER;"APL;FILOS2023;COG2026;CENTRES"
39428;Plénisette;39;6.016;46.8036;3.377;2.642;20.44;21.00000000000001;;;;A_VALIDER;"APL;FILOS2023;COG2026;CENTRES"
39429;Pleure;39;5.4633;46.9157;2.744;2.635;442.31;437.0;;25570.0;;A_VALIDER;"APL;FILOS2023;COG2026;CENTRES"
39430;Plumont;39;5.7192;47.1118;3.296;3.296;109.748;105.0;;26890.0;;A_VALIDER;"APL;FILOS2023;COG2026;CENTRES"
39431;Poids-de-Fiole;39;5.6234;46.5982;4.432;4.248;325.286;329.0000000000004;;25430.0;;A_VALIDER;"APL;FILOS2023;COG2026;CENTRES"
39432;Pointre;39;5.493;47.2214;3.13;2.945;122.656;126.0000000000001;;27110.0;;A_VALIDER;"APL;FILOS2023;COG2026;CENTRES"
39434;Poligny;39;5.7245;46.8204;3.159;3.106;4194.555;4089.000000000004;16.0;24390.0;;A_VALIDER;"APL;FILOS2023;COG2026;CENTRES"
39435;Pont-de-Poitte;39;5.6874;46.5724;4.572;4.513;638.942;625.9999999999999;;24590.0;;A_VALIDER;"APL;FILOS2023;COG2026;CENTRES"
39436;Pont-d'Héry;39;5.9019;46.8794;3.23;3.064;258.792;243.0;;25360.0;;A_VALIDER;"APL;FILOS2023;COG2026;CENTRES"
39437;Pont-du-Navoy;39;5.7969;46.7303;2.359;2.193;277.614;275.0000000000005;;25780.0;;A_VALIDER;"APL;FILOS2023;COG2026;CENTRES"
39439;Port-Lesney;39;5.8184;47.0006;5.352;5.24;550.633;539.0;;28160.0;;A_VALIDER;"APL;FILOS2023;COG2026;CENTRES"
39441;Prémanon;39;6.0374;46.4526;2.413;1.996;1156.976;1244.0;;44700.0;;A_VALIDER;"APL;FILOS2023;COG2026;CENTRES"
39443;Présilly;39;5.584;46.5544;2.062;2.004;119.317;114.0;;29830.0;;A_VALIDER;"APL;FILOS2023;COG2026;CENTRES"
39444;Pretin;39;5.8366;46.9292;4.715;4.715;55.205;51.99999999999984;;;;A_VALIDER;"APL;FILOS2023;COG2026;CENTRES"
39445;Publy;39;5.6502;46.6251;2.955;2.771;278.752;275.9999999999999;;24910.0;;A_VALIDER;"APL;FILOS2023;COG2026;CENTRES"
39446;Pupillin;39;5.7508;46.8749;2.913;2.913;255.793;245.0000000000002;;27610.0;;A_VALIDER;"APL;FILOS2023;COG2026;CENTRES"
39447;Quintigny;39;5.5232;46.7343;4.653;4.285;289.701;297.0;;28720.0;;A_VALIDER;"APL;FILOS2023;COG2026;CENTRES"
39448;Rahon;39;5.4654;46.9887;3.627;3.278;476.085;450.0000000000006;;27800.0;;A_VALIDER;"APL;FILOS2023;COG2026;CENTRES"
39449;Rainans;39;5.4718;47.1574;4.438;4.165;259.289;265.0000000000002;;29120.0;;A_VALIDER;"APL;FILOS2023;COG2026;CENTRES"
39451;Ranchot;39;5.7209;47.1601;4.712;4.712;509.517;506.9999999999994;;25940.0;;A_VALIDER;"APL;FILOS2023;COG2026;CENTRES"
39452;Rans;39;5.7142;47.137;4.464;4.464;515.404;528.9999999999997;;26440.0;;A_VALIDER;"APL;FILOS2023;COG2026;CENTRES"
39453;Ravilloles;39;5.8005;46.432;1.662;1.269;437.492;444.0000000000002;;26420.0;;A_VALIDER;"APL;FILOS2023;COG2026;CENTRES"
39454;Recanoz;39;5.508;46.808;3.071;2.85;94.145;93.99999999999976;;;;A_VALIDER;"APL;FILOS2023;COG2026;CENTRES"
39455;Reithouse;39;5.5528;46.5635;1.235;1.235;56.069;53.00000000000004;;;;A_VALIDER;"APL;FILOS2023;COG2026;CENTRES"
39456;Relans;39;5.4359;46.7675;3.73;3.533;336.116;347.9999999999997;;27230.0;;A_VALIDER;"APL;FILOS2023;COG2026;CENTRES"
39457;Les Repôts;39;5.4139;46.6857;2.256;2.107;52.819;54.99999999999999;;;;A_VALIDER;"APL;FILOS2023;COG2026;CENTRES"
39458;Revigny;39;5.6079;46.6225;3.352;3.044;245.401;236.0;;25870.0;;A_VALIDER;"APL;FILOS2023;COG2026;CENTRES"
39460;La Rixouse;39;5.8711;46.4682;1.079;1.079;187.647;187.0000000000006;;30170.0;;A_VALIDER;"APL;FILOS2023;COG2026;CENTRES"
39461;Rix;39;6.0536;46.7597;2.277;1.708;80.489;76.99999999999997;;31070.0;;A_VALIDER;"APL;FILOS2023;COG2026;CENTRES"
39462;Rochefort-sur-Nenon;39;5.5554;47.1226;3.553;3.321;752.104;692.0000000000005;;25470.0;;A_VALIDER;"APL;FILOS2023;COG2026;CENTRES"
39463;Rogna;39;5.7433;46.3271;0.626;0.468;237.431;236.0000000000008;;29200.0;;A_VALIDER;"APL;FILOS2023;COG2026;CENTRES"
39464;Romain;39;5.7191;47.2076;4.169;4.169;216.377;237.0000000000002;;28050.0;;A_VALIDER;"APL;FILOS2023;COG2026;CENTRES"
39465;Romange;39;5.5954;47.1618;3.494;3.399;208.719;213.9999999999994;;26380.0;;A_VALIDER;"APL;FILOS2023;COG2026;CENTRES"
39466;Rosay;39;5.455;46.5358;2.467;2.169;121.913;119.0000000000003;;20390.0;;A_VALIDER;"APL;FILOS2023;COG2026;CENTRES"
39467;Rotalier;39;5.4761;46.5836;1.548;1.332;165.449;151.0;;26850.0;;A_VALIDER;"APL;FILOS2023;COG2026;CENTRES"
39468;Rothonay;39;5.5262;46.5138;1.159;1.159;136.955;132.0;;25450.0;;A_VALIDER;"APL;FILOS2023;COG2026;CENTRES"
39469;Rouffange;39;5.7092;47.2256;4.097;4.097;120.956;120.0;;27820.0;;A_VALIDER;"APL;FILOS2023;COG2026;CENTRES"
39470;Les Rousses;39;6.0731;46.4911;4.476;3.85;3565.049;3702.0;7.0;42320.0;;A_VALIDER;"APL;FILOS2023;COG2026;CENTRES"
39471;Ruffey-sur-Seille;39;5.503;46.7282;4.551;4.168;761.257;751.0000000000013;;25480.0;;A_VALIDER;"APL;FILOS2023;COG2026;CENTRES"
39472;Rye;39;5.4265;46.8797;1.582;1.528;234.73;217.9999999999998;;25150.0;;A_VALIDER;"APL;FILOS2023;COG2026;CENTRES"
39473;Saffloz;39;5.8613;46.6684;1.81;1.81;85.693;87.0;;;;A_VALIDER;"APL;FILOS2023;COG2026;CENTRES"
39475;Saint-Amour;39;5.3373;46.4365;2.229;1.133;2500.809;2363.999999999996;18.0;24110.0;;A_VALIDER;"APL;FILOS2023;COG2026;CENTRES"
39476;Saint-Aubin;39;5.3354;47.031;3.3;2.928;1898.846;1854.999999999998;;25680.0;;A_VALIDER;"APL;FILOS2023;COG2026;CENTRES"
39477;Saint-Baraing;39;5.437;46.9859;2.573;2.419;254.997;255.0000000000003;;24930.0;;A_VALIDER;"APL;FILOS2023;COG2026;CENTRES"
39478;Saint-Claude;39;5.8802;46.4098;4.025;3.894;8907.355;8555.999999999998;22.0;22680.0;;A_VALIDER;"APL;FILOS2023;COG2026;CENTRES"
39479;Saint-Cyr-Montmalin;39;5.7232;46.9608;5.489;5.489;248.584;246.0;;27110.0;;A_VALIDER;"APL;FILOS2023;COG2026;CENTRES"
39480;Saint-Didier;39;5.5095;46.7102;4.258;3.938;283.464;277.0;;28970.0;;A_VALIDER;"APL;FILOS2023;COG2026;CENTRES"
39481;Saint-Germain-en-Montagne;39;5.9358;46.7797;4.003;3.506;392.953;388.0000000000003;;26420.0;;A_VALIDER;"APL;FILOS2023;COG2026;CENTRES"
39485;Val Suran;39;5.4415;46.3868;0.479;0.358;890.106;782.0;;23140.0;;A_VALIDER;"APL;FILOS2023;COG2026;CENTRES"
39486;Saint-Lamain;39;5.6005;46.8055;2.8;2.517;121.903;120.0000000000001;;26350.0;;A_VALIDER;"APL;FILOS2023;COG2026;CENTRES"
39487;Saint-Laurent-en-Grandvaux;39;5.9597;46.5703;2.493;2.493;1892.907;1818.000000000001;;30060.0;;A_VALIDER;"APL;FILOS2023;COG2026;CENTRES"
39489;Saint-Lothain;39;5.6412;46.8281;3.576;3.347;462.883;461.0000000000005;;26190.0;;A_VALIDER;"APL;FILOS2023;COG2026;CENTRES"
39490;Saint-Loup;39;5.3122;46.9954;2.387;2.344;247.993;239.0000000000002;;28030.0;;A_VALIDER;"APL;FILOS2023;COG2026;CENTRES"
39491;Coteaux du Lizon;39;5.7985;46.4133;2.79;2.397;2214.681;2145.999999999999;12.0;26460.0;;A_VALIDER;"APL;FILOS2023;COG2026;CENTRES"
39492;Saint-Maur;39;5.5969;46.6078;3.874;3.623;222.244;214.0;;26120.0;;A_VALIDER;"APL;FILOS2023;COG2026;CENTRES"
39493;Saint-Maurice-Crillat;39;5.8282;46.5648;2.369;2.369;243.172;242.0;;26120.0;;A_VALIDER;"APL;FILOS2023;COG2026;CENTRES"
39494;Saint-Pierre;39;5.8968;46.5703;1.464;1.464;359.425;361.9999999999997;;31970.0;;A_VALIDER;"APL;FILOS2023;COG2026;CENTRES"
39495;Saint-Thiébaud;39;5.8845;46.9745;2.491;2.491;70.753;72.9999999999998;;;;A_VALIDER;"APL;FILOS2023;COG2026;CENTRES"
39497;Saizenay;39;5.9356;46.9668;3.663;3.663;101.507;98.99999999999997;;;;A_VALIDER;"APL;FILOS2023;COG2026;CENTRES"
39498;Salans;39;5.7915;47.1608;3.829;3.829;640.998;654.0;;29330.0;;A_VALIDER;"APL;FILOS2023;COG2026;CENTRES"
39499;Saligney;39;5.6362;47.2224;4.705;4.705;192.811;189.0;;24940.0;;A_VALIDER;"APL;FILOS2023;COG2026;CENTRES"
39500;Salins-les-Bains;39;5.9054;46.9503;4.675;4.675;2693.176;2430.000000000002;19.0;22910.0;;A_VALIDER;"APL;FILOS2023;COG2026;CENTRES"
39501;Sampans;39;5.442;47.1264;4.962;4.495;1072.808;1114.0;;26480.0;;A_VALIDER;"APL;FILOS2023;COG2026;CENTRES"
39502;Santans;39;5.6687;47.0438;3.261;3.261;277.869;274.9999999999994;;24860.0;;A_VALIDER;"APL;FILOS2023;COG2026;CENTRES"
39503;Sapois;39;5.9461;46.7448;3.305;2.808;403.295;399.9999999999992;;31810.0;;A_VALIDER;"APL;FILOS2023;COG2026;CENTRES"
39504;Sarrogna;39;5.6173;46.476;2.91;2.91;226.484;226.9999999999999;;24920.0;;A_VALIDER;"APL;FILOS2023;COG2026;CENTRES"
39505;Saugeot;39;5.8218;46.6061;2.063;2.063;59.045;55.99999999999999;;;;A_VALIDER;"APL;FILOS2023;COG2026;CENTRES"
39507;Séligney;39;5.5403;46.9452;2.324;2.212;85.073;78.00000000000004;;;;A_VALIDER;"APL;FILOS2023;COG2026;CENTRES"
39508;Sellières;39;5.5573;46.8255;3.675;3.326;788.293;727.9999999999989;;24750.0;;A_VALIDER;"APL;FILOS2023;COG2026;CENTRES"
39510;Septmoncel les Molunes;39;5.9265;46.3559;3.01;3.01;830.141;807.9999999999999;;31830.0;;A_VALIDER;"APL;FILOS2023;COG2026;CENTRES"
39511;Sergenaux;39;5.463;46.8873;1.416;1.363;68.956;64.00000000000001;;;;A_VALIDER;"APL;FILOS2023;COG2026;CENTRES"
39512;Sergenon;39;5.4685;46.9033;2.049;1.94;59.64;57.0;;;;A_VALIDER;"APL;FILOS2023;COG2026;CENTRES"
39513;Sermange;39;5.6458;47.1985;3.818;3.818;236.642;235.9999999999998;;25710.0;;A_VALIDER;"APL;FILOS2023;COG2026;CENTRES"
39514;Serre-les-Moulières;39;5.6148;47.205;3.234;3.234;178.155;186.0;;25730.0;;A_VALIDER;"APL;FILOS2023;COG2026;CENTRES"
39517;Sirod;39;5.9897;46.7287;2.948;2.616;567.535;550.0;;27240.0;;A_VALIDER;"APL;FILOS2023;COG2026;CENTRES"
39518;Songeson;39;5.8331;46.6477;1.354;1.354;74.584;72.0;;;;A_VALIDER;"APL;FILOS2023;COG2026;CENTRES"
39519;Soucia;39;5.7557;46.5374;3.727;3.727;172.221;173.9999999999998;;27080.0;;A_VALIDER;"APL;FILOS2023;COG2026;CENTRES"
39520;Souvans;39;5.5514;46.9761;3.653;3.442;531.23;519.0;;24120.0;;A_VALIDER;"APL;FILOS2023;COG2026;CENTRES"
39522;Supt;39;5.9868;46.855;2.772;2.606;113.126;108.0;;29200.0;;A_VALIDER;"APL;FILOS2023;COG2026;CENTRES"
39523;Syam;39;5.9534;46.6969;3.301;2.969;193.856;184.0000000000001;;27820.0;;A_VALIDER;"APL;FILOS2023;COG2026;CENTRES"
39525;Tassenières;39;5.5104;46.925;2.483;2.264;397.909;396.0;;23750.0;;A_VALIDER;"APL;FILOS2023;COG2026;CENTRES"
39526;Tavaux;39;5.4026;47.0396;4.084;3.654;4086.697;3926.000000000004;9.0;26660.0;;A_VALIDER;"APL;FILOS2023;COG2026;CENTRES"
39527;Taxenne;39;5.6857;47.2212;4.69;4.69;133.703;124.9999999999999;;27220.0;;A_VALIDER;"APL;FILOS2023;COG2026;CENTRES"
39528;Thervay;39;5.6137;47.2375;3.772;3.772;395.999;389.0000000000009;;26620.0;;A_VALIDER;"APL;FILOS2023;COG2026;CENTRES"
39529;Thésy;39;5.9267;46.9032;3.196;3.196;63.063;64.00000000000003;;;;A_VALIDER;"APL;FILOS2023;COG2026;CENTRES"
39530;Thoirette-Coisia;39;5.554;46.2901;1.904;1.855;824.504;815.9999999999982;;25630.0;;A_VALIDER;"APL;FILOS2023;COG2026;CENTRES"
39531;Thoiria;39;5.7466;46.5195;4.118;4.118;188.862;183.0000000000008;;27830.0;;A_VALIDER;"APL;FILOS2023;COG2026;CENTRES"
39532;Thoissia;39;5.3931;46.4276;1.41;0.726;40.221;36.0;;;;A_VALIDER;"APL;FILOS2023;COG2026;CENTRES"
39533;Toulouse-le-Château;39;5.5845;46.8221;4.209;3.859;222.31;208.9999999999999;;25920.0;;A_VALIDER;"APL;FILOS2023;COG2026;CENTRES"
39534;La Tour-du-Meix;39;5.6695;46.5219;3.824;3.824;271.717;262.0;;28080.0;;A_VALIDER;"APL;FILOS2023;COG2026;CENTRES"
39535;Tourmont;39;5.665;46.8655;4.21;4.104;450.14;445.0000000000005;;27980.0;;A_VALIDER;"APL;FILOS2023;COG2026;CENTRES"
39537;Trenal;39;5.4628;46.6358;3.051;2.858;467.761;471.0;;26070.0;;A_VALIDER;"APL;FILOS2023;COG2026;CENTRES"
39538;Uxelles;39;5.7938;46.6027;2.252;2.252;67.661;65.00000000000016;;;;A_VALIDER;"APL;FILOS2023;COG2026;CENTRES"
39539;Vadans;39;5.7046;46.9402;5.503;5.503;312.513;307.0000000000002;;26580.0;;A_VALIDER;"APL;FILOS2023;COG2026;CENTRES"
39540;Valempoulières;39;5.877;46.8267;3.494;3.163;210.814;204.9999999999999;;25940.0;;A_VALIDER;"APL;FILOS2023;COG2026;CENTRES"
39543;Vannoz;39;5.911;46.7758;3.626;3.129;255.955;220.9999999999992;;31050.0;;A_VALIDER;"APL;FILOS2023;COG2026;CENTRES"
39545;Le Vaudioux;39;5.9262;46.6832;2.916;2.585;177.224;166.0;;25880.0;;A_VALIDER;"APL;FILOS2023;COG2026;CENTRES"
39546;Vaudrey;39;5.6291;46.9662;4.079;4.023;349.855;350.9999999999998;;25090.0;;A_VALIDER;"APL;FILOS2023;COG2026;CENTRES"
39547;Vaux-lès-Saint-Claude;39;5.7309;46.3546;3.584;3.453;691.232;674.9999999999999;;25360.0;;A_VALIDER;"APL;FILOS2023;COG2026;CENTRES"
39550;Verges;39;5.6873;46.6578;2.662;2.537;198.51;197.0000000000001;;25260.0;;A_VALIDER;"APL;FILOS2023;COG2026;CENTRES"
39551;Véria;39;5.421;46.4595;0.811;0.367;111.307;112.0;;25520.0;;A_VALIDER;"APL;FILOS2023;COG2026;CENTRES"
39552;Vernantois;39;5.5812;46.623;1.622;1.371;294.048;287.0000000000001;;25440.0;;A_VALIDER;"APL;FILOS2023;COG2026;CENTRES"
39553;Le Vernois;39;5.5941;46.7319;3.721;3.18;299.991;290.9999999999999;;29650.0;;A_VALIDER;"APL;FILOS2023;COG2026;CENTRES"
39554;Vers-en-Montagne;39;5.9111;46.8222;3.822;3.491;232.31;229.9999999999999;;25770.0;;A_VALIDER;"APL;FILOS2023;COG2026;CENTRES"
39555;Vers-sous-Sellières;39;5.5266;46.8227;3.831;3.61;229.201;232.999999999999;;22180.0;;A_VALIDER;"APL;FILOS2023;COG2026;CENTRES"
39556;Vertamboz;39;5.7438;46.6007;4.167;4.167;88.846;87.00000000000021;;;;A_VALIDER;"APL;FILOS2023;COG2026;CENTRES"
39557;Vescles;39;5.6105;46.3547;0.643;0.643;197.214;183.0;;28190.0;;A_VALIDER;"APL;FILOS2023;COG2026;CENTRES"
39558;Vevy;39;5.6688;46.667;2.056;1.812;301.915;301.9999999999996;;26320.0;;A_VALIDER;"APL;FILOS2023;COG2026;CENTRES"
39559;La Vieille-Loye;39;5.6303;47.0557;2.322;2.322;401.611;394.9999999999998;;26420.0;;A_VALIDER;"APL;FILOS2023;COG2026;CENTRES"
39560;Villard-Saint-Sauveur;39;5.8627;46.3631;4.426;4.426;616.984;582.0;;28790.0;;A_VALIDER;"APL;FILOS2023;COG2026;CENTRES"
39561;Villards-d'Héria;39;5.7394;46.4046;3.427;3.296;396.388;391.0000000000001;;25640.0;;A_VALIDER;"APL;FILOS2023;COG2026;CENTRES"
39565;Villeneuve-d'Aval;39;5.7505;46.9704;4.528;4.528;93.635;96.0;;;;A_VALIDER;"APL;FILOS2023;COG2026;CENTRES"
39567;Villeneuve-sous-Pymont;39;5.553;46.6945;4.079;3.586;351.34;305.0000000000001;;31540.0;;A_VALIDER;"APL;FILOS2023;COG2026;CENTRES"
39568;Villerserine;39;5.6399;46.855;4.287;4.066;33.8;34.00000000000001;;;;A_VALIDER;"APL;FILOS2023;COG2026;CENTRES"
39569;Villers-Farlay;39;5.7593;46.9924;6.073;5.961;625.982;649.0000000000007;;24180.0;;A_VALIDER;"APL;FILOS2023;COG2026;CENTRES"
39570;Villers-les-Bois;39;5.5712;46.9222;2.885;2.776;224.032;225.0000000000002;;25750.0;;A_VALIDER;"APL;FILOS2023;COG2026;CENTRES"
39571;Villers-Robert;39;5.5214;46.9646;3.88;3.672;234.88;240.0000000000001;;25980.0;;A_VALIDER;"APL;FILOS2023;COG2026;CENTRES"
39572;Villette-lès-Arbois;39;5.7427;46.9345;3.99;3.99;382.472;364.9999999999999;;25570.0;;A_VALIDER;"APL;FILOS2023;COG2026;CENTRES"
39573;Villette-lès-Dole;39;5.4918;47.0462;3.909;3.424;805.649;798.0000000000003;;27000.0;;A_VALIDER;"APL;FILOS2023;COG2026;CENTRES"
39574;Villevieux;39;5.4449;46.7276;4.347;4.084;727.221;706.9999999999998;;26870.0;;A_VALIDER;"APL;FILOS2023;COG2026;CENTRES"
39575;Le Villey;39;5.506;46.847;2.317;2.096;93.604;92.0;;;;A_VALIDER;"APL;FILOS2023;COG2026;CENTRES"
39576;Val-Sonnette;39;5.4619;46.6047;2.064;1.781;1308.81;1309.000000000002;;26120.0;;A_VALIDER;"APL;FILOS2023;COG2026;CENTRES"
39577;Vincent-Froideville;39;5.4803;46.7928;3.917;3.696;384.322;388.0;;27080.0;;A_VALIDER;"APL;FILOS2023;COG2026;CENTRES"
39579;Viry;39;5.7312;46.3035;3.471;3.17;917.074;892.9999999999992;;28970.0;;A_VALIDER;"APL;FILOS2023;COG2026;CENTRES"
39581;Vitreux;39;5.6708;47.2529;3.845;3.845;251.362;255.0;;25680.0;;A_VALIDER;"APL;FILOS2023;COG2026;CENTRES"
39582;Voiteur;39;5.6014;46.7431;3.493;3.011;852.792;784.0000000000002;;26810.0;;A_VALIDER;"APL;FILOS2023;COG2026;CENTRES"
39583;Vosbles-Valfin;39;5.5225;46.3465;1.595;1.595;201.495;185.9999999999998;;24250.0;;A_VALIDER;"APL;FILOS2023;COG2026;CENTRES"
39584;Vriange;39;5.5848;47.1832;2.97;2.875;161.847;161.9999999999999;;25930.0;;A_VALIDER;"APL;FILOS2023;COG2026;CENTRES"
39585;Vulvoz;39;5.7858;46.3209;0.303;0.303;20.819;22.00000000000001;;;;A_VALIDER;"APL;FILOS2023;COG2026;CENTRES"
39586;Aresches;39;5.9215;46.8942;2.361;2.361;29.648;27.0;;;;A_VALIDER;"APL;FILOS2023;COG2026;CENTRES"
58001;Achun;58;3.6605;47.1317;1.452;1.182;189.72;160.0000000000005;;21760.0;;A_VALIDER;"APL;FILOS2023;COG2026;CENTRES"
58002;Alligny-Cosne;58;3.0726;47.4463;2.853;2.336;959.1;922.0000000000006;;25580.0;;A_VALIDER;"APL;FILOS2023;COG2026;CENTRES"
58003;Alligny-en-Morvan;58;4.1674;47.2102;2.254;2.254;664.031;602.9999999999998;;24360.0;;A_VALIDER;"APL;FILOS2023;COG2026;CENTRES"
58004;Alluy;58;3.6417;47.036;2.199;1.929;394.909;368.0;;23050.0;;A_VALIDER;"APL;FILOS2023;COG2026;CENTRES"
58005;Amazy;58;3.5697;47.384;2.548;1.977;229.963;214.0000000000001;;24040.0;;A_VALIDER;"APL;FILOS2023;COG2026;CENTRES"
58006;Anlezy;58;3.4925;46.9688;1.763;1.615;261.751;240.9999999999998;;22100.0;;A_VALIDER;"APL;FILOS2023;COG2026;CENTRES"
58007;Annay;58;2.9415;47.5297;3.473;2.108;343.547;344.9999999999994;;24240.0;;A_VALIDER;"APL;FILOS2023;COG2026;CENTRES"
58008;Anthien;58;3.7265;47.3087;3.799;3.608;169.876;167.9999999999999;;22870.0;;A_VALIDER;"APL;FILOS2023;COG2026;CENTRES"
58009;Arbourse;58;3.2275;47.2478;1.624;1.425;143.767;123.0;;25500.0;;A_VALIDER;"APL;FILOS2023;COG2026;CENTRES"
58010;Arleuf;58;4.0175;47.0388;0.144;0.144;715.109;640.9999999999984;;22330.0;;A_VALIDER;"APL;FILOS2023;COG2026;CENTRES"
58011;Armes;58;3.5591;47.464;3.4;3.209;281.415;271.9999999999995;;23590.0;;A_VALIDER;"APL;FILOS2023;COG2026;CENTRES"
58012;Arquian;58;3.0008;47.5313;3.596;2.156;580.372;549.9999999999987;;24000.0;;A_VALIDER;"APL;FILOS2023;COG2026;CENTRES"
58013;Arthel;58;3.4104;47.243;0.983;0.783;97.666;90.0;;;;A_VALIDER;"APL;FILOS2023;COG2026;CENTRES"
58014;Arzembouy;58;3.3596;47.2452;1.469;1.07;74.458;68.99999999999999;;;;A_VALIDER;"APL;FILOS2023;COG2026;CENTRES"
58015;Asnan;58;3.5519;47.3105;2.496;1.924;137.105;118.9999999999999;;21980.0;;A_VALIDER;"APL;FILOS2023;COG2026;CENTRES"
58016;Asnois;58;3.5868;47.4011;2.886;2.316;157.28;140.0000000000001;;25850.0;;A_VALIDER;"APL;FILOS2023;COG2026;CENTRES"
58017;Aunay-en-Bazois;58;3.724;47.1268;1.452;1.182;261.796;228.0;;22800.0;;A_VALIDER;"APL;FILOS2023;COG2026;CENTRES"
58018;Authiou;58;3.4145;47.2676;0.983;0.783;45.851;40.0;;;;A_VALIDER;"APL;FILOS2023;COG2026;CENTRES"
58019;Avrée;58;3.8801;46.8251;4.64;2.686;91.811;84.0;;;;A_VALIDER;"APL;FILOS2023;COG2026;CENTRES"
58020;Avril-sur-Loire;58;3.3654;46.8041;1.013;0.805;248.243;247.0000000000004;;26090.0;;A_VALIDER;"APL;FILOS2023;COG2026;CENTRES"
58021;Azy-le-Vif;58;3.2268;46.7873;1.58;0.929;202.195;194.9999999999995;;22060.0;;A_VALIDER;"APL;FILOS2023;COG2026;CENTRES"
58023;Bazoches;58;3.7938;47.3686;1.933;1.933;184.346;164.9999999999998;;26280.0;;A_VALIDER;"APL;FILOS2023;COG2026;CENTRES"
58024;Bazolles;58;3.6075;47.145;2.538;2.001;310.144;284.0000000000007;;24760.0;;A_VALIDER;"APL;FILOS2023;COG2026;CENTRES"
58025;Béard;58;3.3238;46.8682;1.291;1.065;164.345;160.9999999999999;;24270.0;;A_VALIDER;"APL;FILOS2023;COG2026;CENTRES"
58026;Beaulieu;58;3.536;47.2593;1.082;0.89;154.707;142.9999999999999;;25110.0;;A_VALIDER;"APL;FILOS2023;COG2026;CENTRES"
58027;Beaumont-la-Ferrière;58;3.2364;47.1847;1.939;1.541;125.282;119.0;;23060.0;;A_VALIDER;"APL;FILOS2023;COG2026;CENTRES"
58028;Beaumont-Sardolles;58;3.3987;46.9358;2.407;1.999;123.209;115.9999999999999;;;;A_VALIDER;"APL;FILOS2023;COG2026;CENTRES"
58029;Beuvron;58;3.4997;47.351;1.524;1.143;91.671;86.00000000000013;;;;A_VALIDER;"APL;FILOS2023;COG2026;CENTRES"
58030;Biches;58;3.6583;46.9936;2.45;1.744;287.36;254.0000000000001;;23500.0;;A_VALIDER;"APL;FILOS2023;COG2026;CENTRES"
58031;Billy-Chevannes;58;3.4662;47.0108;4.46;3.749;312.671;316.0;;23630.0;;A_VALIDER;"APL;FILOS2023;COG2026;CENTRES"
58032;Billy-sur-Oisy;58;3.3962;47.4836;2.46;2.46;380.118;367.0000000000001;;23550.0;;A_VALIDER;"APL;FILOS2023;COG2026;CENTRES"
58033;Bitry;58;3.0891;47.4908;3.011;2.306;330.154;311.0;;24360.0;;A_VALIDER;"APL;FILOS2023;COG2026;CENTRES"
58034;Blismes;58;3.8227;47.1296;0.0;0.0;195.951;187.0000000000004;;23060.0;;A_VALIDER;"APL;FILOS2023;COG2026;CENTRES"
58035;Bona;58;3.426;47.0636;4.951;3.973;316.549;297.0000000000007;;24880.0;;A_VALIDER;"APL;FILOS2023;COG2026;CENTRES"
58036;Bouhy;58;3.1831;47.4897;2.582;2.112;473.067;426.9999999999993;;24110.0;;A_VALIDER;"APL;FILOS2023;COG2026;CENTRES"
58037;Brassy;58;3.9374;47.2584;3.021;2.016;654.905;593.9999999999994;;24660.0;;A_VALIDER;"APL;FILOS2023;COG2026;CENTRES"
58038;Breugnon;58;3.4576;47.4281;2.179;2.179;159.301;151.9999999999999;;25890.0;;A_VALIDER;"APL;FILOS2023;COG2026;CENTRES"
58039;Brèves;58;3.6223;47.4299;2.886;2.316;269.713;249.0000000000001;;24300.0;;A_VALIDER;"APL;FILOS2023;COG2026;CENTRES"
58040;Brinay;58;3.7058;47.0113;2.973;1.562;156.031;144.9999999999993;;;;A_VALIDER;"APL;FILOS2023;COG2026;CENTRES"
58041;Brinon-sur-Beuvron;58;3.4912;47.2844;0.839;0.648;188.464;166.0000000000001;;24030.0;;A_VALIDER;"APL;FILOS2023;COG2026;CENTRES"
58042;Bulcy;58;3.0271;47.2405;0.901;0.699;156.658;144.0000000000002;;24690.0;;A_VALIDER;"APL;FILOS2023;COG2026;CENTRES"
58043;Bussy-la-Pesle;58;3.4746;47.2547;0.479;0.287;58.564;52.99999999999999;;;;A_VALIDER;"APL;FILOS2023;COG2026;CENTRES"
58044;La Celle-sur-Loire;58;2.9403;47.4835;3.811;2.854;809.942;786.0;;24610.0;;A_VALIDER;"APL;FILOS2023;COG2026;CENTRES"
58045;La Celle-sur-Nièvre;58;3.2005;47.2174;1.939;1.541;173.325;155.0000000000001;;26550.0;;A_VALIDER;"APL;FILOS2023;COG2026;CENTRES"
58046;Cercy-la-Tour;58;3.6457;46.8492;3.717;2.696;1896.446;1682.999999999998;;22400.0;;A_VALIDER;"APL;FILOS2023;COG2026;CENTRES"
58047;Cervon;58;3.744;47.2415;3.334;3.334;636.637;594.0;;25140.0;;A_VALIDER;"APL;FILOS2023;COG2026;CENTRES"
58048;Cessy-les-Bois;58;3.2194;47.3332;1.094;1.094;128.382;114.0;;24770.0;;A_VALIDER;"APL;FILOS2023;COG2026;CENTRES"
58049;Chalaux;58;3.9129;47.3348;0.583;0.583;92.167;83.0;;;;A_VALIDER;"APL;FILOS2023;COG2026;CENTRES"
58050;Challement;58;3.5974;47.3124;2.465;2.084;53.811;44.99999999999996;;;;A_VALIDER;"APL;FILOS2023;COG2026;CENTRES"
58051;Challuy;58;3.1368;46.9446;3.72;2.908;1492.322;1467.999999999999;;26000.0;;A_VALIDER;"APL;FILOS2023;COG2026;CENTRES"
58052;Champallement;58;3.4795;47.2297;0.939;0.669;59.691;55.0;;;;A_VALIDER;"APL;FILOS2023;COG2026;CENTRES"
58053;Champlemy;58;3.3328;47.2869;1.303;1.104;351.017;326.0000000000006;;24260.0;;A_VALIDER;"APL;FILOS2023;COG2026;CENTRES"
58054;Champlin;58;3.4506;47.2449;0.662;0.462;48.201;42.00000000000012;;;;A_VALIDER;"APL;FILOS2023;COG2026;CENTRES"
58055;Champvert;58;3.5305;46.8535;2.695;2.013;787.792;743.999999999998;;24870.0;;A_VALIDER;"APL;FILOS2023;COG2026;CENTRES"
58056;Champvoux;58;3.0718;47.1459;1.126;1.08;287.158;285.0000000000006;;26930.0;;A_VALIDER;"APL;FILOS2023;COG2026;CENTRES"
58057;Chantenay-Saint-Imbert;58;3.1681;46.7394;2.814;2.009;1124.951;1090.0;;23870.0;;A_VALIDER;"APL;FILOS2023;COG2026;CENTRES"
58058;La Chapelle-Saint-André;58;3.3254;47.3998;0.563;0.563;330.581;304.9999999999999;;22600.0;;A_VALIDER;"APL;FILOS2023;COG2026;CENTRES"
58059;La Charité-sur-Loire;58;3.0291;47.183;1.731;1.28;5274.515;4701.000000000005;21.0;23010.0;;A_VALIDER;"APL;FILOS2023;COG2026;CENTRES"
58060;Charrin;58;3.599;46.7993;3.404;2.723;633.153;606.0;;24250.0;;A_VALIDER;"APL;FILOS2023;COG2026;CENTRES"
58061;Chasnay;58;3.1738;47.2351;1.094;1.094;141.262;128.0;;25780.0;;A_VALIDER;"APL;FILOS2023;COG2026;CENTRES"
58062;Château-Chinon (Ville);58;3.9261;47.066;1.274;0.569;2021.367;1857.000000000004;;21000.0;;A_VALIDER;"APL;FILOS2023;COG2026;CENTRES"
58063;Château-Chinon (Campagne);58;3.9408;47.0559;0.216;0.216;613.138;555.0;;24360.0;;A_VALIDER;"APL;FILOS2023;COG2026;CENTRES"
58064;Châteauneuf-Val-de-Bargis;58;3.2129;47.2807;1.624;1.425;528.28;478.9999999999995;;25000.0;;A_VALIDER;"APL;FILOS2023;COG2026;CENTRES"
58065;Châtillon-en-Bazois;58;3.6546;47.0554;3.257;2.282;906.669;835.0000000000003;;23110.0;;A_VALIDER;"APL;FILOS2023;COG2026;CENTRES"
58066;Châtin;58;3.8858;47.1048;1.274;0.569;91.746;83.00000000000004;;;;A_VALIDER;"APL;FILOS2023;COG2026;CENTRES"
58067;Chaulgnes;58;3.1104;47.1242;2.147;1.982;1497.517;1503.0;;27490.0;;A_VALIDER;"APL;FILOS2023;COG2026;CENTRES"
58068;Chaumard;58;3.9151;47.1447;0.072;0.072;234.68;196.0;;25230.0;;A_VALIDER;"APL;FILOS2023;COG2026;CENTRES"
58069;Chaumot;58;3.6425;47.2506;2.572;2.572;175.132;163.9999999999993;;23160.0;;A_VALIDER;"APL;FILOS2023;COG2026;CENTRES"
58070;Chazeuil;58;3.4034;47.2743;0.983;0.783;71.24;61.0;;;;A_VALIDER;"APL;FILOS2023;COG2026;CENTRES"
58071;Chevannes-Changy;58;3.4547;47.2889;0.132;0.131;151.985;136.0;;25370.0;;A_VALIDER;"APL;FILOS2023;COG2026;CENTRES"
58072;Chevenon;58;3.2288;46.9128;2.236;1.786;633.596;632.0000000000003;;26490.0;;A_VALIDER;"APL;FILOS2023;COG2026;CENTRES"
58073;Chevroches;58;3.5445;47.4458;3.4;3.209;115.085;114.0;;25340.0;;A_VALIDER;"APL;FILOS2023;COG2026;CENTRES"
58074;Chiddes;58;3.9318;46.863;3.194;1.239;382.82;353.0;;21720.0;;A_VALIDER;"APL;FILOS2023;COG2026;CENTRES"
58075;Chitry-les-Mines;58;3.6623;47.2748;2.572;2.572;239.257;218.0000000000002;;25160.0;;A_VALIDER;"APL;FILOS2023;COG2026;CENTRES"
58076;Chougny;58;3.759;47.0876;0.645;0.644;90.592;84.00000000000024;;;;A_VALIDER;"APL;FILOS2023;COG2026;CENTRES"
58077;Ciez;58;3.1643;47.443;1.938;1.703;411.424;375.9999999999997;;25560.0;;A_VALIDER;"APL;FILOS2023;COG2026;CENTRES"
58078;Cizely;58;3.4656;46.985;3.562;2.998;55.562;52.00000000000003;;;;A_VALIDER;"APL;FILOS2023;COG2026;CENTRES"
58079;Clamecy;58;3.5188;47.4588;3.4;3.209;3864.131;3597.000000000004;31.0;20200.0;;A_VALIDER;"APL;FILOS2023;COG2026;CENTRES"
58080;La Collancelle;58;3.6453;47.1779;2.012;1.743;179.893;160.9999999999997;;22290.0;;A_VALIDER;"APL;FILOS2023;COG2026;CENTRES"
58081;Colméry;58;3.2441;47.346;0.729;0.729;308.869;269.0000000000001;;24790.0;;A_VALIDER;"APL;FILOS2023;COG2026;CENTRES"
58082;Corancy;58;3.9638;47.1092;0.216;0.216;314.441;281.0000000000004;;23600.0;;A_VALIDER;"APL;FILOS2023;COG2026;CENTRES"
58083;Corbigny;58;3.6947;47.2553;3.458;3.268;1568.182;1330.0;;23330.0;;A_VALIDER;"APL;FILOS2023;COG2026;CENTRES"
58084;Corvol-d'Embernard;58;3.4002;47.2943;0.618;0.418;127.604;116.0;;;;A_VALIDER;"APL;FILOS2023;COG2026;CENTRES"
58085;Corvol-l'Orgueilleux;58;3.3716;47.4342;2.46;2.46;763.053;724.9999999999998;;23740.0;;A_VALIDER;"APL;FILOS2023;COG2026;CENTRES"
58086;Cosne-Cours-sur-Loire;58;2.9419;47.414;3.188;2.784;10797.829;9786.000000000002;20.0;23560.0;;A_VALIDER;"APL;FILOS2023;COG2026;CENTRES"
58087;Cossaye;58;3.511;46.7556;2.694;2.449;692.351;657.0;;22240.0;;A_VALIDER;"APL;FILOS2023;COG2026;CENTRES"
58088;Coulanges-lès-Nevers;58;3.2005;47.0157;4.237;3.717;3936.919;3678.0;10.0;26270.0;;A_VALIDER;"APL;FILOS2023;COG2026;CENTRES"
58089;Couloutre;58;3.2232;47.3989;0.946;0.946;251.541;219.9999999999998;;24690.0;;A_VALIDER;"APL;FILOS2023;COG2026;CENTRES"
58090;Courcelles;58;3.3924;47.4013;1.024;1.024;232.856;228.0;;24560.0;;A_VALIDER;"APL;FILOS2023;COG2026;CENTRES"
58092;Crux-la-Ville;58;3.53;47.1556;2.676;1.87;444.772;399.0;;24600.0;;A_VALIDER;"APL;FILOS2023;COG2026;CENTRES"
58093;Cuncy-lès-Varzy;58;3.4585;47.3619;1.133;0.943;131.813;122.0000000000004;;24270.0;;A_VALIDER;"APL;FILOS2023;COG2026;CENTRES"
58094;Dampierre-sous-Bouhy;58;3.1323;47.5061;3.875;3.17;516.143;455.9999999999999;;23660.0;;A_VALIDER;"APL;FILOS2023;COG2026;CENTRES"
58095;Decize;58;3.4695;46.809;1.756;1.722;5665.262;5024.999999999998;19.0;23230.0;;A_VALIDER;"APL;FILOS2023;COG2026;CENTRES"
58096;Devay;58;3.5375;46.8022;2.44;2.099;482.101;471.9999999999991;;26350.0;;A_VALIDER;"APL;FILOS2023;COG2026;CENTRES"
58097;Diennes-Aubigny;58;3.5751;46.9185;2.018;1.337;93.804;91.00000000000007;;;;A_VALIDER;"APL;FILOS2023;COG2026;CENTRES"
58098;Dirol;58;3.6424;47.3223;3.607;3.226;119.952;106.0;;25100.0;;A_VALIDER;"APL;FILOS2023;COG2026;CENTRES"
58099;Dommartin;58;3.8479;47.0709;2.654;1.244;169.138;155.9999999999999;;22230.0;;A_VALIDER;"APL;FILOS2023;COG2026;CENTRES"
58101;Dompierre-sur-Nièvre;58;3.2556;47.2327;2.154;1.756;185.774;183.0000000000006;;23400.0;;A_VALIDER;"APL;FILOS2023;COG2026;CENTRES"
58102;Donzy;58;3.1171;47.3798;1.096;1.096;1751.798;1542.0;;23230.0;;A_VALIDER;"APL;FILOS2023;COG2026;CENTRES"
58103;Dornecy;58;3.5891;47.4428;3.941;3.561;484.482;457.0000000000005;;22870.0;;A_VALIDER;"APL;FILOS2023;COG2026;CENTRES"
58104;Dornes;58;3.3373;46.7196;1.853;1.434;1513.146;1458.0;;23980.0;;A_VALIDER;"APL;FILOS2023;COG2026;CENTRES"
58105;Druy-Parigny;58;3.3749;46.8771;0.906;0.792;305.044;303.0;;25760.0;;A_VALIDER;"APL;FILOS2023;COG2026;CENTRES"
58106;Dun-les-Places;58;4.0174;47.2868;2.439;1.433;406.888;362.0;;24780.0;;A_VALIDER;"APL;FILOS2023;COG2026;CENTRES"
58107;Dun-sur-Grandry;58;3.7996;47.0877;0.395;0.394;168.465;147.9999999999999;;20940.0;;A_VALIDER;"APL;FILOS2023;COG2026;CENTRES"
58108;Empury;58;3.8207;47.3484;1.166;1.166;91.285;76.99999999999967;;;;A_VALIDER;"APL;FILOS2023;COG2026;CENTRES"
58109;Entrains-sur-Nohain;58;3.2763;47.4559;1.713;1.478;838.899;737.9999999999999;;22980.0;;A_VALIDER;"APL;FILOS2023;COG2026;CENTRES"
58110;Epiry;58;3.7308;47.1718;1.205;1.205;235.842;227.0;;22230.0;;A_VALIDER;"APL;FILOS2023;COG2026;CENTRES"
58111;Fâchin;58;3.9683;47.0019;0.144;0.144;122.185;104.9999999999995;;;;A_VALIDER;"APL;FILOS2023;COG2026;CENTRES"
58112;La Fermeté;58;3.3295;46.9587;3.247;2.557;619.174;622.0000000000002;;26870.0;;A_VALIDER;"APL;FILOS2023;COG2026;CENTRES"
58113;Fertrève;58;3.5892;46.9615;1.651;1.309;100.649;92.0;;;;A_VALIDER;"APL;FILOS2023;COG2026;CENTRES"
58114;Fléty;58;3.9095;46.8006;5.264;1.859;98.673;89.99999999999996;;;;A_VALIDER;"APL;FILOS2023;COG2026;CENTRES"
58115;Fleury-sur-Loire;58;3.3173;46.8307;0.683;0.509;228.477;228.0000000000002;;21600.0;;A_VALIDER;"APL;FILOS2023;COG2026;CENTRES"
58116;Flez-Cuzy;58;3.6315;47.3592;2.768;2.197;141.891;132.9999999999996;;23510.0;;A_VALIDER;"APL;FILOS2023;COG2026;CENTRES"
58117;Fourchambault;58;3.0932;47.0159;2.826;2.084;4234.12;4019.000000000004;25.0;21320.0;;A_VALIDER;"APL;FILOS2023;COG2026;CENTRES"
58118;Fours;58;3.722;46.8114;4.052;3.371;671.148;601.9999999999995;;22900.0;;A_VALIDER;"APL;FILOS2023;COG2026;CENTRES"
58119;Frasnay-Reugny;58;3.5237;46.9901;3.562;2.998;78.705;79.9999999999999;;;;A_VALIDER;"APL;FILOS2023;COG2026;CENTRES"
58120;Gâcogne;58;3.8788;47.2321;1.166;1.166;239.247;209.0000000000002;;23480.0;;A_VALIDER;"APL;FILOS2023;COG2026;CENTRES"
58121;Garchizy;58;3.0944;47.0445;2.213;1.864;3656.27;3666.000000000003;14.0;24150.0;;A_VALIDER;"APL;FILOS2023;COG2026;CENTRES"
58122;Garchy;58;3.0476;47.2776;0.766;0.766;448.947;427.0;;24690.0;;A_VALIDER;"APL;FILOS2023;COG2026;CENTRES"
58123;Germenay;58;3.5993;47.2886;2.708;2.326;130.88;120.0000000000001;;23840.0;;A_VALIDER;"APL;FILOS2023;COG2026;CENTRES"
58124;Germigny-sur-Loire;58;3.0479;47.0762;1.171;0.959;740.267;747.9999999999992;;26050.0;;A_VALIDER;"APL;FILOS2023;COG2026;CENTRES"
58125;Gien-sur-Cure;58;4.0892;47.1425;2.933;2.431;100.706;90.0;;;;A_VALIDER;"APL;FILOS2023;COG2026;CENTRES"
58126;Gimouille;58;3.0942;46.9397;2.05;1.567;402.842;414.0;;23980.0;;A_VALIDER;"APL;FILOS2023;COG2026;CENTRES"
58127;Giry;58;3.3305;47.2152;1.999;1.401;206.175;188.0;;25270.0;;A_VALIDER;"APL;FILOS2023;COG2026;CENTRES"
58128;Glux-en-Glenne;58;4.019;46.9541;0.0;0.0;92.652;87.0;;;;A_VALIDER;"APL;FILOS2023;COG2026;CENTRES"
58129;Gouloux;58;4.0843;47.2314;3.01;2.004;178.207;161.0;;23950.0;;A_VALIDER;"APL;FILOS2023;COG2026;CENTRES"
58130;Grenois;58;3.52;47.3183;1.789;1.407;113.262;93.0;;;;A_VALIDER;"APL;FILOS2023;COG2026;CENTRES"
58131;Guérigny;58;3.2177;47.0972;1.804;1.537;2599.068;2512.000000000001;13.0;24140.0;;A_VALIDER;"APL;FILOS2023;COG2026;CENTRES"
58132;Guipy;58;3.5825;47.228;1.654;1.653;241.956;225.9999999999999;;24640.0;;A_VALIDER;"APL;FILOS2023;COG2026;CENTRES"
58133;Héry;58;3.5932;47.2617;2.0;1.809;75.644;73.00000000000007;;;;A_VALIDER;"APL;FILOS2023;COG2026;CENTRES"
58134;Imphy;58;3.2815;46.9366;1.396;1.012;3394.786;3175.000000000002;18.0;22830.0;;A_VALIDER;"APL;FILOS2023;COG2026;CENTRES"
58135;Isenay;58;3.7127;46.9124;4.834;3.108;106.662;102.0;;;;A_VALIDER;"APL;FILOS2023;COG2026;CENTRES"
58136;Jailly;58;3.4693;47.0853;3.816;2.863;74.579;67.00000000000033;;;;A_VALIDER;"APL;FILOS2023;COG2026;CENTRES"
58137;Lamenay-sur-Loire;58;3.5788;46.7459;0.788;0.788;75.964;67.9999999999998;;;;A_VALIDER;"APL;FILOS2023;COG2026;CENTRES"
58138;Langeron;58;3.0832;46.818;3.396;2.709;337.988;343.0;;25550.0;;A_VALIDER;"APL;FILOS2023;COG2026;CENTRES"
58139;Lanty;58;3.8288;46.8085;5.585;3.63;136.988;122.0;;18830.0;;A_VALIDER;"APL;FILOS2023;COG2026;CENTRES"
58140;Larochemillay;58;3.9836;46.8855;1.597;0.62;257.596;227.9999999999999;;22390.0;;A_VALIDER;"APL;FILOS2023;COG2026;CENTRES"
58141;Lavault-de-Frétoy;58;4.0162;47.1024;1.215;1.215;75.334;69.00000000000021;;;;A_VALIDER;"APL;FILOS2023;COG2026;CENTRES"
58142;Limanton;58;3.7344;46.9835;3.496;1.38;260.134;241.0;;24210.0;;A_VALIDER;"APL;FILOS2023;COG2026;CENTRES"
58143;Limon;58;3.3945;46.9649;3.004;2.449;148.091;144.9999999999999;;25360.0;;A_VALIDER;"APL;FILOS2023;COG2026;CENTRES"
58144;Livry;58;3.072;46.7714;2.72;2.055;652.095;646.0;;22730.0;;A_VALIDER;"APL;FILOS2023;COG2026;CENTRES"
58145;Lormes;58;3.827;47.2941;2.712;2.712;1450.469;1258.999999999999;;23400.0;;A_VALIDER;"APL;FILOS2023;COG2026;CENTRES"
58146;Lucenay-lès-Aix;58;3.4947;46.694;3.115;2.904;989.143;951.0000000000002;;22580.0;;A_VALIDER;"APL;FILOS2023;COG2026;CENTRES"
58147;Lurcy-le-Bourg;58;3.3962;47.167;2.617;1.751;297.798;273.9999999999999;;24010.0;;A_VALIDER;"APL;FILOS2023;COG2026;CENTRES"
58148;Luthenay-Uxeloup;58;3.2686;46.8583;0.682;0.513;608.714;606.9999999999997;;25140.0;;A_VALIDER;"APL;FILOS2023;COG2026;CENTRES"
58149;Luzy;58;3.9929;46.7986;5.738;1.859;2322.096;1982.999999999999;;23310.0;;A_VALIDER;"APL;FILOS2023;COG2026;CENTRES"
58150;Lys;58;3.6003;47.3361;1.849;1.278;121.511;105.0;;;;A_VALIDER;"APL;FILOS2023;COG2026;CENTRES"
58151;La Machine;58;3.4617;46.8875;2.224;2.076;3500.767;3212.999999999999;20.0;22200.0;;A_VALIDER;"APL;FILOS2023;COG2026;CENTRES"
58152;Magny-Cours;58;3.1562;46.8906;2.649;2.003;1501.079;1417.000000000001;;25510.0;;A_VALIDER;"APL;FILOS2023;COG2026;CENTRES"
58153;Magny-Lormes;58;3.7479;47.2904;3.438;3.248;78.645;67.99999999999994;;;;A_VALIDER;"APL;FILOS2023;COG2026;CENTRES"
58154;La Maison-Dieu;58;3.6704;47.4255;3.133;2.563;119.38;113.0;;20920.0;;A_VALIDER;"APL;FILOS2023;COG2026;CENTRES"
58155;La Marche;58;3.0453;47.148;2.518;2.133;555.547;525.0000000000009;;27750.0;;A_VALIDER;"APL;FILOS2023;COG2026;CENTRES"
58156;Marcy;58;3.3997;47.3203;0.088;0.087;153.041;139.0;;21300.0;;A_VALIDER;"APL;FILOS2023;COG2026;CENTRES"
58157;Marigny-l'Église;58;3.9346;47.3445;0.0;0.0;311.832;276.0;;25030.0;;A_VALIDER;"APL;FILOS2023;COG2026;CENTRES"
58158;Mars-sur-Allier;58;3.0879;46.8597;1.911;1.446;299.41;300.0;;25100.0;;A_VALIDER;"APL;FILOS2023;COG2026;CENTRES"
58159;Marigny-sur-Yonne;58;3.643;47.2871;3.279;3.089;199.072;191.0000000000001;;22810.0;;A_VALIDER;"APL;FILOS2023;COG2026;CENTRES"
58160;Marzy;58;3.0942;46.9865;2.011;1.493;3732.348;3650.0;7.0;29260.0;;A_VALIDER;"APL;FILOS2023;COG2026;CENTRES"
58161;Maux;58;3.7729;47.0405;2.833;1.422;156.349;146.0000000000002;;;;A_VALIDER;"APL;FILOS2023;COG2026;CENTRES"
58162;Menestreau;58;3.2638;47.4115;0.844;0.844;108.628;96.0;;;;A_VALIDER;"APL;FILOS2023;COG2026;CENTRES"
58163;Menou;58;3.2817;47.3664;1.011;1.011;213.064;182.0;;24960.0;;A_VALIDER;"APL;FILOS2023;COG2026;CENTRES"
58164;Mesves-sur-Loire;58;3.0089;47.2329;1.86;1.61;671.314;655.9999999999995;;25340.0;;A_VALIDER;"APL;FILOS2023;COG2026;CENTRES"
58165;Metz-le-Comte;58;3.6405;47.3925;2.504;1.933;194.245;178.0;;28770.0;;A_VALIDER;"APL;FILOS2023;COG2026;CENTRES"
58166;Mhère;58;3.8611;47.1946;0.583;0.583;267.701;229.0;;23270.0;;A_VALIDER;"APL;FILOS2023;COG2026;CENTRES"
58168;Millay;58;3.9813;46.8363;3.194;1.239;507.355;439.0000000000003;;22360.0;;A_VALIDER;"APL;FILOS2023;COG2026;CENTRES"
58169;Moissy-Moulinot;58;3.7053;47.3275;2.96;2.58;14.425;13.0;;;;A_VALIDER;"APL;FILOS2023;COG2026;CENTRES"
58170;Monceaux-le-Comte;58;3.6637;47.331;3.954;3.383;133.719;126.0;;23450.0;;A_VALIDER;"APL;FILOS2023;COG2026;CENTRES"
58171;Montapas;58;3.5852;47.0816;3.006;2.467;306.286;275.0000000000002;;21510.0;;A_VALIDER;"APL;FILOS2023;COG2026;CENTRES"
58172;Montambert;58;3.689;46.7736;4.052;3.371;125.811;115.9999999999997;;23460.0;;A_VALIDER;"APL;FILOS2023;COG2026;CENTRES"
58173;Montaron;58;3.7476;46.8803;5.169;3.783;188.485;159.0000000000001;;19960.0;;A_VALIDER;"APL;FILOS2023;COG2026;CENTRES"
58174;Montenoison;58;3.4173;47.2151;1.955;1.287;135.366;124.0000000000001;;23950.0;;A_VALIDER;"APL;FILOS2023;COG2026;CENTRES"
58175;Mont-et-Marré;58;3.6432;47.0902;1.987;1.717;170.897;152.0;;22380.0;;A_VALIDER;"APL;FILOS2023;COG2026;CENTRES"
58176;Montigny-aux-Amognes;58;3.2792;47.0243;3.573;3.081;637.567;632.0000000000015;;26710.0;;A_VALIDER;"APL;FILOS2023;COG2026;CENTRES"
58177;Montigny-en-Morvan;58;3.8603;47.1422;0.072;0.072;328.656;296.9999999999996;;22540.0;;A_VALIDER;"APL;FILOS2023;COG2026;CENTRES"
58178;Montigny-sur-Canne;58;3.6504;46.9458;2.599;1.212;167.374;153.9999999999997;;21510.0;;A_VALIDER;"APL;FILOS2023;COG2026;CENTRES"
58179;Montreuillon;58;3.7935;47.168;0.603;0.603;270.829;247.9999999999999;;24320.0;;A_VALIDER;"APL;FILOS2023;COG2026;CENTRES"
58180;Montsauche-les-Settons;58;4.0395;47.2179;4.229;2.721;552.671;497.0000000000006;;21860.0;;A_VALIDER;"APL;FILOS2023;COG2026;CENTRES"
58181;Moraches;58;3.5443;47.2854;1.082;0.89;142.186;130.0;;24980.0;;A_VALIDER;"APL;FILOS2023;COG2026;CENTRES"
58182;Moulins-Engilbert;58;3.8216;46.9759;4.571;2.456;1588.969;1354.0;;23320.0;;A_VALIDER;"APL;FILOS2023;COG2026;CENTRES"
58183;Mouron-sur-Yonne;58;3.7372;47.1965;1.205;1.205;93.157;88.0;;23500.0;;A_VALIDER;"APL;FILOS2023;COG2026;CENTRES"
58184;Moussy;58;3.4581;47.197;1.955;1.287;124.639;108.0000000000002;;;;A_VALIDER;"APL;FILOS2023;COG2026;CENTRES"
58185;Moux-en-Morvan;58;4.1258;47.1714;3.351;2.848;603.246;534.0;;22830.0;;A_VALIDER;"APL;FILOS2023;COG2026;CENTRES"
58186;Murlin;58;3.1729;47.1955;1.557;1.357;57.411;57.0;;;;A_VALIDER;"APL;FILOS2023;COG2026;CENTRES"
58187;Myennes;58;2.9449;47.4549;3.756;2.824;562.047;536.0;;22400.0;;A_VALIDER;"APL;FILOS2023;COG2026;CENTRES"
58188;Nannay;58;3.1705;47.2615;1.094;1.094;123.489;110.9999999999999;;20630.0;;A_VALIDER;"APL;FILOS2023;COG2026;CENTRES"
58189;Narcy;58;3.0989;47.2308;1.064;1.064;475.734;466.9999999999997;;25090.0;;A_VALIDER;"APL;FILOS2023;COG2026;CENTRES"
58190;Neuffontaines;58;3.7335;47.3536;2.64;2.45;107.0;93.00000000000006;;;;A_VALIDER;"APL;FILOS2023;COG2026;CENTRES"
58191;Neuilly;58;3.521;47.2449;1.541;1.271;121.827;108.9999999999997;;22180.0;;A_VALIDER;"APL;FILOS2023;COG2026;CENTRES"
58192;Neuville-lès-Decize;58;3.2981;46.7755;1.888;1.248;227.478;211.0;;22180.0;;A_VALIDER;"APL;FILOS2023;COG2026;CENTRES"
58193;Neuvy-sur-Loire;58;2.8866;47.5294;3.564;1.86;1467.589;1428.0;;24830.0;;A_VALIDER;"APL;FILOS2023;COG2026;CENTRES"
58194;Nevers;58;3.1598;46.9852;2.987;2.477;34398.667;33172.00000000001;26.0;21900.0;;A_VALIDER;"APL;FILOS2023;COG2026;CENTRES"
58195;La Nocle-Maulaix;58;3.7531;46.7636;1.889;1.889;322.533;270.0;;22460.0;;A_VALIDER;"APL;FILOS2023;COG2026;CENTRES"
58196;Nolay;58;3.3197;47.1178;2.181;1.583;365.751;345.9999999999999;;25640.0;;A_VALIDER;"APL;FILOS2023;COG2026;CENTRES"
58197;Nuars;58;3.7144;47.3881;3.393;3.013;182.193;169.0;;24470.0;;A_VALIDER;"APL;FILOS2023;COG2026;CENTRES"
58198;Oisy;58;3.4461;47.4717;3.334;3.334;316.881;303.9999999999993;;23290.0;;A_VALIDER;"APL;FILOS2023;COG2026;CENTRES"
58199;Onlay;58;3.8967;46.9659;3.119;1.709;188.802;162.0;;22910.0;;A_VALIDER;"APL;FILOS2023;COG2026;CENTRES"
58200;Ouagne;58;3.5016;47.4025;2.223;1.842;166.174;147.9999999999999;;26120.0;;A_VALIDER;"APL;FILOS2023;COG2026;CENTRES"
58201;Oudan;58;3.3292;47.3419;0.365;0.365;149.303;137.9999999999999;;24720.0;;A_VALIDER;"APL;FILOS2023;COG2026;CENTRES"
58202;Ougny;58;3.7103;47.0751;2.238;1.531;31.799;27.0;;;;A_VALIDER;"APL;FILOS2023;COG2026;CENTRES"
58203;Oulon;58;3.4035;47.1966;1.104;0.706;68.854;64.00000000000006;;;;A_VALIDER;"APL;FILOS2023;COG2026;CENTRES"
58204;Vaux d'Amognes;58;3.2904;47.077;3.175;2.659;520.078;528.0;;24820.0;;A_VALIDER;"APL;FILOS2023;COG2026;CENTRES"
58205;Ouroux-en-Morvan;58;3.9483;47.1917;2.439;1.433;681.561;596.0000000000001;;23230.0;;A_VALIDER;"APL;FILOS2023;COG2026;CENTRES"
58206;Parigny-la-Rose;58;3.4577;47.3318;0.044;0.044;38.843;33.00000000000002;;;;A_VALIDER;"APL;FILOS2023;COG2026;CENTRES"
58207;Parigny-les-Vaux;58;3.141;47.102;1.866;1.684;961.463;965.0000000000018;;26760.0;;A_VALIDER;"APL;FILOS2023;COG2026;CENTRES"
58208;Pazy;58;3.6353;47.2329;2.212;2.212;320.389;293.0000000000001;;25010.0;;A_VALIDER;"APL;FILOS2023;COG2026;CENTRES"
58209;Perroy;58;3.1597;47.4014;0.609;0.609;161.423;148.0000000000001;;25000.0;;A_VALIDER;"APL;FILOS2023;COG2026;CENTRES"
58210;Planchez;58;4.0241;47.1483;3.653;2.648;336.449;307.9999999999995;;21970.0;;A_VALIDER;"APL;FILOS2023;COG2026;CENTRES"
58211;Poil;58;4.0559;46.8704;3.124;2.147;161.604;151.0000000000001;;23590.0;;A_VALIDER;"APL;FILOS2023;COG2026;CENTRES"
58212;Poiseux;58;3.2413;47.1251;1.846;1.448;323.08;328.9999999999998;;25190.0;;A_VALIDER;"APL;FILOS2023;COG2026;CENTRES"
58213;Pougny;58;3.0251;47.3965;1.598;1.503;472.518;472.9999999999994;;24060.0;;A_VALIDER;"APL;FILOS2023;COG2026;CENTRES"
58214;Pougues-les-Eaux;58;3.0944;47.0763;3.231;2.861;2450.944;2388.0;10.0;26680.0;;A_VALIDER;"APL;FILOS2023;COG2026;CENTRES"
58215;Pouilly-sur-Loire;58;2.9799;47.2815;2.413;2.318;1737.986;1623.0;;24640.0;;A_VALIDER;"APL;FILOS2023;COG2026;CENTRES"
58216;Pouques-Lormes;58;3.7742;47.3259;2.489;2.489;160.66;141.9999999999995;;22350.0;;A_VALIDER;"APL;FILOS2023;COG2026;CENTRES"
58217;Pousseaux;58;3.5446;47.4974;3.651;3.651;196.24;190.0000000000001;;27160.0;;A_VALIDER;"APL;FILOS2023;COG2026;CENTRES"
58218;Prémery;58;3.3205;47.168;2.325;1.727;1986.157;1781.999999999997;;22610.0;;A_VALIDER;"APL;FILOS2023;COG2026;CENTRES"
58219;Préporché;58;3.861;46.9406;3.621;2.211;233.291;208.9999999999997;;22170.0;;A_VALIDER;"APL;FILOS2023;COG2026;CENTRES"
58220;Raveau;58;3.1161;47.1832;1.868;1.619;655.285;610.9999999999985;;26970.0;;A_VALIDER;"APL;FILOS2023;COG2026;CENTRES"
58221;Rémilly;58;3.7932;46.8304;4.49;3.512;162.961;154.9999999999999;;22530.0;;A_VALIDER;"APL;FILOS2023;COG2026;CENTRES"
58222;Rix;58;3.4963;47.4265;2.987;2.797;175.648;152.9999999999994;;27850.0;;A_VALIDER;"APL;FILOS2023;COG2026;CENTRES"
58223;Rouy;58;3.5365;47.0395;4.397;3.565;653.531;645.9999999999997;;22850.0;;A_VALIDER;"APL;FILOS2023;COG2026;CENTRES"
58224;Ruages;58;3.6831;47.3097;3.563;3.182;90.216;85.0;;;;A_VALIDER;"APL;FILOS2023;COG2026;CENTRES"
58225;Saincaize-Meauce;58;3.0869;46.9088;1.731;1.421;368.755;364.0000000000003;;23610.0;;A_VALIDER;"APL;FILOS2023;COG2026;CENTRES"
58226;Saint-Agnan;58;4.0917;47.3251;1.553;1.553;157.474;139.0;;23890.0;;A_VALIDER;"APL;FILOS2023;COG2026;CENTRES"
58227;Saint-Amand-en-Puisaye;58;3.0774;47.5479;4.159;3.092;1365.262;1211.0;;21970.0;;A_VALIDER;"APL;FILOS2023;COG2026;CENTRES"
58228;Saint-Andelain;58;2.976;47.3104;2.536;2.441;630.882;608.9999999999993;;28040.0;;A_VALIDER;"APL;FILOS2023;COG2026;CENTRES"
58229;Saint-André-en-Morvan;58;3.8569;47.3979;0.583;0.583;340.383;310.0;;25540.0;;A_VALIDER;"APL;FILOS2023;COG2026;CENTRES"
58230;Saint-Aubin-des-Chaumes;58;3.7451;47.3886;2.686;2.496;74.519;68.0;;;;A_VALIDER;"APL;FILOS2023;COG2026;CENTRES"
58231;Saint-Aubin-les-Forges;58;3.1927;47.1359;1.071;0.871;384.494;378.9999999999999;;25760.0;;A_VALIDER;"APL;FILOS2023;COG2026;CENTRES"
58232;Saint-Benin-d'Azy;58;3.406;46.9928;3.476;3.034;1339.257;1257.000000000003;;25860.0;;A_VALIDER;"APL;FILOS2023;COG2026;CENTRES"
58233;Saint-Benin-des-Bois;58;3.4064;47.1202;3.644;2.562;200.56;193.0;;23740.0;;A_VALIDER;"APL;FILOS2023;COG2026;CENTRES"
58234;Saint-Bonnot;58;3.3074;47.2492;1.789;1.391;179.044;148.9999999999999;;;;A_VALIDER;"APL;FILOS2023;COG2026;CENTRES"
58235;Saint-Brisson;58;4.0869;47.2623;1.913;1.411;282.747;252.0;;23200.0;;A_VALIDER;"APL;FILOS2023;COG2026;CENTRES"
58236;Sainte-Colombe-des-Bois;58;3.1511;47.3202;0.904;0.904;146.334;139.0000000000001;;26180.0;;A_VALIDER;"APL;FILOS2023;COG2026;CENTRES"
58237;Saint-Didier;58;3.6198;47.3475;2.408;1.837;35.929;30.00000000000001;;;;A_VALIDER;"APL;FILOS2023;COG2026;CENTRES"
58238;Saint-Éloi;58;3.227;46.9865;4.125;3.509;2213.612;2219.999999999996;6.0;27970.0;;A_VALIDER;"APL;FILOS2023;COG2026;CENTRES"
58239;Saint-Firmin;58;3.3923;47.0412;3.932;3.222;157.146;152.0;;26320.0;;A_VALIDER;"APL;FILOS2023;COG2026;CENTRES"
58240;Saint-Franchy;58;3.4603;47.1515;3.162;2.158;88.634;80.00000000000034;;;;A_VALIDER;"APL;FILOS2023;COG2026;CENTRES"
58241;Saint-Germain-Chassenay;58;3.3955;46.7829;2.142;1.723;331.54;309.0;;22890.0;;A_VALIDER;"APL;FILOS2023;COG2026;CENTRES"
58242;Saint-Germain-des-Bois;58;3.5146;47.3679;2.223;1.842;129.945;117.0;;;;A_VALIDER;"APL;FILOS2023;COG2026;CENTRES"
58243;Saint-Gratien-Savigny;58;3.655;46.8986;3.275;2.253;115.642;115.0;;;;A_VALIDER;"APL;FILOS2023;COG2026;CENTRES"
58244;Saint-Hilaire-en-Morvan;58;3.8884;47.0665;1.274;0.569;230.516;219.0000000000001;;22970.0;;A_VALIDER;"APL;FILOS2023;COG2026;CENTRES"
58245;Saint-Hilaire-Fontaine;58;3.6315;46.7799;3.404;2.723;183.864;170.9999999999998;;23270.0;;A_VALIDER;"APL;FILOS2023;COG2026;CENTRES"
58246;Saint-Honoré-les-Bains;58;3.8556;46.8991;3.621;2.211;792.07;687.0000000000002;;23100.0;;A_VALIDER;"APL;FILOS2023;COG2026;CENTRES"
58247;Saint-Jean-aux-Amognes;58;3.339;47.008;3.841;3.264;519.64;526.0;;27590.0;;A_VALIDER;"APL;FILOS2023;COG2026;CENTRES"
58248;Saint-Laurent-l'Abbaye;58;2.9939;47.3362;2.412;2.317;218.427;215.9999999999993;;23970.0;;A_VALIDER;"APL;FILOS2023;COG2026;CENTRES"
58249;Saint-Léger-de-Fougeret;58;3.9077;47.0079;1.202;0.497;352.153;347.9999999999999;;23000.0;;A_VALIDER;"APL;FILOS2023;COG2026;CENTRES"
58250;Saint-Léger-des-Vignes;58;3.4537;46.8516;1.769;1.769;1778.286;1669.0;;25190.0;;A_VALIDER;"APL;FILOS2023;COG2026;CENTRES"
58251;Saint-Loup-des-Bois;58;3.0077;47.4512;2.516;2.083;480.72;462.9999999999999;;25830.0;;A_VALIDER;"APL;FILOS2023;COG2026;CENTRES"
58252;Saint-Malo-en-Donziois;58;3.2789;47.3094;1.094;1.094;161.643;141.9999999999999;;26110.0;;A_VALIDER;"APL;FILOS2023;COG2026;CENTRES"
58253;Sainte-Marie;58;3.4493;47.1138;2.95;1.945;96.21;86.0;;;;A_VALIDER;"APL;FILOS2023;COG2026;CENTRES"
58254;Saint-Martin-d'Heuille;58;3.2326;47.0494;2.607;2.41;558.001;555.9999999999992;;28630.0;;A_VALIDER;"APL;FILOS2023;COG2026;CENTRES"
58255;Saint-Martin-du-Puy;58;3.8788;47.3293;1.166;1.166;310.107;288.0000000000001;;24800.0;;A_VALIDER;"APL;FILOS2023;COG2026;CENTRES"
58256;Saint-Martin-sur-Nohain;58;2.9904;47.3578;1.548;1.453;380.847;376.9999999999997;;24490.0;;A_VALIDER;"APL;FILOS2023;COG2026;CENTRES"
58257;Saint-Maurice;58;3.5713;47.1151;2.955;2.149;56.086;54.0;;;;A_VALIDER;"APL;FILOS2023;COG2026;CENTRES"
58258;Saint-Ouen-sur-Loire;58;3.3196;46.8982;1.157;0.795;489.257;482.0;;25700.0;;A_VALIDER;"APL;FILOS2023;COG2026;CENTRES"
58259;Saint-Parize-en-Viry;58;3.3616;46.7518;1.741;1.357;153.485;139.0;;24700.0;;A_VALIDER;"APL;FILOS2023;COG2026;CENTRES"
58260;Saint-Parize-le-Châtel;58;3.178;46.8536;2.053;1.453;1221.512;1216.0;;26070.0;;A_VALIDER;"APL;FILOS2023;COG2026;CENTRES"
58261;Saint-Père;58;2.9777;47.4011;3.238;2.913;1114.405;1046.999999999999;;25590.0;;A_VALIDER;"APL;FILOS2023;COG2026;CENTRES"
58262;Saint-Péreuse;58;3.8054;47.0559;2.51;1.1;226.492;202.0;;24510.0;;A_VALIDER;"APL;FILOS2023;COG2026;CENTRES"
58263;Saint-Pierre-du-Mont;58;3.4459;47.3999;1.832;1.642;165.929;163.0000000000001;;23250.0;;A_VALIDER;"APL;FILOS2023;COG2026;CENTRES"
58264;Saint-Pierre-le-Moûtier;58;3.1374;46.7915;2.649;1.928;2006.967;1827.999999999998;;22110.0;;A_VALIDER;"APL;FILOS2023;COG2026;CENTRES"
58265;Saint-Quentin-sur-Nohain;58;3.0201;47.323;0.959;0.912;108.235;97.99999999999997;;;;A_VALIDER;"APL;FILOS2023;COG2026;CENTRES"
58266;Saint-Révérien;58;3.5146;47.203;2.027;1.559;223.591;191.0;;22790.0;;A_VALIDER;"APL;FILOS2023;COG2026;CENTRES"
58267;Saint-Saulge;58;3.5142;47.0975;3.387;2.582;766.855;679.0000000000002;;23700.0;;A_VALIDER;"APL;FILOS2023;COG2026;CENTRES"
58268;Saint-Seine;58;3.8152;46.7253;1.16;0.945;201.103;186.0;;26300.0;;A_VALIDER;"APL;FILOS2023;COG2026;CENTRES"
58269;Saint-Sulpice;58;3.3596;47.0609;3.738;2.976;423.697;417.9999999999997;;25300.0;;A_VALIDER;"APL;FILOS2023;COG2026;CENTRES"
58270;Saint-Vérain;58;3.0344;47.4863;3.216;2.464;384.16;368.9999999999999;;24530.0;;A_VALIDER;"APL;FILOS2023;COG2026;CENTRES"
58271;Saizy;58;3.698;47.3573;2.96;2.58;251.027;187.0;;23970.0;;A_VALIDER;"APL;FILOS2023;COG2026;CENTRES"
58272;Sardy-lès-Épiry;58;3.6917;47.1941;1.205;1.205;125.345;113.0;;;;A_VALIDER;"APL;FILOS2023;COG2026;CENTRES"
58273;Sauvigny-les-Bois;58;3.267;46.9738;3.126;2.533;1458.472;1413.0;;27320.0;;A_VALIDER;"APL;FILOS2023;COG2026;CENTRES"
58274;Savigny-Poil-Fol;58;3.8199;46.7845;4.138;2.184;111.425;108.0000000000001;;19410.0;;A_VALIDER;"APL;FILOS2023;COG2026;CENTRES"
58275;Saxi-Bourdon;58;3.4885;47.0593;5.101;4.001;280.031;270.0;;24680.0;;A_VALIDER;"APL;FILOS2023;COG2026;CENTRES"
58276;Sémelay;58;3.8595;46.8628;3.545;2.568;255.82;222.9999999999999;;21920.0;;A_VALIDER;"APL;FILOS2023;COG2026;CENTRES"
58277;Sermages;58;3.8414;47.0159;3.819;1.704;208.053;191.0;;24860.0;;A_VALIDER;"APL;FILOS2023;COG2026;CENTRES"
58278;Sermoise-sur-Loire;58;3.1877;46.9442;4.265;3.439;1531.995;1490.0;;26820.0;;A_VALIDER;"APL;FILOS2023;COG2026;CENTRES"
58279;Sichamps;58;3.277;47.1565;1.935;1.338;173.741;175.0000000000003;;24610.0;;A_VALIDER;"APL;FILOS2023;COG2026;CENTRES"
58280;Sougy-sur-Loire;58;3.4002;46.8653;1.205;1.091;612.59;590.0000000000005;;26820.0;;A_VALIDER;"APL;FILOS2023;COG2026;CENTRES"
58281;Suilly-la-Tour;58;3.0758;47.3341;0.715;0.715;611.622;575.0;;24430.0;;A_VALIDER;"APL;FILOS2023;COG2026;CENTRES"
58282;Surgy;58;3.5078;47.5171;3.651;3.651;381.459;335.9999999999996;;25530.0;;A_VALIDER;"APL;FILOS2023;COG2026;CENTRES"
58283;Taconnay;58;3.4885;47.3148;0.839;0.648;79.404;72.00000000000006;;;;A_VALIDER;"APL;FILOS2023;COG2026;CENTRES"
58284;Talon;58;3.5502;47.3335;1.489;0.918;39.282;39.99999999999997;;;;A_VALIDER;"APL;FILOS2023;COG2026;CENTRES"
58285;Tamnay-en-Bazois;58;3.724;47.0536;3.296;1.884;183.89;165.9999999999999;;22560.0;;A_VALIDER;"APL;FILOS2023;COG2026;CENTRES"
58286;Tannay;58;3.5787;47.3622;3.15;2.579;626.307;546.0000000000005;;24450.0;;A_VALIDER;"APL;FILOS2023;COG2026;CENTRES"
58287;Tazilly;58;3.9174;46.7561;5.264;1.859;205.015;184.0;;21450.0;;A_VALIDER;"APL;FILOS2023;COG2026;CENTRES"
58288;Teigny;58;3.6674;47.3913;2.751;2.18;123.547;115.0;;;;A_VALIDER;"APL;FILOS2023;COG2026;CENTRES"
58289;Ternant;58;3.8489;46.7508;2.541;1.564;184.065;167.0;;23920.0;;A_VALIDER;"APL;FILOS2023;COG2026;CENTRES"
58290;Thaix;58;3.7169;46.8519;4.662;3.64;46.736;42.99999999999984;;;;A_VALIDER;"APL;FILOS2023;COG2026;CENTRES"
58291;Thianges;58;3.4837;46.9128;2.749;2.261;185.054;173.0000000000001;;22920.0;;A_VALIDER;"APL;FILOS2023;COG2026;CENTRES"
58292;Tintury;58;3.5862;47.0031;2.089;1.82;180.693;161.0000000000001;;24000.0;;A_VALIDER;"APL;FILOS2023;COG2026;CENTRES"
58293;Toury-Lurcy;58;3.4218;46.7408;2.057;1.673;420.118;406.0000000000003;;23920.0;;A_VALIDER;"APL;FILOS2023;COG2026;CENTRES"
58294;Toury-sur-Jour;58;3.2562;46.7271;2.283;1.56;126.633;124.0;;24370.0;;A_VALIDER;"APL;FILOS2023;COG2026;CENTRES"
58295;Tracy-sur-Loire;58;2.9148;47.3333;2.63;2.535;1020.719;993.0000000000007;;25520.0;;A_VALIDER;"APL;FILOS2023;COG2026;CENTRES"
58296;Tresnay;58;3.1915;46.7;2.058;1.475;142.457;132.0;;25360.0;;A_VALIDER;"APL;FILOS2023;COG2026;CENTRES"
58297;Trois-Vèvres;58;3.4217;46.9094;2.997;2.589;250.795;242.9999999999999;;24820.0;;A_VALIDER;"APL;FILOS2023;COG2026;CENTRES"
58298;Tronsanges;58;3.0515;47.1149;2.168;1.985;389.047;398.0000000000003;;26380.0;;A_VALIDER;"APL;FILOS2023;COG2026;CENTRES"
58299;Trucy-l'Orgueilleux;58;3.3993;47.4528;2.179;2.179;244.091;217.9999999999999;;23240.0;;A_VALIDER;"APL;FILOS2023;COG2026;CENTRES"
58300;Urzy;58;3.2078;47.0542;1.815;1.662;1773.06;1735.000000000002;;27430.0;;A_VALIDER;"APL;FILOS2023;COG2026;CENTRES"
58301;Vandenesse;58;3.7766;46.912;5.175;3.424;325.163;292.9999999999998;;22250.0;;A_VALIDER;"APL;FILOS2023;COG2026;CENTRES"
58302;Varennes-lès-Narcy;58;3.0689;47.2164;1.511;1.308;999.497;909.0000000000002;;26010.0;;A_VALIDER;"APL;FILOS2023;COG2026;CENTRES"
58303;Varennes-Vauzelles;58;3.1447;47.0381;3.427;2.91;9989.292;9166.0;13.0;25060.0;;A_VALIDER;"APL;FILOS2023;COG2026;CENTRES"
58304;Varzy;58;3.3895;47.3543;1.151;1.151;1189.139;1066.0;;23140.0;;A_VALIDER;"APL;FILOS2023;COG2026;CENTRES"
58305;Vauclaix;58;3.8196;47.2282;1.768;1.768;135.701;134.9999999999995;;22760.0;;A_VALIDER;"APL;FILOS2023;COG2026;CENTRES"
58306;Verneuil;58;3.5815;46.8569;3.659;2.637;283.222;276.0;;20740.0;;A_VALIDER;"APL;FILOS2023;COG2026;CENTRES"
58307;Vielmanay;58;3.113;47.2759;1.079;1.079;173.686;174.9999999999998;;25750.0;;A_VALIDER;"APL;FILOS2023;COG2026;CENTRES"
58308;Vignol;58;3.6637;47.3553;3.367;2.986;63.826;61.0;;;;A_VALIDER;"APL;FILOS2023;COG2026;CENTRES"
58309;Villapourçon;58;3.9551;46.9358;1.56;0.855;478.716;411.0;;23030.0;;A_VALIDER;"APL;FILOS2023;COG2026;CENTRES"
58310;Villiers-le-Sec;58;3.4376;47.3768;1.529;1.529;50.333;49.00000000000004;;;;A_VALIDER;"APL;FILOS2023;COG2026;CENTRES"
58311;Ville-Langy;58;3.5031;46.9359;2.666;2.178;256.463;236.9999999999999;;25430.0;;A_VALIDER;"APL;FILOS2023;COG2026;CENTRES"
58312;Villiers-sur-Yonne;58;3.557;47.4145;3.298;2.728;286.503;272.0000000000002;;25700.0;;A_VALIDER;"APL;FILOS2023;COG2026;CENTRES"
58313;Vitry-Laché;58;3.5652;47.1924;1.453;1.184;110.792;101.0;;23070.0;;A_VALIDER;"APL;FILOS2023;COG2026;CENTRES"
70001;Abelcourt;70;6.2789;47.7947;2.429;1.904;328.694;338.0;;24660.0;;A_VALIDER;"APL;FILOS2023;COG2026;CENTRES"
70002;Aboncourt-Gesincourt;70;5.9743;47.7677;4.11;4.056;228.476;216.0;;24810.0;;A_VALIDER;"APL;FILOS2023;COG2026;CENTRES"
70003;Achey;70;5.6075;47.574;4.275;4.275;71.141;70.00000000000011;;;;A_VALIDER;"APL;FILOS2023;COG2026;CENTRES"
70004;Adelans-et-le-Val-de-Bithaine;70;6.3992;47.7077;1.703;1.442;307.193;313.0000000000002;;24420.0;;A_VALIDER;"APL;FILOS2023;COG2026;CENTRES"
70005;Aillevans;70;6.4178;47.5901;2.691;2.691;121.529;125.9999999999999;;23030.0;;A_VALIDER;"APL;FILOS2023;COG2026;CENTRES"
70006;Aillevillers-et-Lyaumont;70;6.3296;47.9343;3.583;2.659;1472.632;1439.999999999999;;22900.0;;A_VALIDER;"APL;FILOS2023;COG2026;CENTRES"
70007;Ailloncourt;70;6.3949;47.758;3.439;2.729;300.589;305.9999999999993;;24470.0;;A_VALIDER;"APL;FILOS2023;COG2026;CENTRES"
70008;Ainvelle;70;6.2438;47.848;2.671;2.013;163.716;148.0;;27310.0;;A_VALIDER;"APL;FILOS2023;COG2026;CENTRES"
70009;Aisey-et-Richecourt;70;5.9566;47.8857;2.782;2.782;107.622;99.0;;;;A_VALIDER;"APL;FILOS2023;COG2026;CENTRES"
70010;Alaincourt;70;6.1032;47.9452;2.149;1.606;100.616;97.99999999999991;;24680.0;;A_VALIDER;"APL;FILOS2023;COG2026;CENTRES"
70011;Amage;70;6.5019;47.8443;3.859;2.287;312.714;305.0000000000003;;26370.0;;A_VALIDER;"APL;FILOS2023;COG2026;CENTRES"
70012;Amance;70;6.0502;47.7902;3.199;3.146;670.514;668.0;;25070.0;;A_VALIDER;"APL;FILOS2023;COG2026;CENTRES"
70013;Ambiévillers;70;6.1379;47.9911;2.679;1.864;78.909;73.0;;;;A_VALIDER;"APL;FILOS2023;COG2026;CENTRES"
70014;Amblans-et-Velotte;70;6.4198;47.6817;1.856;1.856;389.785;399.9999999999999;;24580.0;;A_VALIDER;"APL;FILOS2023;COG2026;CENTRES"
70015;Amoncourt;70;6.0616;47.7358;2.608;2.304;271.512;267.9999999999999;;23970.0;;A_VALIDER;"APL;FILOS2023;COG2026;CENTRES"
70016;Amont-et-Effreney;70;6.563;47.8672;1.961;1.17;184.587;166.0;;22440.0;;A_VALIDER;"APL;FILOS2023;COG2026;CENTRES"
70017;Anchenoncourt-et-Chazel;70;6.116;47.8635;2.322;2.207;236.165;228.9999999999999;;27980.0;;A_VALIDER;"APL;FILOS2023;COG2026;CENTRES"
70018;Ancier;70;5.6367;47.4444;4.625;4.326;532.06;520.9999999999994;;26570.0;;A_VALIDER;"APL;FILOS2023;COG2026;CENTRES"
70019;Andelarre;70;6.0929;47.5887;3.269;3.107;154.255;148.9999999999999;;28170.0;;A_VALIDER;"APL;FILOS2023;COG2026;CENTRES"
70020;Andelarrot;70;6.0942;47.5808;3.269;3.107;231.715;245.0000000000002;;29390.0;;A_VALIDER;"APL;FILOS2023;COG2026;CENTRES"
70021;Andornay;70;6.5991;47.6594;3.244;3.086;173.031;179.0;;28310.0;;A_VALIDER;"APL;FILOS2023;COG2026;CENTRES"
70022;Angirey;70;5.7773;47.4524;3.447;3.347;149.66;154.9999999999995;;24680.0;;A_VALIDER;"APL;FILOS2023;COG2026;CENTRES"
70023;Anjeux;70;6.2099;47.8814;3.0;2.179;152.442;144.0;;25360.0;;A_VALIDER;"APL;FILOS2023;COG2026;CENTRES"
70024;Apremont;70;5.5328;47.3929;3.291;3.091;442.363;431.9999999999996;;25220.0;;A_VALIDER;"APL;FILOS2023;COG2026;CENTRES"
70025;Arbecey;70;5.9377;47.7403;4.372;4.174;237.366;235.9999999999999;;23070.0;;A_VALIDER;"APL;FILOS2023;COG2026;CENTRES"
70026;Arc-lès-Gray;70;5.5828;47.462;4.607;4.307;2564.598;2410.0;18.0;22850.0;;A_VALIDER;"APL;FILOS2023;COG2026;CENTRES"
70027;Argillières;70;5.6251;47.6628;0.968;0.968;76.163;71.99999999999974;;;;A_VALIDER;"APL;FILOS2023;COG2026;CENTRES"
70028;Aroz;70;6.0056;47.6149;3.257;2.915;153.171;143.0;;24730.0;;A_VALIDER;"APL;FILOS2023;COG2026;CENTRES"
70029;Arpenans;70;6.4127;47.6228;2.558;2.558;243.015;241.9999999999999;;25380.0;;A_VALIDER;"APL;FILOS2023;COG2026;CENTRES"
70030;Arsans;70;5.6312;47.3672;2.894;2.694;46.251;44.00000000000009;;;;A_VALIDER;"APL;FILOS2023;COG2026;CENTRES"
70031;Athesans-Étroitefontaine;70;6.5178;47.5924;2.703;2.703;637.708;630.0;;23480.0;;A_VALIDER;"APL;FILOS2023;COG2026;CENTRES"
70032;Attricourt;70;5.4117;47.4876;2.44;2.44;48.266;46.9999999999998;;;;A_VALIDER;"APL;FILOS2023;COG2026;CENTRES"
70035;Augicourt;70;5.8913;47.7692;4.012;3.867;180.023;171.0;;21440.0;;A_VALIDER;"APL;FILOS2023;COG2026;CENTRES"
70036;Aulx-lès-Cromary;70;6.099;47.3747;5.928;5.928;155.555;158.0000000000004;;27610.0;;A_VALIDER;"APL;FILOS2023;COG2026;CENTRES"
70037;Autet;70;5.6959;47.5438;3.085;3.085;273.127;256.9999999999994;;24910.0;;A_VALIDER;"APL;FILOS2023;COG2026;CENTRES"
70038;Authoison;70;6.1492;47.4886;1.756;1.756;305.182;313.9999999999998;;28060.0;;A_VALIDER;"APL;FILOS2023;COG2026;CENTRES"
70039;Autoreille;70;5.8291;47.3699;3.264;3.264;367.989;383.9999999999999;;25680.0;;A_VALIDER;"APL;FILOS2023;COG2026;CENTRES"
70040;Autrey-lès-Cerre;70;6.3468;47.6121;2.125;2.125;236.52;240.0000000000002;;23530.0;;A_VALIDER;"APL;FILOS2023;COG2026;CENTRES"
70041;Autrey-lès-Gray;70;5.4808;47.4609;4.08;3.88;404.035;386.0000000000007;;26210.0;;A_VALIDER;"APL;FILOS2023;COG2026;CENTRES"
70042;Autrey-le-Vay;70;6.3968;47.5369;4.201;4.201;90.579;92.0;;;;A_VALIDER;"APL;FILOS2023;COG2026;CENTRES"
70043;Auvet-et-la-Chapelotte;70;5.5235;47.5071;4.546;4.346;241.784;236.9999999999998;;24230.0;;A_VALIDER;"APL;FILOS2023;COG2026;CENTRES"
70044;Auxon;70;6.1558;47.6968;4.349;4.081;422.488;402.0000000000005;;27360.0;;A_VALIDER;"APL;FILOS2023;COG2026;CENTRES"
70045;Avrigney-Virey;70;5.7738;47.3385;3.372;3.372;424.695;425.0000000000001;;26880.0;;A_VALIDER;"APL;FILOS2023;COG2026;CENTRES"
70046;Les Aynans;70;6.4525;47.617;2.505;2.505;360.471;360.0;;23150.0;;A_VALIDER;"APL;FILOS2023;COG2026;CENTRES"
70047;Baignes;70;6.0491;47.5786;3.289;3.011;92.809;99.00000000000001;;25950.0;;A_VALIDER;"APL;FILOS2023;COG2026;CENTRES"
70048;Bard-lès-Pesmes;70;5.6256;47.2785;3.137;3.137;133.214;136.0;;26960.0;;A_VALIDER;"APL;FILOS2023;COG2026;CENTRES"
70049;Barges;70;5.841;47.8742;4.077;4.077;81.635;77.99999999999987;;;;A_VALIDER;"APL;FILOS2023;COG2026;CENTRES"
70050;La Barre;70;6.172;47.408;3.717;3.717;103.228;98.9999999999997;;;;A_VALIDER;"APL;FILOS2023;COG2026;CENTRES"
70051;La Basse-Vaivre;70;6.0489;47.9455;1.619;1.348;47.106;43.99999999999999;;;;A_VALIDER;"APL;FILOS2023;COG2026;CENTRES"
70052;Bassigney;70;6.1847;47.8236;1.483;1.368;128.188;121.0;;22680.0;;A_VALIDER;"APL;FILOS2023;COG2026;CENTRES"
70053;Les Bâties;70;5.9013;47.5055;4.057;4.057;81.459;76.0;;;;A_VALIDER;"APL;FILOS2023;COG2026;CENTRES"
70054;Battrans;70;5.6409;47.4269;3.863;3.563;214.293;210.0;;27410.0;;A_VALIDER;"APL;FILOS2023;COG2026;CENTRES"
70055;Baudoncourt;70;6.3458;47.7739;3.547;2.837;503.565;484.0000000000004;;23500.0;;A_VALIDER;"APL;FILOS2023;COG2026;CENTRES"
70056;Baulay;70;6.0184;47.7855;3.953;3.899;333.753;322.9999999999989;;22060.0;;A_VALIDER;"APL;FILOS2023;COG2026;CENTRES"
70057;Bay;70;5.714;47.2932;4.259;4.259;147.604;161.9999999999999;;24110.0;;A_VALIDER;"APL;FILOS2023;COG2026;CENTRES"
70058;Beaujeu-Saint-Vallier-Pierrejux-et-Quitteur;70;5.699;47.4973;3.165;3.065;971.185;922.0000000000003;;25910.0;;A_VALIDER;"APL;FILOS2023;COG2026;CENTRES"
70059;Beaumotte-Aubertans;70;6.1654;47.4342;3.422;3.422;468.689;476.0000000000001;;25360.0;;A_VALIDER;"APL;FILOS2023;COG2026;CENTRES"
70060;Beaumotte-lès-Pin;70;5.8278;47.3178;3.617;3.617;286.254;282.9999999999998;;26660.0;;A_VALIDER;"APL;FILOS2023;COG2026;CENTRES"
70061;Belfahy;70;6.7316;47.7866;0.0;0.0;92.304;83.99999999999999;;;;A_VALIDER;"APL;FILOS2023;COG2026;CENTRES"
70062;Belmont;70;6.4969;47.7828;2.931;2.051;146.447;141.0000000000004;;27170.0;;A_VALIDER;"APL;FILOS2023;COG2026;CENTRES"
70063;Belonchamp;70;6.6153;47.7724;3.518;2.029;215.426;207.0000000000002;;24730.0;;A_VALIDER;"APL;FILOS2023;COG2026;CENTRES"
70064;Belverne;70;6.6541;47.6293;2.206;2.037;135.872;135.0;;29790.0;;A_VALIDER;"APL;FILOS2023;COG2026;CENTRES"
70065;Besnans;70;6.2503;47.4495;2.732;2.732;74.703;75.0;;;;A_VALIDER;"APL;FILOS2023;COG2026;CENTRES"
70066;Betaucourt;70;5.9207;47.8637;3.852;3.852;182.199;181.0;;23150.0;;A_VALIDER;"APL;FILOS2023;COG2026;CENTRES"
70067;Betoncourt-lès-Brotte;70;6.3439;47.7385;1.609;1.348;107.124;114.0;;;;A_VALIDER;"APL;FILOS2023;COG2026;CENTRES"
70069;Betoncourt-Saint-Pancras;70;6.1826;47.9224;2.594;1.82;46.848;40.99999999999999;;;;A_VALIDER;"APL;FILOS2023;COG2026;CENTRES"
70070;Betoncourt-sur-Mance;70;5.7561;47.838;1.882;1.882;30.632;25.0;;;;A_VALIDER;"APL;FILOS2023;COG2026;CENTRES"
70071;Beulotte-Saint-Laurent;70;6.6689;47.8679;1.636;0.572;68.112;61.0;;;;A_VALIDER;"APL;FILOS2023;COG2026;CENTRES"
70072;Beveuge;70;6.4902;47.5579;3.372;3.372;92.17;87.0;;;;A_VALIDER;"APL;FILOS2023;COG2026;CENTRES"
70074;Blondefontaine;70;5.8741;47.8815;5.041;4.81;243.931;233.0000000000002;;22780.0;;A_VALIDER;"APL;FILOS2023;COG2026;CENTRES"
70075;Bonboillon;70;5.6949;47.3417;4.781;4.681;186.174;198.0;;29690.0;;A_VALIDER;"APL;FILOS2023;COG2026;CENTRES"
70076;Bonnevent-Velloreille;70;5.9296;47.3929;2.865;2.865;400.549;407.9999999999999;;25500.0;;A_VALIDER;"APL;FILOS2023;COG2026;CENTRES"
70077;Borey;70;6.3517;47.582;2.193;2.193;234.067;220.0000000000005;;23890.0;;A_VALIDER;"APL;FILOS2023;COG2026;CENTRES"
70078;Bougey;70;5.8621;47.784;3.628;3.628;100.347;97.99999999999989;;;;A_VALIDER;"APL;FILOS2023;COG2026;CENTRES"
70079;Bougnon;70;6.1049;47.6945;5.056;4.59;506.72;501.0000000000002;;26390.0;;A_VALIDER;"APL;FILOS2023;COG2026;CENTRES"
70080;Bouhans-et-Feurg;70;5.5104;47.4713;3.76;3.56;245.766;239.0000000000003;;27700.0;;A_VALIDER;"APL;FILOS2023;COG2026;CENTRES"
70081;Bouhans-lès-Lure;70;6.4293;47.6948;1.425;1.425;265.216;273.0;;25210.0;;A_VALIDER;"APL;FILOS2023;COG2026;CENTRES"
70082;Bouhans-lès-Montbozon;70;6.282;47.4858;3.042;3.042;117.948;124.9999999999997;;25150.0;;A_VALIDER;"APL;FILOS2023;COG2026;CENTRES"
70083;Bouligney;70;6.2516;47.9088;3.731;2.676;420.631;404.0;;23950.0;;A_VALIDER;"APL;FILOS2023;COG2026;CENTRES"
70084;Boulot;70;5.9626;47.3581;3.97;3.97;650.922;652.9999999999999;;28120.0;;A_VALIDER;"APL;FILOS2023;COG2026;CENTRES"
70085;Boult;70;6.0012;47.3829;4.368;4.368;671.576;708.0000000000001;;26470.0;;A_VALIDER;"APL;FILOS2023;COG2026;CENTRES"
70086;Bourbévelle;70;5.9445;47.9142;2.443;2.443;83.778;74.99999999999974;;;;A_VALIDER;"APL;FILOS2023;COG2026;CENTRES"
70087;Bourguignon-lès-Conflans;70;6.1606;47.8144;1.483;1.368;135.176;135.9999999999996;;24830.0;;A_VALIDER;"APL;FILOS2023;COG2026;CENTRES"
70088;Bourguignon-lès-la-Charité;70;5.9633;47.5067;3.033;3.033;112.856;103.9999999999999;;25600.0;;A_VALIDER;"APL;FILOS2023;COG2026;CENTRES"
70089;Bourguignon-lès-Morey;70;5.708;47.7046;0.895;0.895;56.941;44.99999999999998;;;;A_VALIDER;"APL;FILOS2023;COG2026;CENTRES"
70090;Boursières;70;6.0361;47.6164;4.663;4.241;56.419;58.99999999999996;;;;A_VALIDER;"APL;FILOS2023;COG2026;CENTRES"
70091;Bousseraucourt;70;5.9388;47.962;0.871;0.871;52.68;45.0;;;;A_VALIDER;"APL;FILOS2023;COG2026;CENTRES"
70092;Bresilley;70;5.6326;47.2631;3.748;3.748;180.091;179.9999999999995;;24110.0;;A_VALIDER;"APL;FILOS2023;COG2026;CENTRES"
70093;Breuches;70;6.3283;47.8046;4.239;3.149;661.963;643.0000000000011;;23470.0;;A_VALIDER;"APL;FILOS2023;COG2026;CENTRES"
70094;Breuchotte;70;6.4593;47.8288;3.381;1.981;311.971;300.9999999999999;;24610.0;;A_VALIDER;"APL;FILOS2023;COG2026;CENTRES"
70095;Breurey-lès-Faverney;70;6.1484;47.7447;1.471;1.417;570.075;597.0;;24650.0;;A_VALIDER;"APL;FILOS2023;COG2026;CENTRES"
70096;Brevilliers;70;6.7997;47.5794;3.914;3.33;647.36;627.999999999999;;26690.0;;A_VALIDER;"APL;FILOS2023;COG2026;CENTRES"
70097;Briaucourt;70;6.2479;47.8196;2.314;1.77;265.985;249.9999999999999;;24670.0;;A_VALIDER;"APL;FILOS2023;COG2026;CENTRES"
70098;Brotte-lès-Luxeuil;70;6.3346;47.7479;3.762;3.051;201.586;198.0;;25290.0;;A_VALIDER;"APL;FILOS2023;COG2026;CENTRES"
70099;Brotte-lès-Ray;70;5.7344;47.6072;2.649;2.649;77.492;65.99999999999974;;;;A_VALIDER;"APL;FILOS2023;COG2026;CENTRES"
70100;Broye-les-Loups-et-Verfontaine;70;5.4303;47.4517;2.334;2.334;108.563;115.0;;22150.0;;A_VALIDER;"APL;FILOS2023;COG2026;CENTRES"
70101;Broye-Aubigney-Montseugny;70;5.5168;47.3324;2.63;2.343;541.393;512.0;;26150.0;;A_VALIDER;"APL;FILOS2023;COG2026;CENTRES"
70102;Brussey;70;5.8112;47.3078;3.48;3.48;283.005;286.0000000000004;;26850.0;;A_VALIDER;"APL;FILOS2023;COG2026;CENTRES"
70103;La Bruyère;70;6.472;47.8123;2.636;1.399;179.9;169.0;;26040.0;;A_VALIDER;"APL;FILOS2023;COG2026;CENTRES"
70104;Bucey-lès-Gy;70;5.8618;47.4033;2.85;2.85;597.247;578.9999999999997;;25690.0;;A_VALIDER;"APL;FILOS2023;COG2026;CENTRES"
70105;Bucey-lès-Traves;70;5.9855;47.6288;4.764;4.224;144.131;145.9999999999994;;27660.0;;A_VALIDER;"APL;FILOS2023;COG2026;CENTRES"
70106;Buffignécourt;70;6.0231;47.813;2.746;2.746;127.347;129.0;;24940.0;;A_VALIDER;"APL;FILOS2023;COG2026;CENTRES"
70107;Bussières;70;5.9839;47.345;4.156;4.156;411.168;432.0000000000001;;27350.0;;A_VALIDER;"APL;FILOS2023;COG2026;CENTRES"
70109;Buthiers;70;6.0324;47.3551;5.236;5.236;323.114;326.0;;28320.0;;A_VALIDER;"APL;FILOS2023;COG2026;CENTRES"
70111;Calmoutier;70;6.2922;47.6466;3.194;3.113;259.374;268.0000000000003;;23000.0;;A_VALIDER;"APL;FILOS2023;COG2026;CENTRES"
70112;Cemboing;70;5.853;47.8408;4.077;4.077;184.14;168.0;;23510.0;;A_VALIDER;"APL;FILOS2023;COG2026;CENTRES"
70113;Cenans;70;6.1892;47.4317;4.436;4.436;134.991;133.0000000000003;;24740.0;;A_VALIDER;"APL;FILOS2023;COG2026;CENTRES"
70114;Cendrecourt;70;5.9394;47.8409;4.607;4.607;213.331;201.9999999999999;;22680.0;;A_VALIDER;"APL;FILOS2023;COG2026;CENTRES"
70115;Cerre-lès-Noroy;70;6.3179;47.587;2.165;2.165;230.551;238.0;;23820.0;;A_VALIDER;"APL;FILOS2023;COG2026;CENTRES"
70116;Chagey;70;6.7356;47.6211;2.892;2.552;629.905;604.0000000000002;;26970.0;;A_VALIDER;"APL;FILOS2023;COG2026;CENTRES"
70117;Châlonvillars;70;6.7766;47.6378;2.577;2.321;1273.482;1253.0;;30520.0;;A_VALIDER;"APL;FILOS2023;COG2026;CENTRES"
70118;Chambornay-lès-Bellevaux;70;6.1005;47.3948;5.634;5.634;188.938;185.0000000000004;;27910.0;;A_VALIDER;"APL;FILOS2023;COG2026;CENTRES"
70119;Chambornay-lès-Pin;70;5.9082;47.3398;3.735;3.735;387.072;380.0;;27780.0;;A_VALIDER;"APL;FILOS2023;COG2026;CENTRES"
70120;Champagney;70;6.6856;47.6991;2.759;2.659;3660.881;3673.999999999998;13.0;24570.0;;A_VALIDER;"APL;FILOS2023;COG2026;CENTRES"
70121;Champey;70;6.6805;47.5923;2.445;2.18;806.925;798.0;;26760.0;;A_VALIDER;"APL;FILOS2023;COG2026;CENTRES"
70122;Champlitte;70;5.4993;47.631;2.904;2.904;1725.654;1601.000000000002;;23620.0;;A_VALIDER;"APL;FILOS2023;COG2026;CENTRES"
70124;Champtonnay;70;5.6625;47.3775;4.38;4.18;77.721;79.9999999999999;;;;A_VALIDER;"APL;FILOS2023;COG2026;CENTRES"
70125;Champvans;70;5.5874;47.3966;4.11;3.811;188.045;174.0;;25150.0;;A_VALIDER;"APL;FILOS2023;COG2026;CENTRES"
70126;Chancey;70;5.6758;47.3252;3.086;3.086;184.659;197.0;;25630.0;;A_VALIDER;"APL;FILOS2023;COG2026;CENTRES"
70127;Chantes;70;5.9212;47.6245;2.695;2.209;109.444;106.9999999999999;;22900.0;;A_VALIDER;"APL;FILOS2023;COG2026;CENTRES"
70128;La Chapelle-lès-Luxeuil;70;6.3943;47.771;3.455;2.744;386.412;381.9999999999993;;23260.0;;A_VALIDER;"APL;FILOS2023;COG2026;CENTRES"
70129;La Chapelle-Saint-Quillain;70;5.8186;47.4889;4.499;4.499;150.349;146.0;;24420.0;;A_VALIDER;"APL;FILOS2023;COG2026;CENTRES"
70130;Charcenne;70;5.7729;47.3706;3.219;3.219;306.57;297.9999999999995;;28110.0;;A_VALIDER;"APL;FILOS2023;COG2026;CENTRES"
70132;Chargey-lès-Gray;70;5.5745;47.4955;5.045;4.746;677.343;668.9999999999995;;26890.0;;A_VALIDER;"APL;FILOS2023;COG2026;CENTRES"
70133;Chargey-lès-Port;70;5.998;47.7258;3.804;3.5;235.943;236.0;;24020.0;;A_VALIDER;"APL;FILOS2023;COG2026;CENTRES"
70134;Chariez;70;6.0775;47.6173;4.159;3.8;218.447;220.0;;27480.0;;A_VALIDER;"APL;FILOS2023;COG2026;CENTRES"
70135;Charmes-Saint-Valbert;70;5.7077;47.7317;0.498;0.498;36.169;32.0;;;;A_VALIDER;"APL;FILOS2023;COG2026;CENTRES"
70136;Charmoille;70;6.1123;47.6727;5.622;5.075;478.766;483.9999999999994;;26950.0;;A_VALIDER;"APL;FILOS2023;COG2026;CENTRES"
70137;Chassey-lès-Montbozon;70;6.3243;47.5241;4.042;4.042;234.458;230.0;;25370.0;;A_VALIDER;"APL;FILOS2023;COG2026;CENTRES"
70138;Chassey-lès-Scey;70;5.9853;47.6441;4.2;3.66;114.78;121.0000000000001;;25240.0;;A_VALIDER;"APL;FILOS2023;COG2026;CENTRES"
70140;Châteney;70;6.323;47.6967;1.72;1.72;63.957;63.00000000000001;;;;A_VALIDER;"APL;FILOS2023;COG2026;CENTRES"
70141;Châtenois;70;6.3208;47.6844;1.72;1.72;127.91;117.0;;25870.0;;A_VALIDER;"APL;FILOS2023;COG2026;CENTRES"
70142;Chaumercenne;70;5.6247;47.303;3.717;3.717;195.266;191.9999999999998;;24870.0;;A_VALIDER;"APL;FILOS2023;COG2026;CENTRES"
70143;Chauvirey-le-Châtel;70;5.7502;47.7854;2.157;2.157;120.429;114.0000000000003;;20410.0;;A_VALIDER;"APL;FILOS2023;COG2026;CENTRES"
70144;Chauvirey-le-Vieil;70;5.7592;47.7819;2.157;2.157;31.606;27.0;;;;A_VALIDER;"APL;FILOS2023;COG2026;CENTRES"
70145;Chaux-la-Lotière;70;5.9666;47.3823;3.247;3.247;504.036;521.0;;28300.0;;A_VALIDER;"APL;FILOS2023;COG2026;CENTRES"
70146;Chaux-lès-Port;70;6.0452;47.7165;4.151;3.622;156.797;160.9999999999997;;26840.0;;A_VALIDER;"APL;FILOS2023;COG2026;CENTRES"
70147;Chavanne;70;6.6584;47.5591;2.57;2.411;212.933;215.0;;26730.0;;A_VALIDER;"APL;FILOS2023;COG2026;CENTRES"
70148;Chemilly;70;6.0184;47.6413;3.721;3.192;107.026;103.0;;27240.0;;A_VALIDER;"APL;FILOS2023;COG2026;CENTRES"
70149;Chenebier;70;6.7048;47.6465;1.891;1.733;717.675;699.0;;27870.0;;A_VALIDER;"APL;FILOS2023;COG2026;CENTRES"
70150;Chenevrey-et-Morogne;70;5.7322;47.2827;4.631;4.631;301.262;317.0000000000001;;25880.0;;A_VALIDER;"APL;FILOS2023;COG2026;CENTRES"
70151;Chevigney;70;5.5854;47.33;3.376;3.277;43.133;37.00000000000001;;;;A_VALIDER;"APL;FILOS2023;COG2026;CENTRES"
70152;Colombine;70;5.7549;47.4001;3.809;3.709;583.107;600.9999999999999;;26680.0;;A_VALIDER;"APL;FILOS2023;COG2026;CENTRES"
70153;Cintrey;70;5.7498;47.7532;3.101;3.101;111.499;97.0;;24200.0;;A_VALIDER;"APL;FILOS2023;COG2026;CENTRES"
70154;Cirey;70;6.1318;47.4174;5.348;5.348;386.096;371.0000000000001;;25860.0;;A_VALIDER;"APL;FILOS2023;COG2026;CENTRES"
70155;Citers;70;6.4193;47.754;2.912;2.202;769.788;773.000000000001;;25000.0;;A_VALIDER;"APL;FILOS2023;COG2026;CENTRES"
70156;Citey;70;5.7867;47.4419;2.822;2.822;111.334;106.0000000000005;;28020.0;;A_VALIDER;"APL;FILOS2023;COG2026;CENTRES"
70157;Clairegoutte;70;6.6388;47.658;2.912;2.833;351.854;348.0000000000001;;24840.0;;A_VALIDER;"APL;FILOS2023;COG2026;CENTRES"
70158;Clans;70;6.0254;47.5987;4.229;3.95;106.621;106.0;;24350.0;;A_VALIDER;"APL;FILOS2023;COG2026;CENTRES"
70159;Cognières;70;6.2858;47.4981;3.404;3.404;103.312;101.0;;22240.0;;A_VALIDER;"APL;FILOS2023;COG2026;CENTRES"
70160;Coisevaux;70;6.7062;47.5882;2.063;1.797;301.034;306.0000000000001;;30210.0;;A_VALIDER;"APL;FILOS2023;COG2026;CENTRES"
70162;Colombe-lès-Vesoul;70;6.2204;47.612;4.539;4.296;493.899;480.0;;29370.0;;A_VALIDER;"APL;FILOS2023;COG2026;CENTRES"
70163;Colombier;70;6.2207;47.6691;4.338;4.176;432.986;437.9999999999997;;24860.0;;A_VALIDER;"APL;FILOS2023;COG2026;CENTRES"
70164;Colombotte;70;6.2861;47.6628;2.756;2.675;64.779;67.0;;;;A_VALIDER;"APL;FILOS2023;COG2026;CENTRES"
70165;Combeaufontaine;70;5.8993;47.71;3.151;2.809;563.589;554.9999999999999;;24090.0;;A_VALIDER;"APL;FILOS2023;COG2026;CENTRES"
70166;Comberjon;70;6.2034;47.6458;5.215;4.919;152.982;143.9999999999999;;28010.0;;A_VALIDER;"APL;FILOS2023;COG2026;CENTRES"
70167;Conflandey;70;6.0334;47.7344;2.321;2.016;365.449;357.0000000000002;;24880.0;;A_VALIDER;"APL;FILOS2023;COG2026;CENTRES"
70168;Conflans-sur-Lanterne;70;6.2147;47.8113;2.456;1.961;593.736;569.0;;24440.0;;A_VALIDER;"APL;FILOS2023;COG2026;CENTRES"
70169;Confracourt;70;5.8875;47.6765;1.202;1.058;213.245;212.0000000000005;;24580.0;;A_VALIDER;"APL;FILOS2023;COG2026;CENTRES"
70170;Contréglise;70;6.0293;47.8404;2.746;2.746;111.66;113.0;;25720.0;;A_VALIDER;"APL;FILOS2023;COG2026;CENTRES"
70171;Corbenay;70;6.3259;47.8972;4.196;3.235;1271.839;1249.000000000002;;23110.0;;A_VALIDER;"APL;FILOS2023;COG2026;CENTRES"
70172;La Corbière;70;6.4836;47.7929;3.56;2.516;110.558;110.0;;24390.0;;A_VALIDER;"APL;FILOS2023;COG2026;CENTRES"
70174;Cordonnet;70;5.9625;47.4146;1.545;1.545;148.249;147.0;;30520.0;;A_VALIDER;"APL;FILOS2023;COG2026;CENTRES"
70175;Cornot;70;5.84;47.6903;1.202;1.058;143.371;132.0000000000001;;25040.0;;A_VALIDER;"APL;FILOS2023;COG2026;CENTRES"
70176;Corravillers;70;6.6483;47.8881;1.76;0.832;185.028;164.0;;21110.0;;A_VALIDER;"APL;FILOS2023;COG2026;CENTRES"
70177;Corre;70;5.9944;47.9185;3.198;3.198;635.19;594.0000000000002;;24440.0;;A_VALIDER;"APL;FILOS2023;COG2026;CENTRES"
70178;La Côte;70;6.5727;47.6882;3.627;3.548;543.586;526.0;;25880.0;;A_VALIDER;"APL;FILOS2023;COG2026;CENTRES"
70179;Coulevon;70;6.1814;47.6481;4.606;4.31;188.483;172.9999999999998;;28420.0;;A_VALIDER;"APL;FILOS2023;COG2026;CENTRES"
70180;Belles-Fontaines;70;6.5384;47.5266;2.861;2.723;650.783;603.0;;24790.0;;A_VALIDER;"APL;FILOS2023;COG2026;CENTRES"
70181;Courcuire;70;5.8293;47.3479;3.073;3.073;135.476;138.0000000000004;;24120.0;;A_VALIDER;"APL;FILOS2023;COG2026;CENTRES"
70182;Courmont;70;6.6451;47.6117;2.079;1.92;118.012;120.0;;27820.0;;A_VALIDER;"APL;FILOS2023;COG2026;CENTRES"
70183;Courtesoult-et-Gatey;70;5.6106;47.6095;2.819;2.819;64.764;58.99999999999972;;;;A_VALIDER;"APL;FILOS2023;COG2026;CENTRES"
70184;Couthenans;70;6.7272;47.5917;2.746;2.444;750.81;714.0000000000002;;25810.0;;A_VALIDER;"APL;FILOS2023;COG2026;CENTRES"
70185;Cresancey;70;5.6472;47.3994;3.507;3.307;189.164;183.0;;23120.0;;A_VALIDER;"APL;FILOS2023;COG2026;CENTRES"
70186;La Creuse;70;6.3498;47.6822;1.564;1.564;71.523;72.00000000000006;;;;A_VALIDER;"APL;FILOS2023;COG2026;CENTRES"
70187;Crevans-et-la-Chapelle-lès-Granges;70;6.5935;47.5486;2.842;2.703;254.208;250.0;;23890.0;;A_VALIDER;"APL;FILOS2023;COG2026;CENTRES"
70188;Creveney;70;6.2925;47.6816;1.72;1.72;53.403;52.00000000000001;;;;A_VALIDER;"APL;FILOS2023;COG2026;CENTRES"
70189;Cromary;70;6.0644;47.3641;5.917;5.917;251.324;248.9999999999995;;27240.0;;A_VALIDER;"APL;FILOS2023;COG2026;CENTRES"
70190;Cubry-lès-Faverney;70;6.1309;47.816;1.815;1.815;176.963;186.0000000000009;;26770.0;;A_VALIDER;"APL;FILOS2023;COG2026;CENTRES"
70192;Cugney;70;5.721;47.367;2.871;2.771;211.595;206.0;;28520.0;;A_VALIDER;"APL;FILOS2023;COG2026;CENTRES"
70193;Cult;70;5.7457;47.3147;3.141;3.141;224.988;228.9999999999997;;27420.0;;A_VALIDER;"APL;FILOS2023;COG2026;CENTRES"
70194;Cuve;70;6.2174;47.9109;3.294;2.356;134.984;129.0;;22290.0;;A_VALIDER;"APL;FILOS2023;COG2026;CENTRES"
70195;Dambenoît-lès-Colombe;70;6.3828;47.7232;1.131;0.87;266.397;273.0000000000005;;23590.0;;A_VALIDER;"APL;FILOS2023;COG2026;CENTRES"
70196;Dampierre-lès-Conflans;70;6.179;47.8411;1.064;0.948;255.345;257.9999999999999;;24740.0;;A_VALIDER;"APL;FILOS2023;COG2026;CENTRES"
70197;Dampierre-sur-Linotte;70;6.242;47.5352;1.894;1.894;744.188;766.0;;25540.0;;A_VALIDER;"APL;FILOS2023;COG2026;CENTRES"
70198;Dampierre-sur-Salon;70;5.6792;47.5765;3.085;3.085;1355.508;1248.000000000001;;24970.0;;A_VALIDER;"APL;FILOS2023;COG2026;CENTRES"
70199;Dampvalley-lès-Colombe;70;6.2413;47.6216;4.243;4.082;114.495;119.0000000000003;;27470.0;;A_VALIDER;"APL;FILOS2023;COG2026;CENTRES"
70200;Dampvalley-Saint-Pancras;70;6.1982;47.9133;2.843;2.021;45.289;44.99999999999994;;;;A_VALIDER;"APL;FILOS2023;COG2026;CENTRES"
70201;Delain;70;5.6442;47.5927;3.264;3.264;205.14;190.0;;26060.0;;A_VALIDER;"APL;FILOS2023;COG2026;CENTRES"
70202;Demangevelle;70;6.0408;47.93;1.619;1.348;292.47;261.0000000000006;;22910.0;;A_VALIDER;"APL;FILOS2023;COG2026;CENTRES"
70203;La Demie;70;6.1709;47.5814;4.611;4.368;151.257;160.0000000000003;;28700.0;;A_VALIDER;"APL;FILOS2023;COG2026;CENTRES"
70204;Denèvre;70;5.6469;47.5576;3.264;3.264;150.214;147.0000000000006;;27780.0;;A_VALIDER;"APL;FILOS2023;COG2026;CENTRES"
70205;Échavanne;70;6.7236;47.657;2.606;2.452;212.861;199.9999999999999;;29100.0;;A_VALIDER;"APL;FILOS2023;COG2026;CENTRES"
70206;Échenans-sous-Mont-Vaudois;70;6.7691;47.6067;3.175;2.706;573.308;578.0;;31500.0;;A_VALIDER;"APL;FILOS2023;COG2026;CENTRES"
70207;Échenoz-la-Méline;70;6.1381;47.5949;4.88;4.584;3215.919;3186.999999999998;11.0;26650.0;;A_VALIDER;"APL;FILOS2023;COG2026;CENTRES"
70208;Échenoz-le-Sec;70;6.1216;47.5285;3.091;2.93;278.795;283.9999999999999;;25890.0;;A_VALIDER;"APL;FILOS2023;COG2026;CENTRES"
70210;Écromagny;70;6.5671;47.793;3.335;2.146;165.186;149.9999999999995;;29340.0;;A_VALIDER;"APL;FILOS2023;COG2026;CENTRES"
70211;Écuelle;70;5.5474;47.5527;4.111;4.011;70.055;66.99999999999999;;;;A_VALIDER;"APL;FILOS2023;COG2026;CENTRES"
70213;Éhuns;70;6.2988;47.7654;2.336;1.812;221.862;221.0000000000003;;25740.0;;A_VALIDER;"APL;FILOS2023;COG2026;CENTRES"
70214;Équevilley;70;6.182;47.7776;1.17;1.17;125.552;120.0;;27230.0;;A_VALIDER;"APL;FILOS2023;COG2026;CENTRES"
70215;Errevet;70;6.7675;47.6889;3.677;3.402;265.426;258.0000000000001;;31080.0;;A_VALIDER;"APL;FILOS2023;COG2026;CENTRES"
70216;Esboz-Brest;70;6.4359;47.8048;3.319;2.205;440.188;447.9999999999999;;25470.0;;A_VALIDER;"APL;FILOS2023;COG2026;CENTRES"
70217;Esmoulières;70;6.6163;47.8501;1.258;0.114;103.584;96.99999999999987;;;;A_VALIDER;"APL;FILOS2023;COG2026;CENTRES"
70218;Esmoulins;70;5.5572;47.4108;3.681;3.381;129.976;128.0;;27160.0;;A_VALIDER;"APL;FILOS2023;COG2026;CENTRES"
70219;Esprels;70;6.3594;47.5447;4.916;4.916;714.354;711.0;;24560.0;;A_VALIDER;"APL;FILOS2023;COG2026;CENTRES"
70220;Essertenne-et-Cecey;70;5.4661;47.402;3.409;3.022;424.157;419.0000000000001;;25020.0;;A_VALIDER;"APL;FILOS2023;COG2026;CENTRES"
70221;Étobon;70;6.675;47.6426;2.415;2.257;285.641;277.0000000000002;;28200.0;;A_VALIDER;"APL;FILOS2023;COG2026;CENTRES"
70222;Étrelles-et-la-Montbleuse;70;5.8543;47.478;2.852;2.852;97.562;100.0;;24610.0;;A_VALIDER;"APL;FILOS2023;COG2026;CENTRES"
70224;Étuz;70;5.9336;47.3618;4.635;4.635;714.928;711.9999999999992;;27510.0;;A_VALIDER;"APL;FILOS2023;COG2026;CENTRES"
70225;Fahy-lès-Autrey;70;5.4806;47.5138;2.361;2.261;100.395;99.0;;28460.0;;A_VALIDER;"APL;FILOS2023;COG2026;CENTRES"
70226;Fallon;70;6.4812;47.5052;4.416;4.278;325.316;308.0000000000003;;23940.0;;A_VALIDER;"APL;FILOS2023;COG2026;CENTRES"
70227;Faucogney-et-la-Mer;70;6.5891;47.8303;2.07;0.81;480.47;446.0000000000001;;22780.0;;A_VALIDER;"APL;FILOS2023;COG2026;CENTRES"
70228;Faverney;70;6.0663;47.7691;2.158;2.051;994.986;976.0;;23790.0;;A_VALIDER;"APL;FILOS2023;COG2026;CENTRES"
70229;Faymont;70;6.5983;47.6058;1.235;1.155;267.628;255.0000000000001;;24430.0;;A_VALIDER;"APL;FILOS2023;COG2026;CENTRES"
70230;Fédry;70;5.8864;47.6077;2.209;1.92;102.583;94.0000000000001;;;;A_VALIDER;"APL;FILOS2023;COG2026;CENTRES"
70231;Ferrières-lès-Ray;70;5.7937;47.5794;2.941;2.941;41.918;38.99999999999988;;;;A_VALIDER;"APL;FILOS2023;COG2026;CENTRES"
70232;Ferrières-lès-Scey;70;6.0029;47.6659;3.513;2.921;134.767;130.9999999999999;;25470.0;;A_VALIDER;"APL;FILOS2023;COG2026;CENTRES"
70233;Les Fessey;70;6.5169;47.8114;2.636;1.399;132.441;128.9999999999995;;23400.0;;A_VALIDER;"APL;FILOS2023;COG2026;CENTRES"
70234;Filain;70;6.1744;47.5222;1.719;1.638;219.535;219.0;;28140.0;;A_VALIDER;"APL;FILOS2023;COG2026;CENTRES"
70235;Flagy;70;6.186;47.6994;2.812;2.677;136.512;136.9999999999999;;23720.0;;A_VALIDER;"APL;FILOS2023;COG2026;CENTRES"
70236;Fleurey-lès-Faverney;70;6.0861;47.7406;2.341;2.09;467.292;454.0;;26180.0;;A_VALIDER;"APL;FILOS2023;COG2026;CENTRES"
70237;Fleurey-lès-Lavoncourt;70;5.7818;47.6616;1.431;1.431;123.786;108.0;;23620.0;;A_VALIDER;"APL;FILOS2023;COG2026;CENTRES"
70238;Fleurey-lès-Saint-Loup;70;6.2922;47.9234;3.212;2.168;133.663;128.0;;23620.0;;A_VALIDER;"APL;FILOS2023;COG2026;CENTRES"
70239;Fondremand;70;6.0272;47.4644;2.911;2.911;200.588;198.9999999999999;;29670.0;;A_VALIDER;"APL;FILOS2023;COG2026;CENTRES"
70240;Fontaine-lès-Luxeuil;70;6.3337;47.8581;5.426;3.987;1343.075;1329.0;;23150.0;;A_VALIDER;"APL;FILOS2023;COG2026;CENTRES"
70242;Fontenois-la-Ville;70;6.1782;47.938;2.957;2.184;139.413;136.0000000000001;;21310.0;;A_VALIDER;"APL;FILOS2023;COG2026;CENTRES"
70243;Fontenois-lès-Montbozon;70;6.2329;47.486;2.987;2.987;315.841;316.9999999999996;;22660.0;;A_VALIDER;"APL;FILOS2023;COG2026;CENTRES"
70244;Fouchécourt;70;5.988;47.7914;2.743;2.69;118.71;120.0;;24300.0;;A_VALIDER;"APL;FILOS2023;COG2026;CENTRES"
70245;Fougerolles-Saint-Valbert;70;6.4203;47.8925;5.543;4.343;3910.158;3777.0;12.0;24430.0;;A_VALIDER;"APL;FILOS2023;COG2026;CENTRES"
70247;Fouvent-Saint-Andoche;70;5.6637;47.6502;1.851;1.851;232.686;201.0000000000001;;23370.0;;A_VALIDER;"APL;FILOS2023;COG2026;CENTRES"
70248;Frahier-et-Chatebier;70;6.7509;47.6555;3.154;2.9;1369.608;1377.000000000003;;29150.0;;A_VALIDER;"APL;FILOS2023;COG2026;CENTRES"
70249;Francalmont;70;6.2709;47.8335;3.153;2.332;115.835;116.0;;24570.0;;A_VALIDER;"APL;FILOS2023;COG2026;CENTRES"
70250;Franchevelle;70;6.4606;47.7433;3.38;2.67;470.923;485.9999999999995;;27370.0;;A_VALIDER;"APL;FILOS2023;COG2026;CENTRES"
70251;Francourt;70;5.7321;47.6526;1.157;1.157;105.326;101.0;;;;A_VALIDER;"APL;FILOS2023;COG2026;CENTRES"
70252;Framont;70;5.5778;47.5722;4.713;4.713;188.053;181.0000000000001;;23950.0;;A_VALIDER;"APL;FILOS2023;COG2026;CENTRES"
70253;Frasne-le-Château;70;5.8946;47.4694;3.545;3.545;283.061;292.0000000000002;;26790.0;;A_VALIDER;"APL;FILOS2023;COG2026;CENTRES"
70254;Frédéric-Fontaine;70;6.6326;47.65;3.277;3.119;262.601;273.0;;27950.0;;A_VALIDER;"APL;FILOS2023;COG2026;CENTRES"
70255;Fresne-Saint-Mamès;70;5.8622;47.5498;4.564;4.564;500.164;491.0;;23520.0;;A_VALIDER;"APL;FILOS2023;COG2026;CENTRES"
70256;Fresse;70;6.6731;47.7615;1.59;1.166;717.567;695.0000000000009;;24310.0;;A_VALIDER;"APL;FILOS2023;COG2026;CENTRES"
70257;Fretigney-et-Velloreille;70;5.9387;47.4893;3.795;3.795;726.344;751.0000000000003;;24620.0;;A_VALIDER;"APL;FILOS2023;COG2026;CENTRES"
70258;Froideconche;70;6.4187;47.8366;4.744;3.181;2047.731;1974.000000000003;;24560.0;;A_VALIDER;"APL;FILOS2023;COG2026;CENTRES"
70259;Froideterre;70;6.5243;47.6981;3.909;3.648;375.251;364.9999999999998;;26650.0;;A_VALIDER;"APL;FILOS2023;COG2026;CENTRES"
70260;Frotey-lès-Lure;70;6.546;47.6581;2.879;2.8;683.589;692.0000000000003;;27780.0;;A_VALIDER;"APL;FILOS2023;COG2026;CENTRES"
70261;Frotey-lès-Vesoul;70;6.1974;47.6283;5.969;5.673;1417.59;1367.0;;28060.0;;A_VALIDER;"APL;FILOS2023;COG2026;CENTRES"
70262;Genevreuille;70;6.3786;47.677;1.888;1.888;156.004;150.9999999999999;;26100.0;;A_VALIDER;"APL;FILOS2023;COG2026;CENTRES"
70263;Genevrey;70;6.3279;47.7235;1.916;1.655;249.619;245.0000000000003;;26480.0;;A_VALIDER;"APL;FILOS2023;COG2026;CENTRES"
70265;Germigney;70;5.5313;47.3714;2.894;2.694;148.75;140.0;;25410.0;;A_VALIDER;"APL;FILOS2023;COG2026;CENTRES"
70267;Gevigney-et-Mercey;70;5.9377;47.7954;5.183;5.183;514.661;517.0000000000001;;24110.0;;A_VALIDER;"APL;FILOS2023;COG2026;CENTRES"
70268;Gézier-et-Fontenelay;70;5.8935;47.3631;3.693;3.693;211.808;216.9999999999989;;26960.0;;A_VALIDER;"APL;FILOS2023;COG2026;CENTRES"
70269;Girefontaine;70;6.1688;47.8946;2.52;2.018;33.132;31.99999999999999;;;;A_VALIDER;"APL;FILOS2023;COG2026;CENTRES"
70271;Gouhenans;70;6.4847;47.6132;2.619;2.619;381.098;360.9999999999993;;24480.0;;A_VALIDER;"APL;FILOS2023;COG2026;CENTRES"
70272;Gourgeon;70;5.8483;47.7192;1.787;1.589;183.802;178.0000000000001;;23240.0;;A_VALIDER;"APL;FILOS2023;COG2026;CENTRES"
70273;Grammont;70;6.5141;47.5161;3.04;2.901;64.564;67.0;;;;A_VALIDER;"APL;FILOS2023;COG2026;CENTRES"
70274;Grandecourt;70;5.8605;47.6359;1.849;1.705;46.79;47.99999999999996;;;;A_VALIDER;"APL;FILOS2023;COG2026;CENTRES"
70275;Grandvelle-et-le-Perrenot;70;6.0063;47.5195;2.779;2.779;364.46;379.0;;26600.0;;A_VALIDER;"APL;FILOS2023;COG2026;CENTRES"
70276;Granges-la-Ville;70;6.5659;47.5691;2.107;2.107;191.635;184.0;;24490.0;;A_VALIDER;"APL;FILOS2023;COG2026;CENTRES"
70277;Granges-le-Bourg;70;6.5896;47.5775;1.977;1.977;383.96;381.0;;24480.0;;A_VALIDER;"APL;FILOS2023;COG2026;CENTRES"
70278;Grattery;70;6.0805;47.6726;4.614;4.148;219.117;215.0;;29640.0;;A_VALIDER;"APL;FILOS2023;COG2026;CENTRES"
70279;Gray;70;5.6153;47.431;4.077;3.778;5753.691;5455.000000000007;30.0;19830.0;;A_VALIDER;"APL;FILOS2023;COG2026;CENTRES"
70280;Gray-la-Ville;70;5.5705;47.4391;4.077;3.778;1002.298;928.0000000000009;;27140.0;;A_VALIDER;"APL;FILOS2023;COG2026;CENTRES"
70282;Gy;70;5.8197;47.4021;2.88;2.88;1075.069;1030.0;;25430.0;;A_VALIDER;"APL;FILOS2023;COG2026;CENTRES"
70283;Haut-du-Them-Château-Lambert;70;6.7443;47.8398;2.842;1.483;475.989;448.0000000000002;;23340.0;;A_VALIDER;"APL;FILOS2023;COG2026;CENTRES"
70284;Hautevelle;70;6.2984;47.8415;3.91;2.873;252.888;253.0;;21360.0;;A_VALIDER;"APL;FILOS2023;COG2026;CENTRES"
70285;Héricourt;70;6.7594;47.5666;3.629;3.176;10746.85;10525.0;19.0;23480.0;;A_VALIDER;"APL;FILOS2023;COG2026;CENTRES"
70286;Hugier;70;5.7063;47.3096;3.951;3.951;114.895;118.0;;28120.0;;A_VALIDER;"APL;FILOS2023;COG2026;CENTRES"
70287;Hurecourt;70;6.0605;47.9063;2.01;1.739;49.89;46.99999999999988;;;;A_VALIDER;"APL;FILOS2023;COG2026;CENTRES"
70288;Hyet;70;6.0752;47.4803;2.384;2.384;117.761;119.0000000000004;;27520.0;;A_VALIDER;"APL;FILOS2023;COG2026;CENTRES"
70289;Igny;70;5.7552;47.4813;3.014;3.014;213.429;208.0000000000007;;23220.0;;A_VALIDER;"APL;FILOS2023;COG2026;CENTRES"
70290;Jasney;70;6.18;47.872;2.641;2.139;197.271;186.0000000000001;;25630.0;;A_VALIDER;"APL;FILOS2023;COG2026;CENTRES"
70291;Jonvelle;70;5.9158;47.9289;1.234;1.234;112.019;101.0;;21910.0;;A_VALIDER;"APL;FILOS2023;COG2026;CENTRES"
70292;Jussey;70;5.8921;47.822;4.742;4.742;1711.725;1549.999999999998;;22110.0;;A_VALIDER;"APL;FILOS2023;COG2026;CENTRES"
70293;Lambrey;70;5.9293;47.7654;3.358;3.358;68.395;66.99999999999999;;;;A_VALIDER;"APL;FILOS2023;COG2026;CENTRES"
70294;Lantenot;70;6.5021;47.7546;3.446;2.853;347.044;361.9999999999998;;25570.0;;A_VALIDER;"APL;FILOS2023;COG2026;CENTRES"
70295;La Lanterne-et-les-Armonts;70;6.5284;47.7871;2.537;1.657;200.231;196.0000000000001;;23060.0;;A_VALIDER;"APL;FILOS2023;COG2026;CENTRES"
70296;Larians-et-Munans;70;6.2279;47.4227;2.768;2.768;275.968;280.0000000000001;;26010.0;;A_VALIDER;"APL;FILOS2023;COG2026;CENTRES"
70297;Larret;70;5.6342;47.6256;1.851;1.851;68.66;63.00000000000001;;;;A_VALIDER;"APL;FILOS2023;COG2026;CENTRES"
70298;Lavigney;70;5.8043;47.7139;1.047;1.047;121.139;122.9999999999998;;23000.0;;A_VALIDER;"APL;FILOS2023;COG2026;CENTRES"
70299;Lavoncourt;70;5.7779;47.6232;2.294;2.294;360.96;332.0;;23670.0;;A_VALIDER;"APL;FILOS2023;COG2026;CENTRES"
70301;Lieffrans;70;5.9667;47.5221;3.701;3.701;48.628;50.99999999999998;;;;A_VALIDER;"APL;FILOS2023;COG2026;CENTRES"
70302;Lieucourt;70;5.618;47.3593;1.678;1.578;71.277;73.0000000000002;;;;A_VALIDER;"APL;FILOS2023;COG2026;CENTRES"
70303;Liévans;70;6.3492;47.6364;1.508;1.508;151.67;154.0000000000005;;26050.0;;A_VALIDER;"APL;FILOS2023;COG2026;CENTRES"
70304;Linexert;70;6.4893;47.7426;2.75;2.418;124.357;115.9999999999997;;24300.0;;A_VALIDER;"APL;FILOS2023;COG2026;CENTRES"
70305;Lœuilley;70;5.3971;47.464;2.442;2.442;98.107;96.00000000000009;;;;A_VALIDER;"APL;FILOS2023;COG2026;CENTRES"
70306;Lomont;70;6.6009;47.6228;2.558;2.4;491.086;478.9999999999992;;27190.0;;A_VALIDER;"APL;FILOS2023;COG2026;CENTRES"
70307;Longevelle;70;6.4491;47.5926;3.069;3.069;121.634;119.0000000000003;;25880.0;;A_VALIDER;"APL;FILOS2023;COG2026;CENTRES"
70308;La Longine;70;6.5767;47.8986;1.193;0.473;215.582;196.0;;19030.0;;A_VALIDER;"APL;FILOS2023;COG2026;CENTRES"
70309;Loulans-Verchamp;70;6.2052;47.4445;3.732;3.732;444.882;457.0000000000007;;27330.0;;A_VALIDER;"APL;FILOS2023;COG2026;CENTRES"
70310;Lure;70;6.4933;47.6817;2.541;2.417;8027.159;7911.999999999993;25.0;21930.0;;A_VALIDER;"APL;FILOS2023;COG2026;CENTRES"
70311;Luxeuil-les-Bains;70;6.3578;47.8252;4.534;3.21;6909.012;6674.0;26.0;21420.0;;A_VALIDER;"APL;FILOS2023;COG2026;CENTRES"
70312;Luze;70;6.7173;47.6055;2.174;1.873;829.483;830.9999999999999;;29630.0;;A_VALIDER;"APL;FILOS2023;COG2026;CENTRES"
70313;Lyoffans;70;6.5922;47.6454;3.244;3.086;431.773;443.0;;26310.0;;A_VALIDER;"APL;FILOS2023;COG2026;CENTRES"
70314;Magnivray;70;6.4635;47.7825;3.489;2.516;162.205;163.9999999999999;;20510.0;;A_VALIDER;"APL;FILOS2023;COG2026;CENTRES"
70315;Magnoncourt;70;6.2917;47.9064;3.277;2.386;415.525;399.9999999999994;;24120.0;;A_VALIDER;"APL;FILOS2023;COG2026;CENTRES"
70316;Le Magnoray;70;6.0929;47.5238;1.569;1.489;81.8;87.0;;;;A_VALIDER;"APL;FILOS2023;COG2026;CENTRES"
70317;Les Magny;70;6.4395;47.5263;2.912;2.912;150.749;145.9999999999998;;26270.0;;A_VALIDER;"APL;FILOS2023;COG2026;CENTRES"
70318;Magny-Danigon;70;6.6147;47.6806;2.363;2.284;445.124;454.0;;24530.0;;A_VALIDER;"APL;FILOS2023;COG2026;CENTRES"
70319;Magny-Jobert;70;6.6113;47.6463;3.244;3.086;122.643;131.0;;25890.0;;A_VALIDER;"APL;FILOS2023;COG2026;CENTRES"
70320;Magny-lès-Jussey;70;5.9772;47.8562;3.927;3.927;103.702;95.00000000000004;;23630.0;;A_VALIDER;"APL;FILOS2023;COG2026;CENTRES"
70321;Magny-Vernois;70;6.4695;47.668;2.706;2.446;1390.454;1361.0;;27180.0;;A_VALIDER;"APL;FILOS2023;COG2026;CENTRES"
70322;Mailleroncourt-Charette;70;6.2631;47.7274;2.121;1.905;299.655;279.0000000000005;;26540.0;;A_VALIDER;"APL;FILOS2023;COG2026;CENTRES"
70323;Mailleroncourt-Saint-Pancras;70;6.1358;47.9347;2.957;2.184;197.312;186.0000000000004;;23930.0;;A_VALIDER;"APL;FILOS2023;COG2026;CENTRES"
70324;Mailley-et-Chazelot;70;6.0402;47.5326;2.532;2.532;621.299;613.0;;26860.0;;A_VALIDER;"APL;FILOS2023;COG2026;CENTRES"
70325;Maizières;70;6.012;47.4952;3.165;3.165;326.1;324.0;;27260.0;;A_VALIDER;"APL;FILOS2023;COG2026;CENTRES"
70326;La Malachère;70;6.0705;47.4546;3.322;3.322;292.827;301.9999999999997;;28030.0;;A_VALIDER;"APL;FILOS2023;COG2026;CENTRES"
70327;Malans;70;5.5957;47.2686;2.087;2.087;149.491;136.0000000000002;;26740.0;;A_VALIDER;"APL;FILOS2023;COG2026;CENTRES"
70328;Malbouhans;70;6.5786;47.7111;3.926;3.502;349.735;332.9999999999999;;24520.0;;A_VALIDER;"APL;FILOS2023;COG2026;CENTRES"
70329;Malvillers;70;5.7877;47.7358;1.891;1.891;68.357;67.0;;;;A_VALIDER;"APL;FILOS2023;COG2026;CENTRES"
70330;Mandrevillars;70;6.7715;47.6172;2.516;2.087;327.223;337.9999999999994;;30640.0;;A_VALIDER;"APL;FILOS2023;COG2026;CENTRES"
70331;Mantoche;70;5.5213;47.4288;3.043;2.844;481.126;454.0;;25530.0;;A_VALIDER;"APL;FILOS2023;COG2026;CENTRES"
70332;Marast;70;6.382;47.5589;3.368;3.368;52.503;48.99999999999984;;;;A_VALIDER;"APL;FILOS2023;COG2026;CENTRES"
70334;Marnay;70;5.7713;47.2945;3.856;3.856;1546.125;1527.0;;25550.0;;A_VALIDER;"APL;FILOS2023;COG2026;CENTRES"
70335;Maussans;70;6.2464;47.4374;3.182;3.182;63.551;55.99999999999996;;;;A_VALIDER;"APL;FILOS2023;COG2026;CENTRES"
70336;Mélecey;70;6.4897;47.5241;3.193;3.193;143.781;135.0000000000001;;23970.0;;A_VALIDER;"APL;FILOS2023;COG2026;CENTRES"
70337;Melin;70;5.8238;47.7431;2.636;2.491;61.593;55.00000000000016;;;;A_VALIDER;"APL;FILOS2023;COG2026;CENTRES"
70338;Melincourt;70;6.1244;47.8766;2.945;2.558;228.878;220.9999999999998;;26910.0;;A_VALIDER;"APL;FILOS2023;COG2026;CENTRES"
70339;Mélisey;70;6.5607;47.7597;3.937;2.872;1726.81;1642.999999999999;;24240.0;;A_VALIDER;"APL;FILOS2023;COG2026;CENTRES"
70340;Membrey;70;5.7507;47.5849;2.903;2.903;213.283;215.0000000000004;;24880.0;;A_VALIDER;"APL;FILOS2023;COG2026;CENTRES"
70341;Menoux;70;6.0978;47.8126;1.723;1.723;305.145;299.0000000000003;;25150.0;;A_VALIDER;"APL;FILOS2023;COG2026;CENTRES"
70342;Mercey-sur-Saône;70;5.7308;47.5213;2.903;2.903;138.582;130.0;;22640.0;;A_VALIDER;"APL;FILOS2023;COG2026;CENTRES"
70343;Mersuay;70;6.1436;47.7866;1.421;1.368;284.515;278.9999999999995;;26010.0;;A_VALIDER;"APL;FILOS2023;COG2026;CENTRES"
70344;Meurcourt;70;6.2357;47.7685;2.201;1.869;330.764;343.0000000000001;;23600.0;;A_VALIDER;"APL;FILOS2023;COG2026;CENTRES"
70347;Mignavillers;70;6.5533;47.5861;2.69;2.69;374.1;365.9999999999995;;24270.0;;A_VALIDER;"APL;FILOS2023;COG2026;CENTRES"
70348;Moffans-et-Vacheresse;70;6.5476;47.6262;3.032;2.953;628.389;613.0000000000005;;27080.0;;A_VALIDER;"APL;FILOS2023;COG2026;CENTRES"
70349;Moimay;70;6.3978;47.5595;4.077;4.077;235.008;238.0000000000008;;21840.0;;A_VALIDER;"APL;FILOS2023;COG2026;CENTRES"
70350;Molay;70;5.742;47.7356;1.891;1.891;67.072;68.00000000000024;;;;A_VALIDER;"APL;FILOS2023;COG2026;CENTRES"
70351;Mollans;70;6.3859;47.651;2.372;2.372;245.235;236.0000000000001;;24420.0;;A_VALIDER;"APL;FILOS2023;COG2026;CENTRES"
70352;La Montagne;70;6.5881;47.9244;1.087;0.584;37.184;38.00000000000016;;;;A_VALIDER;"APL;FILOS2023;COG2026;CENTRES"
70353;Montagney;70;5.6584;47.2883;3.461;3.461;563.603;506.0000000000006;;27190.0;;A_VALIDER;"APL;FILOS2023;COG2026;CENTRES"
70355;Montarlot-lès-Rioz;70;6.002;47.417;2.599;2.599;296.505;313.9999999999997;;27880.0;;A_VALIDER;"APL;FILOS2023;COG2026;CENTRES"
70356;Montboillon;70;5.9149;47.3788;2.527;2.527;287.173;298.9999999999998;;28350.0;;A_VALIDER;"APL;FILOS2023;COG2026;CENTRES"
70357;Montbozon;70;6.2569;47.4617;3.332;3.332;563.244;545.0000000000011;;24500.0;;A_VALIDER;"APL;FILOS2023;COG2026;CENTRES"
70358;Montcey;70;6.2381;47.6517;3.409;3.247;260.769;266.0;;27580.0;;A_VALIDER;"APL;FILOS2023;COG2026;CENTRES"
70359;Montcourt;70;5.961;47.929;2.807;2.807;59.191;52.0;;;;A_VALIDER;"APL;FILOS2023;COG2026;CENTRES"
70360;Montdoré;70;6.0763;47.9277;2.01;1.739;73.613;70.0;;;;A_VALIDER;"APL;FILOS2023;COG2026;CENTRES"
70361;Montessaux;70;6.5642;47.7378;3.218;2.577;168.677;169.9999999999999;;26960.0;;A_VALIDER;"APL;FILOS2023;COG2026;CENTRES"
70362;Montigny-lès-Cherlieu;70;5.8168;47.7842;3.092;3.092;133.269;121.0;;23030.0;;A_VALIDER;"APL;FILOS2023;COG2026;CENTRES"
70363;Montigny-lès-Vesoul;70;6.0692;47.6456;5.114;4.702;634.126;634.9999999999991;;27630.0;;A_VALIDER;"APL;FILOS2023;COG2026;CENTRES"
70364;Montjustin-et-Velotte;70;6.3742;47.6197;1.444;1.444;120.581;121.0;;23100.0;;A_VALIDER;"APL;FILOS2023;COG2026;CENTRES"
70366;Villers-Chemin-et-Mont-lès-Étrelles;70;5.872;47.4397;3.542;3.542;123.757;123.0000000000001;;24790.0;;A_VALIDER;"APL;FILOS2023;COG2026;CENTRES"
70367;Mont-le-Vernois;70;6.065;47.5986;4.41;3.987;185.467;191.0000000000001;;24590.0;;A_VALIDER;"APL;FILOS2023;COG2026;CENTRES"
70368;Montot;70;5.6106;47.5534;3.446;3.446;137.714;135.9999999999999;;25230.0;;A_VALIDER;"APL;FILOS2023;COG2026;CENTRES"
70369;Mont-Saint-Léger;70;5.802;47.6371;1.411;1.411;52.231;48.0;;;;A_VALIDER;"APL;FILOS2023;COG2026;CENTRES"
70371;Montureux-et-Prantigny;70;5.6336;47.5046;4.557;4.358;199.558;191.0;;25240.0;;A_VALIDER;"APL;FILOS2023;COG2026;CENTRES"
70372;Montureux-lès-Baulay;70;5.9796;47.8204;3.475;3.475;170.003;158.9999999999999;;24880.0;;A_VALIDER;"APL;FILOS2023;COG2026;CENTRES"
70373;La Roche-Morey;70;5.7552;47.6953;0.498;0.498;318.665;296.9999999999998;;22250.0;;A_VALIDER;"APL;FILOS2023;COG2026;CENTRES"
70374;Motey-Besuche;70;5.6651;47.305;2.986;2.986;95.534;92.0;;;;A_VALIDER;"APL;FILOS2023;COG2026;CENTRES"
70376;Nantilly;70;5.5277;47.4579;4.794;4.494;448.284;440.9999999999992;;26810.0;;A_VALIDER;"APL;FILOS2023;COG2026;CENTRES"
70378;Navenne;70;6.1638;47.6036;4.806;4.51;1648.955;1591.0;;27670.0;;A_VALIDER;"APL;FILOS2023;COG2026;CENTRES"
70380;Neurey-en-Vaux;70;6.2067;47.7376;0.699;0.699;143.351;139.0;;26940.0;;A_VALIDER;"APL;FILOS2023;COG2026;CENTRES"
70381;Neurey-lès-la-Demie;70;6.2046;47.5668;3.566;3.404;456.39;352.0000000000002;;25650.0;;A_VALIDER;"APL;FILOS2023;COG2026;CENTRES"
70383;Neuvelle-lès-Cromary;70;6.0601;47.4068;4.569;4.569;423.019;441.0;;26570.0;;A_VALIDER;"APL;FILOS2023;COG2026;CENTRES"
70384;Neuvelle-lès-la-Charité;70;5.9622;47.5351;3.989;3.845;226.802;220.9999999999999;;26780.0;;A_VALIDER;"APL;FILOS2023;COG2026;CENTRES"
70385;La Neuvelle-lès-Lure;70;6.5528;47.7108;3.176;3.176;313.028;304.0;;28430.0;;A_VALIDER;"APL;FILOS2023;COG2026;CENTRES"
70386;La Neuvelle-lès-Scey;70;5.9405;47.698;2.682;2.142;166.305;170.0;;25070.0;;A_VALIDER;"APL;FILOS2023;COG2026;CENTRES"
70387;Noidans-le-Ferroux;70;5.9503;47.5689;4.179;3.89;655.87;640.000000000001;;23900.0;;A_VALIDER;"APL;FILOS2023;COG2026;CENTRES"
70388;Noidans-lès-Vesoul;70;6.119;47.6102;5.295;4.946;2030.993;1979.0;;25200.0;;A_VALIDER;"APL;FILOS2023;COG2026;CENTRES"
70389;Noiron;70;5.6279;47.3847;2.894;2.694;59.222;58.0;;;;A_VALIDER;"APL;FILOS2023;COG2026;CENTRES"
70390;Noroy-le-Bourg;70;6.2916;47.5994;3.257;3.177;503.08;505.0000000000006;;25600.0;;A_VALIDER;"APL;FILOS2023;COG2026;CENTRES"
70392;Oigney;70;5.8494;47.7557;3.62;3.476;40.571;40.99999999999998;;;;A_VALIDER;"APL;FILOS2023;COG2026;CENTRES"
70393;Oiselay-et-Grachaux;70;5.9256;47.4293;3.49;3.49;429.687;433.0;;27020.0;;A_VALIDER;"APL;FILOS2023;COG2026;CENTRES"
70394;Onay;70;5.6877;47.3915;3.325;3.125;70.705;62.0;;;;A_VALIDER;"APL;FILOS2023;COG2026;CENTRES"
70395;Oppenans;70;6.3852;47.5868;2.002;2.002;63.301;60.00000000000005;;;;A_VALIDER;"APL;FILOS2023;COG2026;CENTRES"
70396;Oricourt;70;6.3951;47.5971;1.917;1.917;39.938;34.00000000000009;;;;A_VALIDER;"APL;FILOS2023;COG2026;CENTRES"
70397;Ormenans;70;6.2121;47.4583;3.278;3.278;85.57;85.00000000000011;;;;A_VALIDER;"APL;FILOS2023;COG2026;CENTRES"
70398;Ormoiche;70;6.3022;47.8145;4.596;3.391;69.377;68.00000000000011;;;;A_VALIDER;"APL;FILOS2023;COG2026;CENTRES"
70399;Ormoy;70;5.9896;47.8841;3.536;3.536;217.003;204.9999999999999;;24290.0;;A_VALIDER;"APL;FILOS2023;COG2026;CENTRES"
70400;Ouge;70;5.7022;47.7991;3.671;3.671;117.942;108.0000000000001;;21940.0;;A_VALIDER;"APL;FILOS2023;COG2026;CENTRES"
70401;Ovanches;70;5.9556;47.6307;3.454;2.968;150.951;153.0;;26220.0;;A_VALIDER;"APL;FILOS2023;COG2026;CENTRES"
70402;Oyrières;70;5.5736;47.5285;4.293;4.193;385.01;361.0000000000001;;25110.0;;A_VALIDER;"APL;FILOS2023;COG2026;CENTRES"
70403;Palante;70;6.5818;47.6644;3.244;3.086;234.429;244.9999999999993;;27180.0;;A_VALIDER;"APL;FILOS2023;COG2026;CENTRES"
70404;Passavant-la-Rochère;70;6.0583;47.9833;2.127;1.856;587.957;536.9999999999994;;22260.0;;A_VALIDER;"APL;FILOS2023;COG2026;CENTRES"
70405;Pennesières;70;6.095;47.495;1.68;1.68;186.443;192.9999999999993;;24150.0;;A_VALIDER;"APL;FILOS2023;COG2026;CENTRES"
70406;Percey-le-Grand;70;5.3985;47.6213;3.024;3.024;84.727;77.99999999999993;;;;A_VALIDER;"APL;FILOS2023;COG2026;CENTRES"
70407;Perrouse;70;6.0452;47.3669;5.74;5.74;277.522;279.0000000000003;;29410.0;;A_VALIDER;"APL;FILOS2023;COG2026;CENTRES"
70408;Pesmes;70;5.5714;47.2911;3.061;2.917;1183.165;1082.0;;25000.0;;A_VALIDER;"APL;FILOS2023;COG2026;CENTRES"
70409;Pierrecourt;70;5.5836;47.6408;1.936;1.936;113.525;106.9999999999999;;23090.0;;A_VALIDER;"APL;FILOS2023;COG2026;CENTRES"
70410;Pin;70;5.8598;47.3393;3.713;3.713;704.699;731.0;;27460.0;;A_VALIDER;"APL;FILOS2023;COG2026;CENTRES"
70411;La Pisseure;70;6.2275;47.8622;2.807;2.093;37.083;38.99999999999984;;;;A_VALIDER;"APL;FILOS2023;COG2026;CENTRES"
70412;Plainemont;70;6.2176;47.8469;2.2;1.65;67.084;65.99999999999987;;;;A_VALIDER;"APL;FILOS2023;COG2026;CENTRES"
70413;Plancher-Bas;70;6.7297;47.7226;2.843;2.642;1836.603;1855.000000000001;;25890.0;;A_VALIDER;"APL;FILOS2023;COG2026;CENTRES"
70414;Plancher-les-Mines;70;6.7759;47.7884;1.494;1.394;926.334;897.0000000000006;;23220.0;;A_VALIDER;"APL;FILOS2023;COG2026;CENTRES"
70415;Polaincourt-et-Clairefontaine;70;6.0673;47.869;3.611;3.339;644.361;599.9999999999995;;26370.0;;A_VALIDER;"APL;FILOS2023;COG2026;CENTRES"
70416;Pomoy;70;6.349;47.6587;1.564;1.564;202.119;197.9999999999998;;24300.0;;A_VALIDER;"APL;FILOS2023;COG2026;CENTRES"
70417;Pontcey;70;6.0315;47.6279;4.756;4.136;289.721;293.9999999999995;;26580.0;;A_VALIDER;"APL;FILOS2023;COG2026;CENTRES"
70418;La Romaine;70;5.8911;47.5381;3.963;3.963;502.1;519.0000000000006;;23540.0;;A_VALIDER;"APL;FILOS2023;COG2026;CENTRES"
70419;Pont-du-Bois;70;6.1305;47.9828;2.679;1.864;119.118;115.0;;22220.0;;A_VALIDER;"APL;FILOS2023;COG2026;CENTRES"
70420;Pont-sur-l'Ognon;70;6.3925;47.5174;4.117;4.117;53.528;59.00000000000001;;;;A_VALIDER;"APL;FILOS2023;COG2026;CENTRES"
70421;Port-sur-Saône;70;6.034;47.6893;4.866;4.192;2981.242;2965.999999999999;16.0;24800.0;;A_VALIDER;"APL;FILOS2023;COG2026;CENTRES"
70422;Poyans;70;5.4714;47.4431;3.578;3.378;145.496;144.0000000000004;;28010.0;;A_VALIDER;"APL;FILOS2023;COG2026;CENTRES"
70423;Preigney;70;5.7805;47.7627;3.325;3.325;129.971;115.0000000000001;;23200.0;;A_VALIDER;"APL;FILOS2023;COG2026;CENTRES"
70425;La Proiselière-et-Langle;70;6.492;47.8117;2.636;1.399;145.5;145.0000000000001;;22900.0;;A_VALIDER;"APL;FILOS2023;COG2026;CENTRES"
70426;Provenchère;70;6.1232;47.7245;2.459;2.272;240.765;237.9999999999999;;25190.0;;A_VALIDER;"APL;FILOS2023;COG2026;CENTRES"
70427;Purgerot;70;5.9915;47.7488;3.64;3.389;342.932;327.9999999999995;;24080.0;;A_VALIDER;"APL;FILOS2023;COG2026;CENTRES"
70428;Pusey;70;6.1197;47.6517;6.085;5.538;1426.323;1437.000000000003;;27520.0;;A_VALIDER;"APL;FILOS2023;COG2026;CENTRES"
70429;Pusy-et-Épenoux;70;6.1523;47.6684;4.016;3.748;546.202;541.9999999999993;;26620.0;;A_VALIDER;"APL;FILOS2023;COG2026;CENTRES"
70430;La Quarte;70;5.6997;47.7717;2.512;2.512;65.958;63.0;;;;A_VALIDER;"APL;FILOS2023;COG2026;CENTRES"
70431;Quenoche;70;6.1061;47.4668;2.384;2.384;227.536;240.9999999999998;;28430.0;;A_VALIDER;"APL;FILOS2023;COG2026;CENTRES"
70432;Quers;70;6.4424;47.7273;3.611;2.901;337.98;329.9999999999998;;25070.0;;A_VALIDER;"APL;FILOS2023;COG2026;CENTRES"
70433;Quincey;70;6.1996;47.5904;5.42;5.124;1414.556;1358.999999999998;;29380.0;;A_VALIDER;"APL;FILOS2023;COG2026;CENTRES"
70435;Raddon-et-Chapendu;70;6.452;47.856;3.381;1.981;881.885;852.0;;25920.0;;A_VALIDER;"APL;FILOS2023;COG2026;CENTRES"
70436;Raincourt;70;5.8852;47.8587;3.852;3.852;112.538;110.0;;19680.0;;A_VALIDER;"APL;FILOS2023;COG2026;CENTRES"
70437;Ranzevelle;70;5.9848;47.9077;4.016;4.016;17.831;16.0;;;;A_VALIDER;"APL;FILOS2023;COG2026;CENTRES"
70438;Ray-sur-Saône;70;5.8117;47.5935;2.665;2.665;227.758;210.9999999999999;;27560.0;;A_VALIDER;"APL;FILOS2023;COG2026;CENTRES"
70439;Raze;70;6.0089;47.58;4.368;4.027;369.751;379.0;;25050.0;;A_VALIDER;"APL;FILOS2023;COG2026;CENTRES"
70440;Recologne;70;5.7771;47.5831;2.627;2.627;37.127;32.00000000000013;;;;A_VALIDER;"APL;FILOS2023;COG2026;CENTRES"
70441;Recologne-lès-Rioz;70;5.9804;47.4672;3.165;3.165;252.819;270.0;;24500.0;;A_VALIDER;"APL;FILOS2023;COG2026;CENTRES"
70442;Renaucourt;70;5.7648;47.6412;1.411;1.411;119.031;116.0;;25120.0;;A_VALIDER;"APL;FILOS2023;COG2026;CENTRES"
70443;La Grande-Résie;70;5.5618;47.3374;3.252;3.009;89.882;88.99999999999986;;;;A_VALIDER;"APL;FILOS2023;COG2026;CENTRES"
70444;La Résie-Saint-Martin;70;5.6106;47.3095;2.931;2.931;171.983;171.9999999999999;;23430.0;;A_VALIDER;"APL;FILOS2023;COG2026;CENTRES"
70445;Rignovelle;70;6.478;47.7649;2.714;2.267;121.15;120.9999999999995;;26240.0;;A_VALIDER;"APL;FILOS2023;COG2026;CENTRES"
70446;Rigny;70;5.6351;47.4789;4.746;4.447;668.286;637.0000000000009;;26250.0;;A_VALIDER;"APL;FILOS2023;COG2026;CENTRES"
70447;Rioz;70;6.0828;47.4436;4.784;4.784;2297.613;2432.000000000005;9.0;26400.0;;A_VALIDER;"APL;FILOS2023;COG2026;CENTRES"
70448;Roche-et-Raucourt;70;5.7075;47.621;1.766;1.766;154.626;153.9999999999997;;24390.0;;A_VALIDER;"APL;FILOS2023;COG2026;CENTRES"
70449;Roche-sur-Linotte-et-Sorans-les-Cordiers;70;6.1987;47.4754;3.278;3.278;72.865;68.0;;;;A_VALIDER;"APL;FILOS2023;COG2026;CENTRES"
70450;La Rochelle;70;5.7258;47.7515;1.617;1.617;46.126;45.0;;;;A_VALIDER;"APL;FILOS2023;COG2026;CENTRES"
70451;Ronchamp;70;6.6375;47.7161;3.235;3.235;2813.491;2745.0;19.0;22560.0;;A_VALIDER;"APL;FILOS2023;COG2026;CENTRES"
70452;Rosey;70;6.0216;47.5585;3.087;2.943;244.763;254.9999999999999;;26170.0;;A_VALIDER;"APL;FILOS2023;COG2026;CENTRES"
70453;La Rosière;70;6.6214;47.9108;1.151;0.718;81.115;79.0;;;;A_VALIDER;"APL;FILOS2023;COG2026;CENTRES"
70454;Rosières-sur-Mance;70;5.8043;47.8359;1.882;1.882;64.168;54.0;;;;A_VALIDER;"APL;FILOS2023;COG2026;CENTRES"
70455;Roye;70;6.5467;47.6799;3.25;3.171;1492.847;1486.0;;24210.0;;A_VALIDER;"APL;FILOS2023;COG2026;CENTRES"
70456;Ruhans;70;6.1365;47.4613;1.304;1.304;141.833;149.0000000000005;;26670.0;;A_VALIDER;"APL;FILOS2023;COG2026;CENTRES"
70457;Rupt-sur-Saône;70;5.9332;47.6531;3.363;2.877;117.136;106.0;;27290.0;;A_VALIDER;"APL;FILOS2023;COG2026;CENTRES"
70459;Saint-Barthélemy;70;6.6052;47.7404;3.823;2.758;1097.475;1091.0;;25650.0;;A_VALIDER;"APL;FILOS2023;COG2026;CENTRES"
70460;Saint-Bresson;70;6.4983;47.8774;1.833;1.028;447.23;420.0;;23690.0;;A_VALIDER;"APL;FILOS2023;COG2026;CENTRES"
70461;Saint-Broing;70;5.6792;47.4577;3.195;2.995;124.506;107.9999999999995;;;;A_VALIDER;"APL;FILOS2023;COG2026;CENTRES"
70462;Saint-Ferjeux;70;6.5059;47.5462;3.558;3.558;79.06;79.0;;;;A_VALIDER;"APL;FILOS2023;COG2026;CENTRES"
70463;Saint-Gand;70;5.8315;47.5042;4.129;4.129;134.947;140.9999999999997;;24080.0;;A_VALIDER;"APL;FILOS2023;COG2026;CENTRES"
70464;Saint-Germain;70;6.5164;47.7213;3.646;3.385;1413.917;1369.000000000001;;25250.0;;A_VALIDER;"APL;FILOS2023;COG2026;CENTRES"
70466;Saint-Loup-Nantouard;70;5.7292;47.4284;3.774;3.575;122.804;121.9999999999996;;23440.0;;A_VALIDER;"APL;FILOS2023;COG2026;CENTRES"
70467;Saint-Loup-sur-Semouse;70;6.2644;47.891;4.263;3.1;3024.622;2842.0;31.0;19300.0;;A_VALIDER;"APL;FILOS2023;COG2026;CENTRES"
70468;Saint-Marcel;70;5.8195;47.8262;4.301;4.301;97.371;90.00000000000004;;;;A_VALIDER;"APL;FILOS2023;COG2026;CENTRES"
70469;Sainte-Marie-en-Chanois;70;6.5182;47.841;2.515;1.229;218.803;209.0;;22420.0;;A_VALIDER;"APL;FILOS2023;COG2026;CENTRES"
70470;Sainte-Marie-en-Chaux;70;6.3005;47.798;3.957;2.938;157.627;160.9999999999999;;26000.0;;A_VALIDER;"APL;FILOS2023;COG2026;CENTRES"
70471;Sainte-Reine;70;5.7728;47.4999;2.534;2.534;24.481;22.0;;;;A_VALIDER;"APL;FILOS2023;COG2026;CENTRES"
70472;Saint-Rémy-en-Comté;70;6.1095;47.8373;1.993;1.993;478.384;439.0000000000003;;23810.0;;A_VALIDER;"APL;FILOS2023;COG2026;CENTRES"
70473;Saint-Sauveur;70;6.3955;47.7955;4.676;3.516;1933.88;1928.999999999997;;23540.0;;A_VALIDER;"APL;FILOS2023;COG2026;CENTRES"
70474;Saint-Sulpice;70;6.4511;47.5697;3.336;3.336;124.813;119.0000000000001;;26550.0;;A_VALIDER;"APL;FILOS2023;COG2026;CENTRES"
70476;Saponcourt;70;6.0177;47.8682;3.081;3.081;73.798;76.0;;;;A_VALIDER;"APL;FILOS2023;COG2026;CENTRES"
70477;Saulnot;70;6.6339;47.5673;2.74;2.661;781.494;765.999999999999;;25550.0;;A_VALIDER;"APL;FILOS2023;COG2026;CENTRES"
70478;Saulx;70;6.2785;47.6945;2.567;2.487;937.687;875.0000000000006;;25890.0;;A_VALIDER;"APL;FILOS2023;COG2026;CENTRES"
70479;Sauvigney-lès-Gray;70;5.7307;47.4572;3.348;3.248;101.67;97.00000000000003;;29330.0;;A_VALIDER;"APL;FILOS2023;COG2026;CENTRES"
70480;Sauvigney-lès-Pesmes;70;5.5693;47.3078;2.374;2.23;154.319;158.0;;23300.0;;A_VALIDER;"APL;FILOS2023;COG2026;CENTRES"
70481;Savoyeux;70;5.7344;47.5483;2.903;2.903;213.619;194.9999999999996;;23770.0;;A_VALIDER;"APL;FILOS2023;COG2026;CENTRES"
70482;Scey-sur-Saône-et-Saint-Albin;70;5.9606;47.6773;4.273;3.68;1641.19;1528.0;;24830.0;;A_VALIDER;"APL;FILOS2023;COG2026;CENTRES"
70483;Scye;70;6.0588;47.6593;4.253;3.787;139.059;135.0;;26420.0;;A_VALIDER;"APL;FILOS2023;COG2026;CENTRES"
70484;Secenans;70;6.5665;47.5479;3.46;3.321;179.299;188.0000000000002;;24020.0;;A_VALIDER;"APL;FILOS2023;COG2026;CENTRES"
70485;Selles;70;6.0914;47.9773;2.149;1.606;233.673;216.9999999999999;;24980.0;;A_VALIDER;"APL;FILOS2023;COG2026;CENTRES"
70486;Semmadon;70;5.8773;47.7409;2.771;2.574;117.31;108.0000000000001;;22240.0;;A_VALIDER;"APL;FILOS2023;COG2026;CENTRES"
70487;Senargent-Mignafans;70;6.5297;47.5654;2.69;2.69;288.866;284.0000000000003;;24490.0;;A_VALIDER;"APL;FILOS2023;COG2026;CENTRES"
70488;Senoncourt;70;6.0594;47.8364;3.202;3.202;193.372;184.9999999999996;;25890.0;;A_VALIDER;"APL;FILOS2023;COG2026;CENTRES"
70489;Servance-Miellin;70;6.7107;47.8226;2.868;1.379;870.376;763.9999999999992;;21590.0;;A_VALIDER;"APL;FILOS2023;COG2026;CENTRES"
70490;Servigney;70;6.2962;47.7296;2.349;2.088;119.237;126.9999999999997;;22600.0;;A_VALIDER;"APL;FILOS2023;COG2026;CENTRES"
70491;Seveux-Motey;70;5.7668;47.5339;3.157;3.157;477.924;474.0;;24840.0;;A_VALIDER;"APL;FILOS2023;COG2026;CENTRES"
70492;Soing-Cubry-Charentenay;70;5.8833;47.5872;3.779;3.635;580.296;565.0000000000001;;24770.0;;A_VALIDER;"APL;FILOS2023;COG2026;CENTRES"
70493;Sorans-lès-Breurey;70;6.0482;47.3995;5.714;5.714;419.387;433.0000000000001;;28520.0;;A_VALIDER;"APL;FILOS2023;COG2026;CENTRES"
70494;Sornay;70;5.6958;47.2811;4.261;4.261;334.235;354.0;;27960.0;;A_VALIDER;"APL;FILOS2023;COG2026;CENTRES"
70496;Tartécourt;70;5.976;47.8409;3.564;3.564;34.784;28.99999999999999;;;;A_VALIDER;"APL;FILOS2023;COG2026;CENTRES"
70498;Ternuay-Melay-et-Saint-Hilaire;70;6.6361;47.7996;3.405;1.916;465.235;444.9999999999997;;24030.0;;A_VALIDER;"APL;FILOS2023;COG2026;CENTRES"
70499;Theuley;70;5.8233;47.6201;2.079;2.079;104.438;101.0;;24170.0;;A_VALIDER;"APL;FILOS2023;COG2026;CENTRES"
70500;Thieffrans;70;6.3035;47.5054;3.404;3.404;167.076;165.0;;24110.0;;A_VALIDER;"APL;FILOS2023;COG2026;CENTRES"
70501;Thiénans;70;6.2782;47.4682;2.732;2.732;111.194;113.0;;26110.0;;A_VALIDER;"APL;FILOS2023;COG2026;CENTRES"
70502;Tincey-et-Pontrebeau;70;5.7893;47.6016;2.688;2.688;92.047;81.99999999999997;;;;A_VALIDER;"APL;FILOS2023;COG2026;CENTRES"
70503;Traitiéfontaine;70;6.0966;47.4216;5.207;5.207;156.42;159.9999999999999;;27840.0;;A_VALIDER;"APL;FILOS2023;COG2026;CENTRES"
70504;Traves;70;5.9614;47.6093;4.768;4.282;365.832;348.9999999999993;;26040.0;;A_VALIDER;"APL;FILOS2023;COG2026;CENTRES"
70505;Le Tremblois;70;5.5871;47.3784;3.076;2.877;151.767;156.0000000000001;;26910.0;;A_VALIDER;"APL;FILOS2023;COG2026;CENTRES"
70506;Trémoins;70;6.704;47.5645;3.581;3.201;382.325;386.9999999999998;;26510.0;;A_VALIDER;"APL;FILOS2023;COG2026;CENTRES"
70507;Trésilley;70;6.0258;47.4528;3.181;3.181;264.851;274.9999999999999;;26030.0;;A_VALIDER;"APL;FILOS2023;COG2026;CENTRES"
70509;Tromarey;70;5.724;47.3363;3.356;3.356;121.053;123.0000000000001;;26560.0;;A_VALIDER;"APL;FILOS2023;COG2026;CENTRES"
70510;Vadans;70;5.5761;47.3507;2.79;2.547;134.65;134.0000000000001;;22990.0;;A_VALIDER;"APL;FILOS2023;COG2026;CENTRES"
70511;Vaite;70;5.7113;47.583;2.903;2.903;228.66;228.9999999999999;;22830.0;;A_VALIDER;"APL;FILOS2023;COG2026;CENTRES"
70512;La Vaivre;70;6.3667;47.912;4.255;3.386;229.604;216.0000000000005;;23410.0;;A_VALIDER;"APL;FILOS2023;COG2026;CENTRES"
70513;Vaivre-et-Montoille;70;6.1091;47.6375;5.966;5.473;2539.073;2435.999999999996;10.0;26700.0;;A_VALIDER;"APL;FILOS2023;COG2026;CENTRES"
70514;Valay;70;5.6296;47.3385;3.807;3.707;623.38;650.0000000000005;;23780.0;;A_VALIDER;"APL;FILOS2023;COG2026;CENTRES"
70515;Le Val-de-Gouhenans;70;6.4862;47.6217;2.87;2.87;67.71;65.99999999999999;;;;A_VALIDER;"APL;FILOS2023;COG2026;CENTRES"
70516;Vallerois-le-Bois;70;6.2968;47.5523;3.149;3.149;237.51;231.9999999999997;;24050.0;;A_VALIDER;"APL;FILOS2023;COG2026;CENTRES"
70517;Vallerois-Lorioz;70;6.1475;47.5606;3.162;3.001;418.766;432.9999999999999;;29430.0;;A_VALIDER;"APL;FILOS2023;COG2026;CENTRES"
70518;Le Val-Saint-Éloi;70;6.1772;47.7433;1.026;1.026;101.151;94.99999999999957;;;;A_VALIDER;"APL;FILOS2023;COG2026;CENTRES"
70519;Vandelans;70;6.1608;47.4005;4.681;4.681;107.519;109.0;;25300.0;;A_VALIDER;"APL;FILOS2023;COG2026;CENTRES"
70520;Vanne;70;5.8456;47.6008;2.726;2.726;137.282;125.9999999999996;;24550.0;;A_VALIDER;"APL;FILOS2023;COG2026;CENTRES"
70521;Vantoux-et-Longevelle;70;5.8375;47.4494;2.85;2.85;178.679;178.9999999999992;;26870.0;;A_VALIDER;"APL;FILOS2023;COG2026;CENTRES"
70522;Varogne;70;6.2131;47.7206;2.543;2.409;164.049;155.9999999999992;;26330.0;;A_VALIDER;"APL;FILOS2023;COG2026;CENTRES"
70523;Vars;70;5.5223;47.538;4.325;4.225;191.951;184.0000000000008;;24460.0;;A_VALIDER;"APL;FILOS2023;COG2026;CENTRES"
70524;Vauchoux;70;6.0314;47.6553;4.128;3.599;123.549;121.9999999999999;;24520.0;;A_VALIDER;"APL;FILOS2023;COG2026;CENTRES"
70525;Vauconcourt-Nervezain;70;5.8334;47.656;0.802;0.802;227.535;219.0;;25430.0;;A_VALIDER;"APL;FILOS2023;COG2026;CENTRES"
70526;Vauvillers;70;6.1094;47.9293;2.898;2.24;636.974;611.0000000000008;;23960.0;;A_VALIDER;"APL;FILOS2023;COG2026;CENTRES"
70527;Vaux-le-Moncelot;70;5.904;47.4795;3.545;3.545;75.252;77.99999999999977;;;;A_VALIDER;"APL;FILOS2023;COG2026;CENTRES"
70528;Velesmes-Échevanne;70;5.6882;47.4182;3.957;3.757;486.81;488.9999999999998;;25900.0;;A_VALIDER;"APL;FILOS2023;COG2026;CENTRES"
70529;Velet;70;5.5657;47.4281;3.863;3.563;393.63;372.9999999999997;;26280.0;;A_VALIDER;"APL;FILOS2023;COG2026;CENTRES"
70531;Velleclaire;70;5.8725;47.4248;3.007;3.007;95.856;101.0000000000001;;;;A_VALIDER;"APL;FILOS2023;COG2026;CENTRES"
70532;Vellefaux;70;6.1406;47.5522;3.507;3.345;543.042;533.0;;28760.0;;A_VALIDER;"APL;FILOS2023;COG2026;CENTRES"
70533;Vellefrey-et-Vellefrange;70;5.8156;47.4426;3.103;3.103;108.986;112.0;;23620.0;;A_VALIDER;"APL;FILOS2023;COG2026;CENTRES"
70534;Vellefrie;70;6.2229;47.7011;2.73;2.596;113.62;123.0000000000006;;28830.0;;A_VALIDER;"APL;FILOS2023;COG2026;CENTRES"
70535;Velleguindry-et-Levrecey;70;6.0895;47.5531;3.03;2.95;158.061;156.0000000000001;;27470.0;;A_VALIDER;"APL;FILOS2023;COG2026;CENTRES"
70536;Velle-le-Châtel;70;6.0569;47.5936;5.613;5.19;134.289;127.0;;26360.0;;A_VALIDER;"APL;FILOS2023;COG2026;CENTRES"
70537;Velleminfroy;70;6.3173;47.6614;1.76;1.76;283.945;296.0000000000003;;24150.0;;A_VALIDER;"APL;FILOS2023;COG2026;CENTRES"
70538;Vellemoz;70;5.7927;47.4781;3.02;3.02;91.415;87.0;;;;A_VALIDER;"APL;FILOS2023;COG2026;CENTRES"
70539;Vellexon-Queutrey-et-Vaudey;70;5.8065;47.549;3.83;3.83;499.698;476.0000000000003;;24130.0;;A_VALIDER;"APL;FILOS2023;COG2026;CENTRES"
70540;Velloreille-lès-Choye;70;5.721;47.3908;3.815;3.715;74.687;81.0;;;;A_VALIDER;"APL;FILOS2023;COG2026;CENTRES"
70541;Velorcey;70;6.252;47.7856;2.6;2.168;196.086;203.9999999999998;;22100.0;;A_VALIDER;"APL;FILOS2023;COG2026;CENTRES"
70542;Venère;70;5.6759;47.3589;4.692;4.492;203.614;207.0;;23100.0;;A_VALIDER;"APL;FILOS2023;COG2026;CENTRES"
70544;La Vergenne;70;6.5188;47.6158;2.918;2.918;110.7;110.0;;23910.0;;A_VALIDER;"APL;FILOS2023;COG2026;CENTRES"
70545;Venisey;70;5.9989;47.8366;3.955;3.955;138.573;134.0;;22620.0;;A_VALIDER;"APL;FILOS2023;COG2026;CENTRES"
70546;Vereux;70;5.6319;47.5241;4.729;4.529;212.354;204.0;;23210.0;;A_VALIDER;"APL;FILOS2023;COG2026;CENTRES"
70547;Verlans;70;6.7183;47.5703;3.05;2.67;164.11;166.0;;28360.0;;A_VALIDER;"APL;FILOS2023;COG2026;CENTRES"
70548;Vernois-sur-Mance;70;5.7795;47.8381;4.056;3.825;150.245;130.9999999999999;;22250.0;;A_VALIDER;"APL;FILOS2023;COG2026;CENTRES"
70549;La Vernotte;70;5.8692;47.5099;3.389;3.389;71.628;76.99999999999993;;;;A_VALIDER;"APL;FILOS2023;COG2026;CENTRES"
70550;Vesoul;70;6.1523;47.6323;5.621;5.325;15572.753;15306.0;26.0;21430.0;;A_VALIDER;"APL;FILOS2023;COG2026;CENTRES"
70552;Villafans;70;6.4764;47.5831;2.992;2.992;200.668;198.0;;23820.0;;A_VALIDER;"APL;FILOS2023;COG2026;CENTRES"
70553;Villargent;70;6.4865;47.5419;3.193;3.193;121.54;115.0;;21200.0;;A_VALIDER;"APL;FILOS2023;COG2026;CENTRES"
70554;Villars-le-Pautel;70;5.9171;47.8965;2.782;2.782;193.866;180.0000000000003;;21010.0;;A_VALIDER;"APL;FILOS2023;COG2026;CENTRES"
70555;La Villedieu-en-Fontenette;70;6.2018;47.7748;2.22;1.889;169.798;167.0000000000001;;23370.0;;A_VALIDER;"APL;FILOS2023;COG2026;CENTRES"
70558;La Villeneuve-Bellenoye-et-la-Maize;70;6.2412;47.7143;2.228;2.147;159.215;155.0;;25760.0;;A_VALIDER;"APL;FILOS2023;COG2026;CENTRES"
70559;Villeparois;70;6.1806;47.6657;4.551;4.255;181.836;190.0;;28680.0;;A_VALIDER;"APL;FILOS2023;COG2026;CENTRES"
70560;Villers-Bouton;70;5.9713;47.4485;1.837;1.837;167.946;178.0000000000001;;27440.0;;A_VALIDER;"APL;FILOS2023;COG2026;CENTRES"
70561;Villersexel;70;6.4264;47.5603;4.142;4.142;1577.91;1424.999999999999;;23210.0;;A_VALIDER;"APL;FILOS2023;COG2026;CENTRES"
70562;Villers-la-Ville;70;6.4662;47.5496;3.193;3.193;150.878;155.0000000000005;;24290.0;;A_VALIDER;"APL;FILOS2023;COG2026;CENTRES"
70563;Villers-le-Sec;70;6.2348;47.5829;3.775;3.614;543.559;522.0000000000009;;29330.0;;A_VALIDER;"APL;FILOS2023;COG2026;CENTRES"
70564;Villers-lès-Luxeuil;70;6.2843;47.767;2.708;2.183;308.858;311.9999999999994;;26130.0;;A_VALIDER;"APL;FILOS2023;COG2026;CENTRES"
70565;Villers-Pater;70;6.1724;47.4777;3.062;3.062;46.516;48.99999999999999;;;;A_VALIDER;"APL;FILOS2023;COG2026;CENTRES"
70566;Villers-sur-Port;70;6.0829;47.7118;3.498;3.113;197.945;199.0;;25880.0;;A_VALIDER;"APL;FILOS2023;COG2026;CENTRES"
70567;Villers-sur-Saulnot;70;6.6475;47.5483;3.014;2.796;132.082;128.9999999999999;;24800.0;;A_VALIDER;"APL;FILOS2023;COG2026;CENTRES"
70568;Villers-Vaudey;70;5.7557;47.6754;0.274;0.274;61.439;56.99999999999999;;;;A_VALIDER;"APL;FILOS2023;COG2026;CENTRES"
70569;Vilory;70;6.2236;47.732;0.913;0.913;69.601;68.0;;;;A_VALIDER;"APL;FILOS2023;COG2026;CENTRES"
70571;Visoncourt;70;6.2979;47.7543;1.609;1.348;34.46;37.00000000000008;;;;A_VALIDER;"APL;FILOS2023;COG2026;CENTRES"
70572;Vitrey-sur-Mance;70;5.7561;47.8137;3.986;3.986;322.757;296.9999999999998;;23520.0;;A_VALIDER;"APL;FILOS2023;COG2026;CENTRES"
70573;La Voivre;70;6.5609;47.8228;3.599;1.982;111.51;109.0;;24870.0;;A_VALIDER;"APL;FILOS2023;COG2026;CENTRES"
70574;Volon;70;5.7389;47.6261;1.766;1.766;62.033;57.00000000000001;;;;A_VALIDER;"APL;FILOS2023;COG2026;CENTRES"
70575;Voray-sur-l'Ognon;70;6.0126;47.3583;5.158;5.158;845.717;866.9999999999966;;26980.0;;A_VALIDER;"APL;FILOS2023;COG2026;CENTRES"
70576;Vougécourt;70;5.996;47.9405;2.468;2.468;170.628;163.0;;23170.0;;A_VALIDER;"APL;FILOS2023;COG2026;CENTRES"
70577;Vouhenans;70;6.4982;47.6419;2.802;2.802;388.944;380.9999999999997;;26200.0;;A_VALIDER;"APL;FILOS2023;COG2026;CENTRES"
70578;Vregille;70;5.8868;47.3301;2.951;2.951;181.475;178.0;;30520.0;;A_VALIDER;"APL;FILOS2023;COG2026;CENTRES"
70579;Vyans-le-Val;70;6.761;47.5495;3.06;2.483;440.7;417.0000000000005;;28760.0;;A_VALIDER;"APL;FILOS2023;COG2026;CENTRES"
70580;Vy-le-Ferroux;70;5.9634;47.5868;3.925;3.637;154.586;158.9999999999998;;25330.0;;A_VALIDER;"APL;FILOS2023;COG2026;CENTRES"
70581;Vy-lès-Lure;70;6.4452;47.6518;2.103;2.103;686.647;714.0000000000005;;24890.0;;A_VALIDER;"APL;FILOS2023;COG2026;CENTRES"
70582;Vy-lès-Rupt;70;5.8911;47.64;2.315;1.973;84.824;79.99999999999997;;;;A_VALIDER;"APL;FILOS2023;COG2026;CENTRES"
70583;Vy-lès-Filain;70;6.1925;47.5092;1.524;1.524;132.943;138.9999999999999;;24860.0;;A_VALIDER;"APL;FILOS2023;COG2026;CENTRES"
71001;L'Abergement-de-Cuisery;71;4.9586;46.5753;2.769;2.769;831.16;811.0000000000001;;27550.0;;A_VALIDER;"APL;FILOS2023;COG2026;CENTRES"
71002;L'Abergement-Sainte-Colombe;71;5.0334;46.7547;2.533;2.422;1190.897;1234.999999999999;;27120.0;;A_VALIDER;"APL;FILOS2023;COG2026;CENTRES"
71003;Allerey-sur-Saône;71;4.9709;46.9145;1.372;1.372;810.274;809.0;;27100.0;;A_VALIDER;"APL;FILOS2023;COG2026;CENTRES"
71004;Allériot;71;4.9532;46.8021;1.471;1.392;1166.025;1162.0;;28530.0;;A_VALIDER;"APL;FILOS2023;COG2026;CENTRES"
71005;Aluze;71;4.6866;46.8522;2.735;2.609;249.201;243.9999999999996;;30460.0;;A_VALIDER;"APL;FILOS2023;COG2026;CENTRES"
71006;Amanzé;71;4.2364;46.3261;2.25;1.912;209.721;194.9999999999992;;27310.0;;A_VALIDER;"APL;FILOS2023;COG2026;CENTRES"
71007;Ameugny;71;4.669;46.5228;2.827;2.827;170.6;168.0000000000001;;23770.0;;A_VALIDER;"APL;FILOS2023;COG2026;CENTRES"
71008;Anglure-sous-Dun;71;4.3694;46.2359;1.435;1.435;153.796;146.0;;22810.0;;A_VALIDER;"APL;FILOS2023;COG2026;CENTRES"
71009;Anost;71;4.0977;47.0788;1.143;1.143;792.466;704.0000000000001;;23940.0;;A_VALIDER;"APL;FILOS2023;COG2026;CENTRES"
71010;Antully;71;4.4011;46.8876;1.449;1.363;831.153;816.000000000002;;24960.0;;A_VALIDER;"APL;FILOS2023;COG2026;CENTRES"
71011;Anzy-le-Duc;71;4.0761;46.3209;2.122;2.122;450.981;423.0000000000004;;25320.0;;A_VALIDER;"APL;FILOS2023;COG2026;CENTRES"
71012;Artaix;71;3.9868;46.248;2.122;2.122;362.749;343.0;;24290.0;;A_VALIDER;"APL;FILOS2023;COG2026;CENTRES"
71013;Authumes;71;5.307;46.8849;2.732;2.732;309.455;285.9999999999999;;23870.0;;A_VALIDER;"APL;FILOS2023;COG2026;CENTRES"
71014;Autun;71;4.3038;46.9386;2.846;2.589;14256.118;13144.0;24.0;22480.0;;A_VALIDER;"APL;FILOS2023;COG2026;CENTRES"
71015;Auxy;71;4.4195;46.9378;3.794;2.939;927.43;909.9999999999999;;26550.0;;A_VALIDER;"APL;FILOS2023;COG2026;CENTRES"
71016;Azé;71;4.7468;46.4327;2.953;2.896;1089.273;1082.000000000001;;27580.0;;A_VALIDER;"APL;FILOS2023;COG2026;CENTRES"
71017;Ballore;71;4.379;46.5369;1.703;1.563;95.613;90.00000000000003;;;;A_VALIDER;"APL;FILOS2023;COG2026;CENTRES"
71018;Bantanges;71;5.1259;46.6043;1.591;1.532;584.16;566.0;;23080.0;;A_VALIDER;"APL;FILOS2023;COG2026;CENTRES"
71019;Barizey;71;4.6736;46.7918;1.098;0.9;138.358;139.0;;29680.0;;A_VALIDER;"APL;FILOS2023;COG2026;CENTRES"
71020;Barnay;71;4.3207;47.0821;0.835;0.835;104.365;99.0;;;;A_VALIDER;"APL;FILOS2023;COG2026;CENTRES"
71021;Baron;71;4.2819;46.4964;3.479;3.059;270.708;278.9999999999998;;26390.0;;A_VALIDER;"APL;FILOS2023;COG2026;CENTRES"
71022;Baudemont;71;4.2834;46.2925;2.793;2.662;659.347;627.0;;24800.0;;A_VALIDER;"APL;FILOS2023;COG2026;CENTRES"
71023;Baudrières;71;4.9989;46.6664;1.781;1.722;998.375;1007.0;;26060.0;;A_VALIDER;"APL;FILOS2023;COG2026;CENTRES"
71024;Baugy;71;4.0313;46.3076;2.122;2.122;513.285;495.0;;25690.0;;A_VALIDER;"APL;FILOS2023;COG2026;CENTRES"
71025;Beaubery;71;4.3933;46.413;2.429;1.352;382.819;360.9999999999994;;25530.0;;A_VALIDER;"APL;FILOS2023;COG2026;CENTRES"
71026;Beaumont-sur-Grosne;71;4.8613;46.6699;2.462;2.109;328.31;333.0000000000002;;28410.0;;A_VALIDER;"APL;FILOS2023;COG2026;CENTRES"
71027;Beaurepaire-en-Bresse;71;5.397;46.6688;3.358;3.126;721.5;724.0000000000007;;24830.0;;A_VALIDER;"APL;FILOS2023;COG2026;CENTRES"
71028;Beauvernois;71;5.4374;46.8436;2.511;2.404;107.77;103.0;;;;A_VALIDER;"APL;FILOS2023;COG2026;CENTRES"
71029;Bellevesvre;71;5.3636;46.8479;3.574;3.439;331.122;306.0000000000001;;25140.0;;A_VALIDER;"APL;FILOS2023;COG2026;CENTRES"
71030;Bergesserin;71;4.5599;46.3972;1.532;1.504;202.15;195.9999999999999;;28180.0;;A_VALIDER;"APL;FILOS2023;COG2026;CENTRES"
71031;Berzé-le-Châtel;71;4.6776;46.3936;2.116;1.998;54.705;55.99999999999997;;;;A_VALIDER;"APL;FILOS2023;COG2026;CENTRES"
71032;Berzé-la-Ville;71;4.7008;46.3697;1.965;1.814;712.892;707.9999999999997;;29250.0;;A_VALIDER;"APL;FILOS2023;COG2026;CENTRES"
71033;Bey;71;4.9694;46.822;1.624;1.545;850.579;868.9999999999997;;26780.0;;A_VALIDER;"APL;FILOS2023;COG2026;CENTRES"
71034;Bissey-sous-Cruchaud;71;4.6944;46.7296;2.748;2.643;348.692;333.0;;28520.0;;A_VALIDER;"APL;FILOS2023;COG2026;CENTRES"
71035;Bissy-la-Mâconnaise;71;4.7787;46.4866;2.2;2.2;202.076;202.9999999999999;;29130.0;;A_VALIDER;"APL;FILOS2023;COG2026;CENTRES"
71036;Bissy-sous-Uxelles;71;4.7276;46.5695;2.097;1.979;68.279;67.99999999999994;;;;A_VALIDER;"APL;FILOS2023;COG2026;CENTRES"
71037;Bissy-sur-Fley;71;4.6211;46.6645;0.947;0.947;85.096;81.99999999999997;;;;A_VALIDER;"APL;FILOS2023;COG2026;CENTRES"
71038;Les Bizots;71;4.386;46.7536;1.611;1.516;464.381;472.9999999999995;;27120.0;;A_VALIDER;"APL;FILOS2023;COG2026;CENTRES"
71039;Blanot;71;4.7408;46.4808;3.167;3.167;205.195;195.9999999999999;;24820.0;;A_VALIDER;"APL;FILOS2023;COG2026;CENTRES"
71040;Blanzy;71;4.3907;46.7028;2.841;2.457;6349.355;5982.999999999998;13.0;24580.0;;A_VALIDER;"APL;FILOS2023;COG2026;CENTRES"
71041;Bois-Sainte-Marie;71;4.352;46.3345;2.777;1.946;255.913;184.9999999999996;;;;A_VALIDER;"APL;FILOS2023;COG2026;CENTRES"
71042;Bonnay-Saint-Ythaire;71;4.6174;46.559;2.678;2.678;529.727;443.0000000000006;;25330.0;;A_VALIDER;"APL;FILOS2023;COG2026;CENTRES"
71043;Les Bordes;71;5.0434;46.9004;1.135;1.135;83.497;83.99999999999999;;;;A_VALIDER;"APL;FILOS2023;COG2026;CENTRES"
71044;Bosjean;71;5.3443;46.7716;3.195;2.889;328.97;311.0;;24150.0;;A_VALIDER;"APL;FILOS2023;COG2026;CENTRES"
71045;Bouhans;71;5.294;46.7761;1.332;1.191;184.932;176.0;;24520.0;;A_VALIDER;"APL;FILOS2023;COG2026;CENTRES"
71046;La Boulaye;71;4.1531;46.7346;2.014;2.014;105.724;98.0;;;;A_VALIDER;"APL;FILOS2023;COG2026;CENTRES"
71047;Bourbon-Lancy;71;3.7623;46.6184;0.973;0.326;5212.7;4656.000000000001;11.0;24790.0;;A_VALIDER;"APL;FILOS2023;COG2026;CENTRES"
71048;Bourg-le-Comte;71;3.9821;46.3115;2.122;2.122;176.725;170.9999999999999;;24500.0;;A_VALIDER;"APL;FILOS2023;COG2026;CENTRES"
71050;Bourgvilain;71;4.6342;46.3642;4.468;4.378;384.302;360.0000000000003;;26090.0;;A_VALIDER;"APL;FILOS2023;COG2026;CENTRES"
71051;Bouzeron;71;4.7277;46.8908;2.012;2.012;144.562;133.9999999999999;;28160.0;;A_VALIDER;"APL;FILOS2023;COG2026;CENTRES"
71052;Boyer;71;4.9036;46.5985;3.379;3.144;767.539;726.0000000000008;;26440.0;;A_VALIDER;"APL;FILOS2023;COG2026;CENTRES"
71054;Bragny-sur-Saône;71;5.0302;46.9229;1.809;1.809;696.206;676.9999999999999;;25610.0;;A_VALIDER;"APL;FILOS2023;COG2026;CENTRES"
71056;Branges;71;5.162;46.6516;2.691;2.572;2509.627;2372.000000000004;11.0;24820.0;;A_VALIDER;"APL;FILOS2023;COG2026;CENTRES"
71057;Bray;71;4.7062;46.5036;2.398;2.398;137.192;128.0;;29630.0;;A_VALIDER;"APL;FILOS2023;COG2026;CENTRES"
71058;Bresse-sur-Grosne;71;4.7319;46.5944;2.108;1.874;192.16;184.9999999999993;;26480.0;;A_VALIDER;"APL;FILOS2023;COG2026;CENTRES"
71059;Le Breuil;71;4.4982;46.7972;2.196;2.196;3741.051;3507.999999999996;8.0;27280.0;;A_VALIDER;"APL;FILOS2023;COG2026;CENTRES"
71060;Briant;71;4.1514;46.2966;0.944;0.878;247.568;230.0;;25260.0;;A_VALIDER;"APL;FILOS2023;COG2026;CENTRES"
71061;Brienne;71;5.0265;46.5537;2.521;2.521;477.173;479.0;;26320.0;;A_VALIDER;"APL;FILOS2023;COG2026;CENTRES"
71062;Brion;71;4.2392;46.9167;3.484;3.313;328.383;297.0;;27280.0;;A_VALIDER;"APL;FILOS2023;COG2026;CENTRES"
71063;Broye;71;4.311;46.8907;2.881;2.796;786.659;753.9999999999993;;24740.0;;A_VALIDER;"APL;FILOS2023;COG2026;CENTRES"
71064;Bruailles;71;5.2533;46.5933;2.233;2.174;1013.892;973.0000000000001;;25980.0;;A_VALIDER;"APL;FILOS2023;COG2026;CENTRES"
71065;Buffières;71;4.5392;46.4324;2.226;2.226;293.802;277.0;;25390.0;;A_VALIDER;"APL;FILOS2023;COG2026;CENTRES"
71066;Burgy;71;4.8304;46.4645;2.261;2.261;115.695;114.0;;26970.0;;A_VALIDER;"APL;FILOS2023;COG2026;CENTRES"
71067;Burnand;71;4.6327;46.6015;1.997;1.997;134.214;122.0;;27320.0;;A_VALIDER;"APL;FILOS2023;COG2026;CENTRES"
71068;Burzy;71;4.5867;46.5945;1.062;1.062;66.435;57.99999999999997;;;;A_VALIDER;"APL;FILOS2023;COG2026;CENTRES"
71069;Bussières;71;4.7118;46.3337;3.47;3.3;591.944;587.9999999999998;;32630.0;;A_VALIDER;"APL;FILOS2023;COG2026;CENTRES"
71070;Buxy;71;4.7149;46.7136;2.587;2.405;2274.234;2155.0;11.0;26870.0;;A_VALIDER;"APL;FILOS2023;COG2026;CENTRES"
71071;Céron;71;3.9339;46.2795;1.665;1.54;282.786;263.9999999999999;;23810.0;;A_VALIDER;"APL;FILOS2023;COG2026;CENTRES"
71072;Cersot;71;4.6342;46.7069;1.957;1.957;146.934;145.0000000000006;;27220.0;;A_VALIDER;"APL;FILOS2023;COG2026;CENTRES"
71073;Chagny;71;4.7764;46.8995;3.557;3.484;5600.545;5402.000000000001;13.0;24390.0;;A_VALIDER;"APL;FILOS2023;COG2026;CENTRES"
71074;Chaintré;71;4.7742;46.2587;4.431;4.207;561.578;563.9999999999995;;29320.0;;A_VALIDER;"APL;FILOS2023;COG2026;CENTRES"
71075;Chalmoux;71;3.8476;46.5928;0.432;0.0;666.777;636.0;;23320.0;;A_VALIDER;"APL;FILOS2023;COG2026;CENTRES"
71076;Chalon-sur-Saône;71;4.8509;46.7896;3.705;3.299;45431.149;44592.0;25.4;21780.0;;A_VALIDER;"APL;FILOS2023;COG2026;CENTRES"
71077;Chambilly;71;3.9992;46.2826;2.122;2.122;508.002;471.0;;23330.0;;A_VALIDER;"APL;FILOS2023;COG2026;CENTRES"
71078;Chamilly;71;4.6812;46.8676;2.599;2.472;141.524;147.0;;29530.0;;A_VALIDER;"APL;FILOS2023;COG2026;CENTRES"
71079;Champagnat;71;5.3681;46.4834;2.114;0.989;490.104;464.0000000000002;;25490.0;;A_VALIDER;"APL;FILOS2023;COG2026;CENTRES"
71080;Champagny-sous-Uxelles;71;4.7499;46.5795;2.37;2.253;90.824;84.0;;;;A_VALIDER;"APL;FILOS2023;COG2026;CENTRES"
71081;Champforgeuil;71;4.8236;46.8145;3.832;3.452;2643.399;2616.0;19.0;22730.0;;A_VALIDER;"APL;FILOS2023;COG2026;CENTRES"
71082;Champlecy;71;4.2234;46.4635;3.53;2.731;225.706;208.0;;25320.0;;A_VALIDER;"APL;FILOS2023;COG2026;CENTRES"
71084;Chânes;71;4.7582;46.2423;3.708;3.56;549.655;529.0;;29670.0;;A_VALIDER;"APL;FILOS2023;COG2026;CENTRES"
71085;Change;71;4.6296;46.929;4.482;4.14;221.547;217.9999999999999;;28100.0;;A_VALIDER;"APL;FILOS2023;COG2026;CENTRES"
71086;Changy;71;4.252;46.4165;2.678;1.675;451.395;440.9999999999996;;26740.0;;A_VALIDER;"APL;FILOS2023;COG2026;CENTRES"
71087;Chapaize;71;4.7345;46.5526;2.402;2.285;183.644;166.0000000000007;;25890.0;;A_VALIDER;"APL;FILOS2023;COG2026;CENTRES"
71088;La Chapelle-au-Mans;71;3.9801;46.6321;1.582;0.635;237.529;225.0000000000001;;24650.0;;A_VALIDER;"APL;FILOS2023;COG2026;CENTRES"
71089;La Chapelle-de-Bragny;71;4.7523;46.6203;2.779;2.427;249.027;240.0000000000001;;27400.0;;A_VALIDER;"APL;FILOS2023;COG2026;CENTRES"
71090;La Chapelle-de-Guinchay;71;4.7586;46.2177;2.957;2.875;3982.453;4038.0;8.0;26260.0;;A_VALIDER;"APL;FILOS2023;COG2026;CENTRES"
71091;La Chapelle-du-Mont-de-France;71;4.543;46.3793;2.309;2.309;195.924;190.0000000000009;;24920.0;;A_VALIDER;"APL;FILOS2023;COG2026;CENTRES"
71092;La Chapelle-Naude;71;5.1919;46.5864;2.056;2.056;506.856;496.0000000000003;;22800.0;;A_VALIDER;"APL;FILOS2023;COG2026;CENTRES"
71093;La Chapelle-Saint-Sauveur;71;5.2629;46.8432;2.791;2.791;695.987;641.0000000000003;;25110.0;;A_VALIDER;"APL;FILOS2023;COG2026;CENTRES"
71094;La Chapelle-sous-Brancion;71;4.7896;46.5533;3.111;2.993;158.856;142.0000000000001;;26760.0;;A_VALIDER;"APL;FILOS2023;COG2026;CENTRES"
71095;La Chapelle-sous-Dun;71;4.3;46.2655;3.066;3.001;462.572;431.9999999999996;;23680.0;;A_VALIDER;"APL;FILOS2023;COG2026;CENTRES"
71096;La Chapelle-sous-Uchon;71;4.2433;46.8367;2.561;2.561;208.892;194.0000000000003;;24720.0;;A_VALIDER;"APL;FILOS2023;COG2026;CENTRES"
71097;La Chapelle-Thècle;71;5.1035;46.5567;1.232;1.232;544.176;497.0000000000001;;25230.0;;A_VALIDER;"APL;FILOS2023;COG2026;CENTRES"
71098;Charbonnat;71;4.1037;46.7766;3.838;2.861;237.597;226.9999999999999;;20380.0;;A_VALIDER;"APL;FILOS2023;COG2026;CENTRES"
71099;Charbonnières;71;4.8325;46.3891;4.274;4.203;350.562;335.0;;32200.0;;A_VALIDER;"APL;FILOS2023;COG2026;CENTRES"
71100;Chardonnay;71;4.8494;46.5093;3.161;3.161;225.911;206.0000000000001;;28870.0;;A_VALIDER;"APL;FILOS2023;COG2026;CENTRES"
71101;Charette-Varennes;71;5.1984;46.9028;2.625;2.625;469.059;434.0;;24460.0;;A_VALIDER;"APL;FILOS2023;COG2026;CENTRES"
71102;La Charmée;71;4.7946;46.7231;3.612;3.183;684.523;680.0;;29930.0;;A_VALIDER;"APL;FILOS2023;COG2026;CENTRES"
71103;Charmoy;71;4.3185;46.7668;1.151;1.056;292.574;283.9999999999995;;27630.0;;A_VALIDER;"APL;FILOS2023;COG2026;CENTRES"
71104;Charnay-lès-Chalon;71;5.0805;46.9363;1.897;1.897;207.213;192.0000000000003;;23730.0;;A_VALIDER;"APL;FILOS2023;COG2026;CENTRES"
71105;Charnay-lès-Mâcon;71;4.7887;46.3054;4.822;4.586;8570.932;8153.999999999995;11.0;27430.0;;A_VALIDER;"APL;FILOS2023;COG2026;CENTRES"
71106;Charolles;71;4.2736;46.4508;4.042;2.727;3067.941;2789.0;17.0;23930.0;;A_VALIDER;"APL;FILOS2023;COG2026;CENTRES"
71107;Charrecey;71;4.6699;46.8368;2.316;2.189;326.267;329.9999999999999;;29590.0;;A_VALIDER;"APL;FILOS2023;COG2026;CENTRES"
71108;Chasselas;71;4.7197;46.2777;2.18;2.085;176.194;175.0;;29620.0;;A_VALIDER;"APL;FILOS2023;COG2026;CENTRES"
71109;Chassey-le-Camp;71;4.7026;46.8855;2.663;2.624;355.767;365.0;;26340.0;;A_VALIDER;"APL;FILOS2023;COG2026;CENTRES"
71110;Chassigny-sous-Dun;71;4.292;46.2372;3.723;3.723;596.7;558.0;;24510.0;;A_VALIDER;"APL;FILOS2023;COG2026;CENTRES"
71111;Chassy;71;4.1112;46.5812;2.714;2.714;308.598;295.9999999999998;;25440.0;;A_VALIDER;"APL;FILOS2023;COG2026;CENTRES"
71112;Château;71;4.5948;46.4216;1.839;1.839;240.785;232.0000000000001;;29000.0;;A_VALIDER;"APL;FILOS2023;COG2026;CENTRES"
71113;Châteauneuf;71;4.2607;46.2104;3.466;3.466;90.132;89.00000000000007;;;;A_VALIDER;"APL;FILOS2023;COG2026;CENTRES"
71115;Châtel-Moron;71;4.6369;46.7898;0.67;0.591;77.037;82.99999999999993;;;;A_VALIDER;"APL;FILOS2023;COG2026;CENTRES"
71116;Châtenay;71;4.3814;46.2898;2.184;1.871;185.812;167.9999999999993;;21340.0;;A_VALIDER;"APL;FILOS2023;COG2026;CENTRES"
71117;Châtenoy-en-Bresse;71;4.9156;46.7952;2.714;2.532;1104.416;1098.000000000001;;28720.0;;A_VALIDER;"APL;FILOS2023;COG2026;CENTRES"
71118;Châtenoy-le-Royal;71;4.8074;46.7892;3.911;3.433;6515.26;6205.0;14.0;25180.0;;A_VALIDER;"APL;FILOS2023;COG2026;CENTRES"
71119;Chaudenay;71;4.7957;46.9171;2.41;2.41;1109.19;1124.0;;27940.0;;A_VALIDER;"APL;FILOS2023;COG2026;CENTRES"
71120;Chauffailles;71;4.3418;46.2055;2.138;2.138;4119.066;3656.000000000003;17.0;23050.0;;A_VALIDER;"APL;FILOS2023;COG2026;CENTRES"
71121;La Chaux;71;5.2713;46.8219;2.685;2.625;332.134;323.0000000000004;;21290.0;;A_VALIDER;"APL;FILOS2023;COG2026;CENTRES"
71122;Cheilly-lès-Maranges;71;4.6648;46.8965;3.688;3.688;527.728;538.0000000000002;;26660.0;;A_VALIDER;"APL;FILOS2023;COG2026;CENTRES"
71123;Chenay-le-Châtel;71;3.9413;46.2314;2.288;2.038;382.244;372.9999999999999;;22180.0;;A_VALIDER;"APL;FILOS2023;COG2026;CENTRES"
71124;Chenôves;71;4.6982;46.6642;2.645;2.495;221.993;208.0;;33210.0;;A_VALIDER;"APL;FILOS2023;COG2026;CENTRES"
71125;Chérizet;71;4.5669;46.5159;2.75;2.75;21.436;19.0;;;;A_VALIDER;"APL;FILOS2023;COG2026;CENTRES"
71126;Chevagny-les-Chevrières;71;4.7703;46.336;4.285;4.063;617.617;604.0;;37500.0;;A_VALIDER;"APL;FILOS2023;COG2026;CENTRES"
71127;Chevagny-sur-Guye;71;4.4978;46.5392;1.795;1.795;57.687;50.99999999999998;;;;A_VALIDER;"APL;FILOS2023;COG2026;CENTRES"
71128;Chiddes;71;4.5102;46.4551;1.85;1.85;88.065;83.00000000000001;;;;A_VALIDER;"APL;FILOS2023;COG2026;CENTRES"
71129;Chissey-en-Morvan;71;4.2138;47.1212;1.824;1.824;333.302;295.0;;22520.0;;A_VALIDER;"APL;FILOS2023;COG2026;CENTRES"
71130;Chissey-lès-Mâcon;71;4.7447;46.5194;3.087;3.087;254.249;229.9999999999995;;25890.0;;A_VALIDER;"APL;FILOS2023;COG2026;CENTRES"
71132;Ciry-le-Noble;71;4.2938;46.5936;3.619;3.282;2293.281;2213.000000000002;12.0;24030.0;;A_VALIDER;"APL;FILOS2023;COG2026;CENTRES"
71133;La Clayette;71;4.3122;46.2883;3.04;2.662;1830.294;1595.999999999999;;23410.0;;A_VALIDER;"APL;FILOS2023;COG2026;CENTRES"
71134;Navour-sur-Grosne;71;4.5649;46.3547;4.249;4.187;640.52;658.0;;26020.0;;A_VALIDER;"APL;FILOS2023;COG2026;CENTRES"
71135;Clessé;71;4.8239;46.4188;3.662;3.582;834.435;834.0;;30850.0;;A_VALIDER;"APL;FILOS2023;COG2026;CENTRES"
71136;Clessy;71;4.0843;46.5541;2.002;2.002;285.649;276.0000000000003;;23830.0;;A_VALIDER;"APL;FILOS2023;COG2026;CENTRES"
71137;Cluny;71;4.6653;46.4284;3.525;3.463;5237.837;4980.0;13.0;25610.0;;A_VALIDER;"APL;FILOS2023;COG2026;CENTRES"
71139;Collonge-en-Charollais;71;4.5263;46.6469;0.799;0.799;153.964;150.0;;24400.0;;A_VALIDER;"APL;FILOS2023;COG2026;CENTRES"
71140;Collonge-la-Madeleine;71;4.5271;46.9419;2.017;1.333;40.033;39.0;;;;A_VALIDER;"APL;FILOS2023;COG2026;CENTRES"
71141;Colombier-en-Brionnais;71;4.3314;46.3494;3.009;1.972;317.868;314.0000000000001;;24830.0;;A_VALIDER;"APL;FILOS2023;COG2026;CENTRES"
71142;La Comelle;71;4.1192;46.8771;2.201;2.201;246.86;247.9999999999999;;24480.0;;A_VALIDER;"APL;FILOS2023;COG2026;CENTRES"
71143;Condal;71;5.2857;46.4682;1.43;0.87;474.233;459.9999999999999;;25400.0;;A_VALIDER;"APL;FILOS2023;COG2026;CENTRES"
71144;Cordesse;71;4.3356;47.0455;1.724;1.638;202.148;195.0;;25950.0;;A_VALIDER;"APL;FILOS2023;COG2026;CENTRES"
71145;Cormatin;71;4.6936;46.5352;3.034;3.034;621.609;569.0000000000008;;23330.0;;A_VALIDER;"APL;FILOS2023;COG2026;CENTRES"
71146;Cortambert;71;4.6966;46.469;3.204;3.204;277.602;271.0;;29100.0;;A_VALIDER;"APL;FILOS2023;COG2026;CENTRES"
71147;Cortevaix;71;4.6447;46.5279;3.383;3.383;262.051;249.0000000000004;;24550.0;;A_VALIDER;"APL;FILOS2023;COG2026;CENTRES"
71148;Coublanc;71;4.2759;46.1719;1.634;1.634;888.826;839.0000000000003;;24560.0;;A_VALIDER;"APL;FILOS2023;COG2026;CENTRES"
71149;Couches;71;4.5743;46.8743;2.374;2.374;1343.631;1211.0;;26080.0;;A_VALIDER;"APL;FILOS2023;COG2026;CENTRES"
71150;Crêches-sur-Saône;71;4.788;46.24;4.307;4.124;3271.786;3179.000000000002;11.0;26350.0;;A_VALIDER;"APL;FILOS2023;COG2026;CENTRES"
71151;Créot;71;4.6139;46.9156;4.576;4.233;80.348;80.0;;;;A_VALIDER;"APL;FILOS2023;COG2026;CENTRES"
71152;Cressy-sur-Somme;71;3.8687;46.6997;2.76;0.62;187.516;174.0000000000001;;25230.0;;A_VALIDER;"APL;FILOS2023;COG2026;CENTRES"
71153;Le Creusot;71;4.4257;46.8065;1.847;1.847;21828.722;20536.0;21.0;22690.0;;A_VALIDER;"APL;FILOS2023;COG2026;CENTRES"
71154;Crissey;71;4.8831;46.8179;2.957;2.637;2453.589;2473.000000000005;11.0;27680.0;;A_VALIDER;"APL;FILOS2023;COG2026;CENTRES"
71155;Cronat;71;3.7086;46.7203;1.16;0.945;541.153;510.0000000000014;;21400.0;;A_VALIDER;"APL;FILOS2023;COG2026;CENTRES"
71156;Cruzille;71;4.785;46.5101;2.89;2.89;273.055;263.9999999999998;;26630.0;;A_VALIDER;"APL;FILOS2023;COG2026;CENTRES"
71157;Cuiseaux;71;5.3609;46.503;2.647;1.789;1985.78;1853.000000000001;;24820.0;;A_VALIDER;"APL;FILOS2023;COG2026;CENTRES"
71158;Cuisery;71;4.9943;46.5562;2.288;2.288;1760.456;1580.000000000002;;25570.0;;A_VALIDER;"APL;FILOS2023;COG2026;CENTRES"
71159;Culles-les-Roches;71;4.6511;46.6459;1.953;1.953;208.793;200.0;;26400.0;;A_VALIDER;"APL;FILOS2023;COG2026;CENTRES"
71160;Curbigny;71;4.316;46.3119;2.148;2.082;320.788;306.0000000000005;;27370.0;;A_VALIDER;"APL;FILOS2023;COG2026;CENTRES"
71161;Curdin;71;3.9965;46.5906;1.426;0.953;341.688;337.0000000000002;;26570.0;;A_VALIDER;"APL;FILOS2023;COG2026;CENTRES"
71162;Curgy;71;4.3783;46.9891;2.786;2.272;1142.125;1100.0;;27090.0;;A_VALIDER;"APL;FILOS2023;COG2026;CENTRES"
71163;Curtil-sous-Buffières;71;4.526;46.4025;1.744;1.744;94.879;93.00000000000011;;;;A_VALIDER;"APL;FILOS2023;COG2026;CENTRES"
71164;Curtil-sous-Burnand;71;4.6291;46.5837;2.376;2.376;150.367;139.0;;25990.0;;A_VALIDER;"APL;FILOS2023;COG2026;CENTRES"
71165;Cussy-en-Morvan;71;4.173;47.0955;1.978;1.978;389.029;354.9999999999997;;21970.0;;A_VALIDER;"APL;FILOS2023;COG2026;CENTRES"
71166;Cuzy;71;4.0305;46.7617;5.238;2.306;113.344;110.9999999999999;;23160.0;;A_VALIDER;"APL;FILOS2023;COG2026;CENTRES"
71167;Damerey;71;4.9974;46.8339;1.986;1.907;538.131;548.0000000000008;;26650.0;;A_VALIDER;"APL;FILOS2023;COG2026;CENTRES"
71168;Dampierre-en-Bresse;71;5.2033;46.8285;1.246;1.186;194.271;172.9999999999997;;24120.0;;A_VALIDER;"APL;FILOS2023;COG2026;CENTRES"
71169;Davayé;71;4.7477;46.3037;4.186;3.964;699.947;679.9999999999997;;31120.0;;A_VALIDER;"APL;FILOS2023;COG2026;CENTRES"
71170;Demigny;71;4.8499;46.9137;3.016;2.897;1752.877;1769.0;;27600.0;;A_VALIDER;"APL;FILOS2023;COG2026;CENTRES"
71171;Dennevy;71;4.6407;46.8661;3.08;3.08;299.93;299.0000000000001;;23770.0;;A_VALIDER;"APL;FILOS2023;COG2026;CENTRES"
71172;Dettey;71;4.1967;46.7711;1.748;1.748;91.621;88.0;;;;A_VALIDER;"APL;FILOS2023;COG2026;CENTRES"
71173;Devrouze;71;5.1679;46.7628;1.822;1.645;330.423;328.0;;25690.0;;A_VALIDER;"APL;FILOS2023;COG2026;CENTRES"
71174;Dezize-lès-Maranges;71;4.6613;46.923;3.61;3.61;177.363;164.0;;31130.0;;A_VALIDER;"APL;FILOS2023;COG2026;CENTRES"
71175;Diconne;71;5.1174;46.778;2.058;1.939;379.163;373.0;;24990.0;;A_VALIDER;"APL;FILOS2023;COG2026;CENTRES"
71176;Digoin;71;4.0225;46.4863;2.712;2.434;8075.078;7380.0;21.0;22290.0;;A_VALIDER;"APL;FILOS2023;COG2026;CENTRES"
71177;Dommartin-lès-Cuiseaux;71;5.2874;46.5012;1.742;1.033;829.68;818.9999999999992;;23820.0;;A_VALIDER;"APL;FILOS2023;COG2026;CENTRES"
71178;Dompierre-les-Ormes;71;4.4802;46.3543;1.439;1.127;930.669;882.9999999999989;;24500.0;;A_VALIDER;"APL;FILOS2023;COG2026;CENTRES"
71179;Dompierre-sous-Sanvignes;71;4.2267;46.6648;1.486;1.438;75.609;77.00000000000024;;;;A_VALIDER;"APL;FILOS2023;COG2026;CENTRES"
71181;Donzy-le-Pertuis;71;4.7152;46.4486;3.152;3.152;145.705;147.0;;24530.0;;A_VALIDER;"APL;FILOS2023;COG2026;CENTRES"
71182;Dracy-le-Fort;71;4.7728;46.7981;2.892;2.527;1627.01;1471.0;;36980.0;;A_VALIDER;"APL;FILOS2023;COG2026;CENTRES"
71183;Dracy-lès-Couches;71;4.5629;46.8922;2.565;2.565;160.719;152.0;;28200.0;;A_VALIDER;"APL;FILOS2023;COG2026;CENTRES"
71184;Dracy-Saint-Loup;71;4.3467;47.0121;2.195;2.024;634.498;634.000000000001;;24170.0;;A_VALIDER;"APL;FILOS2023;COG2026;CENTRES"
71185;Dyo;71;4.2836;46.3639;2.449;1.972;336.561;325.0000000000008;;25720.0;;A_VALIDER;"APL;FILOS2023;COG2026;CENTRES"
71186;Écuelles;71;5.0708;46.9516;2.108;2.108;254.655;255.0000000000002;;25010.0;;A_VALIDER;"APL;FILOS2023;COG2026;CENTRES"
71187;Écuisses;71;4.523;46.7556;1.95;1.917;1616.303;1624.0;;25400.0;;A_VALIDER;"APL;FILOS2023;COG2026;CENTRES"
71188;Épertully;71;4.601;46.945;3.954;3.612;66.009;64.00000000000001;;;;A_VALIDER;"APL;FILOS2023;COG2026;CENTRES"
71189;Épervans;71;4.8983;46.7448;2.525;2.385;1638.354;1642.0;;26450.0;;A_VALIDER;"APL;FILOS2023;COG2026;CENTRES"
71190;Épinac;71;4.5128;46.9893;3.724;2.696;2322.87;2150.000000000005;18.0;22850.0;;A_VALIDER;"APL;FILOS2023;COG2026;CENTRES"
71191;Essertenne;71;4.541;46.8092;2.016;2.016;491.016;482.0;;26600.0;;A_VALIDER;"APL;FILOS2023;COG2026;CENTRES"
71192;Étang-sur-Arroux;71;4.1832;46.8622;2.561;2.561;1981.438;1788.0;;24130.0;;A_VALIDER;"APL;FILOS2023;COG2026;CENTRES"
71193;Étrigny;71;4.7918;46.5907;2.245;1.893;486.132;481.0;;25880.0;;A_VALIDER;"APL;FILOS2023;COG2026;CENTRES"
71194;Farges-lès-Chalon;71;4.8081;46.8333;2.664;2.419;828.939;819.0;;28290.0;;A_VALIDER;"APL;FILOS2023;COG2026;CENTRES"
71195;Farges-lès-Mâcon;71;4.9101;46.5126;2.528;2.528;229.067;223.0000000000001;;26140.0;;A_VALIDER;"APL;FILOS2023;COG2026;CENTRES"
71196;Le Fay;71;5.3351;46.6649;3.015;2.791;648.924;621.0000000000002;;23890.0;;A_VALIDER;"APL;FILOS2023;COG2026;CENTRES"
71198;Flacey-en-Bresse;71;5.3789;46.5923;1.665;1.516;427.27;412.0;;22970.0;;A_VALIDER;"APL;FILOS2023;COG2026;CENTRES"
71199;Flagy;71;4.6422;46.4896;3.455;3.455;178.522;173.0;;30910.0;;A_VALIDER;"APL;FILOS2023;COG2026;CENTRES"
71200;Fleury-la-Montagne;71;4.1254;46.1977;2.604;2.604;722.991;721.9999999999992;;25980.0;;A_VALIDER;"APL;FILOS2023;COG2026;CENTRES"
71201;Fley;71;4.6384;46.6762;1.24;1.24;210.081;192.0000000000001;;29320.0;;A_VALIDER;"APL;FILOS2023;COG2026;CENTRES"
71202;Fontaines;71;4.7816;46.8505;3.866;3.516;1886.629;1844.999999999997;;29460.0;;A_VALIDER;"APL;FILOS2023;COG2026;CENTRES"
71203;Fontenay;71;4.2995;46.4779;1.37;1.09;58.537;56.00000000000016;;;;A_VALIDER;"APL;FILOS2023;COG2026;CENTRES"
71204;Fragnes-La Loyère;71;4.8374;46.8404;3.335;3.015;1412.854;1433.999999999998;;28260.0;;A_VALIDER;"APL;FILOS2023;COG2026;CENTRES"
71205;Frangy-en-Bresse;71;5.3377;46.7132;3.727;3.422;724.477;672.0000000000013;;25100.0;;A_VALIDER;"APL;FILOS2023;COG2026;CENTRES"
71206;La Frette;71;5.0504;46.6407;0.8;0.8;262.739;251.0000000000002;;24920.0;;A_VALIDER;"APL;FILOS2023;COG2026;CENTRES"
71207;Fretterans;71;5.2867;46.9244;2.566;2.566;294.685;281.9999999999998;;24330.0;;A_VALIDER;"APL;FILOS2023;COG2026;CENTRES"
71208;Frontenard;71;5.1614;46.9008;2.795;2.795;218.881;203.9999999999999;;23540.0;;A_VALIDER;"APL;FILOS2023;COG2026;CENTRES"
71209;Frontenaud;71;5.2972;46.5506;2.278;1.983;824.9;726.000000000001;;25820.0;;A_VALIDER;"APL;FILOS2023;COG2026;CENTRES"
71210;Fuissé;71;4.7445;46.2783;3.113;2.938;361.255;354.0000000000003;;33520.0;;A_VALIDER;"APL;FILOS2023;COG2026;CENTRES"
71212;Génelard;71;4.2457;46.5774;3.898;3.656;1495.009;1407.0;;23920.0;;A_VALIDER;"APL;FILOS2023;COG2026;CENTRES"
71213;La Genête;71;5.0491;46.5498;1.84;1.84;574.715;566.9999999999994;;23770.0;;A_VALIDER;"APL;FILOS2023;COG2026;CENTRES"
71214;Genouilly;71;4.5662;46.6503;0.74;0.74;430.751;417.9999999999997;;23820.0;;A_VALIDER;"APL;FILOS2023;COG2026;CENTRES"
71215;Gergy;71;4.9159;46.8724;1.924;1.81;2598.767;2569.000000000005;6.0;27460.0;;A_VALIDER;"APL;FILOS2023;COG2026;CENTRES"
71216;Germagny;71;4.5984;46.6733;1.226;1.226;204.102;195.0;;24930.0;;A_VALIDER;"APL;FILOS2023;COG2026;CENTRES"
71217;Germolles-sur-Grosne;71;4.5967;46.2791;3.71;3.412;134.313;130.0000000000002;;24960.0;;A_VALIDER;"APL;FILOS2023;COG2026;CENTRES"
71218;Gibles;71;4.3836;46.3227;2.399;1.708;613.695;569.0000000000009;;23800.0;;A_VALIDER;"APL;FILOS2023;COG2026;CENTRES"
71219;Gigny-sur-Saône;71;4.9354;46.6541;2.393;2.159;593.089;567.9999999999998;;26200.0;;A_VALIDER;"APL;FILOS2023;COG2026;CENTRES"
71220;Gilly-sur-Loire;71;3.7846;46.5462;1.657;1.441;499.757;474.9999999999993;;22690.0;;A_VALIDER;"APL;FILOS2023;COG2026;CENTRES"
71221;Givry;71;4.7505;46.7689;4.126;3.792;3820.652;3623.000000000001;6.0;32810.0;;A_VALIDER;"APL;FILOS2023;COG2026;CENTRES"
71222;Gourdon;71;4.4341;46.6373;1.934;1.744;933.147;891.0000000000002;;30440.0;;A_VALIDER;"APL;FILOS2023;COG2026;CENTRES"
71223;La Grande-Verrière;71;4.1425;46.9699;0.888;0.803;600.404;549.9999999999993;;25740.0;;A_VALIDER;"APL;FILOS2023;COG2026;CENTRES"
71224;Grandvaux;71;4.2693;46.5028;3.639;3.31;91.258;85.99999999999974;;;;A_VALIDER;"APL;FILOS2023;COG2026;CENTRES"
71225;Granges;71;4.7519;46.737;4.031;3.674;547.769;571.9999999999999;;28770.0;;A_VALIDER;"APL;FILOS2023;COG2026;CENTRES"
71226;Grevilly;71;4.8189;46.5142;2.207;2.207;30.097;26.0;;;;A_VALIDER;"APL;FILOS2023;COG2026;CENTRES"
71227;Grury;71;3.9201;46.6675;1.42;0.0;532.434;493.9999999999997;;23630.0;;A_VALIDER;"APL;FILOS2023;COG2026;CENTRES"
71228;Guerfand;71;5.0285;46.7835;2.419;2.392;217.528;226.0;;25180.0;;A_VALIDER;"APL;FILOS2023;COG2026;CENTRES"
71229;Les Guerreaux;71;3.9178;46.5381;1.43;1.43;233.813;227.0000000000001;;25650.0;;A_VALIDER;"APL;FILOS2023;COG2026;CENTRES"
71230;Gueugnon;71;4.0508;46.5923;1.615;1.615;7383.029;6547.0;14.0;23820.0;;A_VALIDER;"APL;FILOS2023;COG2026;CENTRES"
71231;La Guiche;71;4.4379;46.5254;1.425;1.425;742.691;598.0;;26030.0;;A_VALIDER;"APL;FILOS2023;COG2026;CENTRES"
71232;Hautefond;71;4.1719;46.4354;2.495;1.806;211.464;202.0;;27420.0;;A_VALIDER;"APL;FILOS2023;COG2026;CENTRES"
71233;L'Hôpital-le-Mercier;71;4.0099;46.3939;1.989;1.712;308.315;301.0000000000002;;24460.0;;A_VALIDER;"APL;FILOS2023;COG2026;CENTRES"
71234;Huilly-sur-Seille;71;5.0548;46.6041;1.873;1.873;351.408;352.0000000000001;;25870.0;;A_VALIDER;"APL;FILOS2023;COG2026;CENTRES"
71235;Hurigny;71;4.7967;46.3445;2.883;2.785;1975.649;1907.999999999999;;29950.0;;A_VALIDER;"APL;FILOS2023;COG2026;CENTRES"
71236;Igé;71;4.7353;46.4071;2.799;2.681;884.102;889.9999999999997;;27950.0;;A_VALIDER;"APL;FILOS2023;COG2026;CENTRES"
71237;Igornay;71;4.375;47.0567;3.614;3.186;530.526;512.9999999999993;;23190.0;;A_VALIDER;"APL;FILOS2023;COG2026;CENTRES"
71238;Iguerande;71;4.0751;46.2174;2.807;2.807;1021.853;1001.0;;24580.0;;A_VALIDER;"APL;FILOS2023;COG2026;CENTRES"
71239;Issy-l'Évêque;71;4.01;46.7133;4.614;1.239;801.237;689.0000000000008;;23990.0;;A_VALIDER;"APL;FILOS2023;COG2026;CENTRES"
71240;Jalogny;71;4.6349;46.4143;3.308;3.246;393.696;397.9999999999999;;27800.0;;A_VALIDER;"APL;FILOS2023;COG2026;CENTRES"
71241;Jambles;71;4.6724;46.7749;2.821;2.629;517.007;475.0000000000005;;30480.0;;A_VALIDER;"APL;FILOS2023;COG2026;CENTRES"
71242;Joncy;71;4.5489;46.6135;1.006;1.006;550.179;511.0000000000006;;23810.0;;A_VALIDER;"APL;FILOS2023;COG2026;CENTRES"
71243;Joudes;71;5.3381;46.4747;2.129;1.005;381.077;359.0000000000002;;25200.0;;A_VALIDER;"APL;FILOS2023;COG2026;CENTRES"
71244;Jouvençon;71;5.0526;46.5786;1.969;1.969;466.022;454.0;;23980.0;;A_VALIDER;"APL;FILOS2023;COG2026;CENTRES"
71245;Jugy;71;4.8643;46.6053;2.533;2.298;322.876;331.9999999999997;;27610.0;;A_VALIDER;"APL;FILOS2023;COG2026;CENTRES"
71246;Juif;71;5.162;46.6841;2.106;1.929;251.739;246.0000000000002;;24050.0;;A_VALIDER;"APL;FILOS2023;COG2026;CENTRES"
71247;Jully-lès-Buxy;71;4.7291;46.6872;2.319;2.287;379.055;350.9999999999998;;30370.0;;A_VALIDER;"APL;FILOS2023;COG2026;CENTRES"
71248;Lacrost;71;4.9402;46.5723;3.053;2.936;731.824;694.9999999999993;;27540.0;;A_VALIDER;"APL;FILOS2023;COG2026;CENTRES"
71249;Laives;71;4.836;46.6545;2.652;2.299;978.513;963.9999999999998;;29020.0;;A_VALIDER;"APL;FILOS2023;COG2026;CENTRES"
71250;Laizé;71;4.8024;46.3825;3.386;3.306;1116.617;1135.0;;28360.0;;A_VALIDER;"APL;FILOS2023;COG2026;CENTRES"
71251;Laizy;71;4.1849;46.9135;4.158;3.987;614.873;595.0000000000001;;25700.0;;A_VALIDER;"APL;FILOS2023;COG2026;CENTRES"
71252;Lalheue;71;4.7902;46.6511;2.477;2.125;343.714;349.9999999999998;;27470.0;;A_VALIDER;"APL;FILOS2023;COG2026;CENTRES"
71253;Lans;71;4.9343;46.7643;1.742;1.575;949.76;944.9999999999999;;28610.0;;A_VALIDER;"APL;FILOS2023;COG2026;CENTRES"
71254;Lays-sur-le-Doubs;71;5.2405;46.9195;2.844;2.844;174.76;162.0000000000003;;22970.0;;A_VALIDER;"APL;FILOS2023;COG2026;CENTRES"
71255;Lesme;71;3.7197;46.646;1.299;0.651;176.95;173.0;;28210.0;;A_VALIDER;"APL;FILOS2023;COG2026;CENTRES"
71256;Lessard-en-Bresse;71;5.0728;46.7391;2.481;2.278;546.375;562.0;;27200.0;;A_VALIDER;"APL;FILOS2023;COG2026;CENTRES"
71257;Lessard-le-National;71;4.8474;46.8747;2.641;2.451;658.352;662.0000000000007;;28340.0;;A_VALIDER;"APL;FILOS2023;COG2026;CENTRES"
71258;Leynes;71;4.7273;46.2644;2.628;2.533;520.859;506.0000000000009;;29970.0;;A_VALIDER;"APL;FILOS2023;COG2026;CENTRES"
71259;Ligny-en-Brionnais;71;4.2038;46.2407;2.615;2.615;380.433;379.0000000000009;;25930.0;;A_VALIDER;"APL;FILOS2023;COG2026;CENTRES"
71261;Loisy;71;5.008;46.594;1.986;1.986;696.391;686.0;;25920.0;;A_VALIDER;"APL;FILOS2023;COG2026;CENTRES"
71262;Longepierre;71;5.1994;46.9309;1.951;1.951;179.285;161.0;;22970.0;;A_VALIDER;"APL;FILOS2023;COG2026;CENTRES"
71263;Louhans;71;5.2424;46.6344;2.798;2.597;7164.799;6483.000000000003;17.0;23890.0;;A_VALIDER;"APL;FILOS2023;COG2026;CENTRES"
71264;Lournand;71;4.6492;46.4664;3.302;3.302;322.031;319.0;;26920.0;;A_VALIDER;"APL;FILOS2023;COG2026;CENTRES"
71266;Lucenay-l'Évêque;71;4.2614;47.0828;1.253;1.253;342.688;327.0;;23270.0;;A_VALIDER;"APL;FILOS2023;COG2026;CENTRES"
71267;Lugny;71;4.8192;46.4797;2.17;2.17;874.687;847.9999999999994;;26230.0;;A_VALIDER;"APL;FILOS2023;COG2026;CENTRES"
71268;Lugny-lès-Charolles;71;4.202;46.4129;3.37;2.162;317.135;324.0000000000001;;27340.0;;A_VALIDER;"APL;FILOS2023;COG2026;CENTRES"
71269;Lux;71;4.8558;46.7493;5.047;4.567;1889.576;1902.0;;25490.0;;A_VALIDER;"APL;FILOS2023;COG2026;CENTRES"
71270;Mâcon;71;4.8083;46.3265;3.746;3.596;35143.962;34758.99999999999;27.1;21200.0;;A_VALIDER;"APL;FILOS2023;COG2026;CENTRES"
71271;Mailly;71;4.115;46.2304;1.369;1.369;155.549;146.9999999999995;;25260.0;;A_VALIDER;"APL;FILOS2023;COG2026;CENTRES"
71272;Malay;71;4.6855;46.5681;2.329;2.329;236.313;216.0;;27030.0;;A_VALIDER;"APL;FILOS2023;COG2026;CENTRES"
71273;Maltat;71;3.8112;46.6732;0.432;0.0;293.418;279.9999999999998;;24070.0;;A_VALIDER;"APL;FILOS2023;COG2026;CENTRES"
71274;Mancey;71;4.8443;46.5704;3.141;3.024;407.098;389.9999999999999;;27610.0;;A_VALIDER;"APL;FILOS2023;COG2026;CENTRES"
71275;Marcigny;71;4.0437;46.2742;2.122;2.122;2011.668;1711.0;;22850.0;;A_VALIDER;"APL;FILOS2023;COG2026;CENTRES"
71276;Marcilly-la-Gueurce;71;4.3057;46.398;2.248;1.203;145.834;135.0;;24980.0;;A_VALIDER;"APL;FILOS2023;COG2026;CENTRES"
71277;Marcilly-lès-Buxy;71;4.5874;46.7244;1.424;1.424;670.228;682.9999999999997;;27860.0;;A_VALIDER;"APL;FILOS2023;COG2026;CENTRES"
71278;Marigny;71;4.4657;46.6834;2.131;1.94;161.435;163.9999999999999;;29440.0;;A_VALIDER;"APL;FILOS2023;COG2026;CENTRES"
71279;Le Rousset-Marizy;71;4.4339;46.5701;1.751;1.702;638.832;603.0000000000003;;24900.0;;A_VALIDER;"APL;FILOS2023;COG2026;CENTRES"
71280;Marly-sous-Issy;71;3.9327;46.7321;4.614;1.239;88.611;81.9999999999999;;;;A_VALIDER;"APL;FILOS2023;COG2026;CENTRES"
71281;Marly-sur-Arroux;71;4.1328;46.6218;2.397;2.397;316.479;296.9999999999998;;27330.0;;A_VALIDER;"APL;FILOS2023;COG2026;CENTRES"
71282;Marmagne;71;4.3754;46.8449;1.946;1.946;1326.589;1276.0;;25960.0;;A_VALIDER;"APL;FILOS2023;COG2026;CENTRES"
71283;Marnay;71;4.923;46.7;2.294;2.177;554.669;533.9999999999998;;26620.0;;A_VALIDER;"APL;FILOS2023;COG2026;CENTRES"
71284;Martailly-lès-Brancion;71;4.7907;46.5336;2.622;2.504;134.37;124.0;;26630.0;;A_VALIDER;"APL;FILOS2023;COG2026;CENTRES"
71285;Martigny-le-Comte;71;4.3351;46.5365;3.0;2.811;433.458;404.0000000000002;;26270.0;;A_VALIDER;"APL;FILOS2023;COG2026;CENTRES"
71286;Mary;71;4.4984;46.6111;0.987;0.892;286.057;281.9999999999996;;27090.0;;A_VALIDER;"APL;FILOS2023;COG2026;CENTRES"
71287;Massilly;71;4.6699;46.4905;3.836;3.836;333.742;307.9999999999999;;25480.0;;A_VALIDER;"APL;FILOS2023;COG2026;CENTRES"
71289;Matour;71;4.4785;46.3095;1.809;1.809;1203.335;1158.999999999999;;23390.0;;A_VALIDER;"APL;FILOS2023;COG2026;CENTRES"
71290;Mazille;71;4.6032;46.3903;3.055;2.965;475.757;401.0;;26060.0;;A_VALIDER;"APL;FILOS2023;COG2026;CENTRES"
71291;Melay;71;4.0147;46.1994;1.709;1.584;974.905;963.9999999999994;;24840.0;;A_VALIDER;"APL;FILOS2023;COG2026;CENTRES"
71292;Mellecey;71;4.757;46.8076;3.172;2.838;1401.852;1310.999999999998;;31850.0;;A_VALIDER;"APL;FILOS2023;COG2026;CENTRES"
71293;Ménetreuil;71;5.118;46.585;0.963;0.963;422.781;410.0;;25160.0;;A_VALIDER;"APL;FILOS2023;COG2026;CENTRES"
71294;Mercurey;71;4.7279;46.8383;3.618;3.317;1237.903;1217.0;;27880.0;;A_VALIDER;"APL;FILOS2023;COG2026;CENTRES"
71295;Mervans;71;5.1905;46.7884;2.789;2.589;1617.67;1487.999999999999;;23620.0;;A_VALIDER;"APL;FILOS2023;COG2026;CENTRES"
71296;Messey-sur-Grosne;71;4.7533;46.6513;2.498;2.263;726.832;741.999999999999;;27930.0;;A_VALIDER;"APL;FILOS2023;COG2026;CENTRES"
71297;Mesvres;71;4.2511;46.8752;3.449;3.364;796.74;743.999999999999;;24670.0;;A_VALIDER;"APL;FILOS2023;COG2026;CENTRES"
71299;Milly-Lamartine;71;4.6972;46.3501;1.965;1.814;345.63;339.0000000000001;;28850.0;;A_VALIDER;"APL;FILOS2023;COG2026;CENTRES"
71300;Le Miroir;71;5.3331;46.5481;2.262;1.67;603.337;592.9999999999995;;25130.0;;A_VALIDER;"APL;FILOS2023;COG2026;CENTRES"
71301;Mont;71;3.8283;46.6338;0.647;0.0;167.935;167.9999999999999;;25760.0;;A_VALIDER;"APL;FILOS2023;COG2026;CENTRES"
71302;Montagny-lès-Buxy;71;4.6706;46.706;2.112;2.08;209.551;203.0000000000005;;29220.0;;A_VALIDER;"APL;FILOS2023;COG2026;CENTRES"
71303;Montagny-près-Louhans;71;5.2837;46.655;3.126;2.843;496.251;496.0000000000009;;24670.0;;A_VALIDER;"APL;FILOS2023;COG2026;CENTRES"
71305;Montbellet;71;4.8778;46.4715;2.845;2.845;856.851;864.0;;26770.0;;A_VALIDER;"APL;FILOS2023;COG2026;CENTRES"
71306;Montceau-les-Mines;71;4.3547;46.6753;2.654;2.27;18145.849;16946.0;24.0;21350.0;;A_VALIDER;"APL;FILOS2023;COG2026;CENTRES"
71307;Montceaux-l'Étoile;71;4.0619;46.3538;1.698;1.559;296.499;297.0000000000001;;25670.0;;A_VALIDER;"APL;FILOS2023;COG2026;CENTRES"
71308;Montceaux-Ragny;71;4.8415;46.6198;2.533;2.298;32.894;31.0;;;;A_VALIDER;"APL;FILOS2023;COG2026;CENTRES"
71309;Montcenis;71;4.3908;46.787;1.692;1.692;2117.987;1864.0;;26740.0;;A_VALIDER;"APL;FILOS2023;COG2026;CENTRES"
71310;Montchanin;71;4.4755;46.7454;1.839;1.839;5210.724;4981.999999999997;17.0;23500.0;;A_VALIDER;"APL;FILOS2023;COG2026;CENTRES"
71311;Montcony;71;5.2962;46.6968;3.189;2.883;268.472;250.9999999999998;;24070.0;;A_VALIDER;"APL;FILOS2023;COG2026;CENTRES"
71312;Montcoy;71;4.9982;46.7987;1.959;1.88;237.633;240.9999999999999;;28070.0;;A_VALIDER;"APL;FILOS2023;COG2026;CENTRES"
71313;Monthelon;71;4.2224;46.9596;3.339;3.083;375.284;375.0000000000002;;25950.0;;A_VALIDER;"APL;FILOS2023;COG2026;CENTRES"
71314;Montjay;71;5.3;46.8062;1.709;1.649;221.282;198.9999999999999;;25820.0;;A_VALIDER;"APL;FILOS2023;COG2026;CENTRES"
71315;Mont-lès-Seurre;71;5.1303;46.9494;2.607;2.607;186.616;188.0000000000002;;24960.0;;A_VALIDER;"APL;FILOS2023;COG2026;CENTRES"
71316;Montmelard;71;4.4112;46.3425;1.726;1.414;362.335;356.0000000000004;;24440.0;;A_VALIDER;"APL;FILOS2023;COG2026;CENTRES"
71317;Montmort;71;4.095;46.741;2.964;1.514;188.684;186.0;;22880.0;;A_VALIDER;"APL;FILOS2023;COG2026;CENTRES"
71318;Montpont-en-Bresse;71;5.174;46.5417;1.909;1.909;1166.65;1087.000000000002;;24250.0;;A_VALIDER;"APL;FILOS2023;COG2026;CENTRES"
71319;Montret;71;5.1169;46.6825;2.631;2.512;764.328;763.0000000000007;;23280.0;;A_VALIDER;"APL;FILOS2023;COG2026;CENTRES"
71320;Mont-Saint-Vincent;71;4.4956;46.6418;1.263;1.168;370.171;309.9999999999999;;30250.0;;A_VALIDER;"APL;FILOS2023;COG2026;CENTRES"
71321;Morey;71;4.5905;46.7906;1.187;1.148;195.629;191.0;;26660.0;;A_VALIDER;"APL;FILOS2023;COG2026;CENTRES"
71322;Morlet;71;4.5052;46.9539;3.538;2.511;64.277;58.99999999999996;;;;A_VALIDER;"APL;FILOS2023;COG2026;CENTRES"
71323;Mornay;71;4.3805;46.4987;1.931;1.791;152.818;142.0000000000001;;24830.0;;A_VALIDER;"APL;FILOS2023;COG2026;CENTRES"
71324;Moroges;71;4.6724;46.7509;3.872;3.633;603.049;595.0000000000011;;27900.0;;A_VALIDER;"APL;FILOS2023;COG2026;CENTRES"
71325;La Motte-Saint-Jean;71;3.9548;46.5217;2.429;2.29;1203.004;1186.000000000001;;26030.0;;A_VALIDER;"APL;FILOS2023;COG2026;CENTRES"
71326;Mouthier-en-Bresse;71;5.3732;46.8604;2.564;2.482;467.436;428.0000000000003;;25410.0;;A_VALIDER;"APL;FILOS2023;COG2026;CENTRES"
71327;Mussy-sous-Dun;71;4.335;46.238;1.265;1.265;346.19;330.0000000000004;;25160.0;;A_VALIDER;"APL;FILOS2023;COG2026;CENTRES"
71328;Nanton;71;4.8117;46.6187;2.44;2.087;650.841;654.0;;25810.0;;A_VALIDER;"APL;FILOS2023;COG2026;CENTRES"
71329;Navilly;71;5.1458;46.9249;2.379;2.379;421.813;405.0000000000009;;24030.0;;A_VALIDER;"APL;FILOS2023;COG2026;CENTRES"
71330;Neuvy-Grandchamp;71;3.9333;46.6003;0.851;0.635;790.383;751.9999999999998;;25650.0;;A_VALIDER;"APL;FILOS2023;COG2026;CENTRES"
71331;Nochize;71;4.1649;46.401;1.497;0.946;103.856;101.0;;;;A_VALIDER;"APL;FILOS2023;COG2026;CENTRES"
71332;Ormes;71;4.9668;46.6334;1.768;1.768;503.833;492.9999999999999;;26020.0;;A_VALIDER;"APL;FILOS2023;COG2026;CENTRES"
71333;Oslon;71;4.9397;46.7769;2.213;2.046;1245.905;1220.999999999999;;27780.0;;A_VALIDER;"APL;FILOS2023;COG2026;CENTRES"
71334;Oudry;71;4.1677;46.5817;2.978;2.929;379.902;383.9999999999993;;26260.0;;A_VALIDER;"APL;FILOS2023;COG2026;CENTRES"
71335;Ouroux-sous-le-Bois-Sainte-Marie;71;4.3094;46.364;1.485;0.901;70.546;65.99999999999996;;;;A_VALIDER;"APL;FILOS2023;COG2026;CENTRES"
71336;Ouroux-sur-Saône;71;4.9505;46.7249;2.372;2.345;3210.764;3183.0;7.0;27070.0;;A_VALIDER;"APL;FILOS2023;COG2026;CENTRES"
71337;Oyé;71;4.1952;46.3304;1.709;1.511;301.854;290.0000000000003;;26350.0;;A_VALIDER;"APL;FILOS2023;COG2026;CENTRES"
71338;Ozenay;71;4.8429;46.5339;2.528;2.528;259.142;231.0;;27300.0;;A_VALIDER;"APL;FILOS2023;COG2026;CENTRES"
71339;Ozolles;71;4.3622;46.3815;2.895;1.677;399.544;370.9999999999999;;24790.0;;A_VALIDER;"APL;FILOS2023;COG2026;CENTRES"
71340;Palinges;71;4.2028;46.5478;3.362;3.124;1470.599;1413.0;;24580.0;;A_VALIDER;"APL;FILOS2023;COG2026;CENTRES"
71341;Palleau;71;5.031;46.9623;1.326;1.326;241.81;254.0000000000002;;25350.0;;A_VALIDER;"APL;FILOS2023;COG2026;CENTRES"
71342;Paray-le-Monial;71;4.1115;46.4429;2.821;2.265;10267.891;9256.000000000005;16.0;23950.0;;A_VALIDER;"APL;FILOS2023;COG2026;CENTRES"
71343;Paris-l'Hôpital;71;4.6401;46.9126;4.908;4.565;291.718;287.0;;27350.0;;A_VALIDER;"APL;FILOS2023;COG2026;CENTRES"
71344;Passy;71;4.5344;46.5402;1.96;1.96;71.651;70.0;;;;A_VALIDER;"APL;FILOS2023;COG2026;CENTRES"
71345;Péronne;71;4.801;46.4412;2.86;2.831;655.29;666.0;;27980.0;;A_VALIDER;"APL;FILOS2023;COG2026;CENTRES"
71346;Perrecy-les-Forges;71;4.2308;46.6176;3.55;3.308;1639.264;1545.999999999998;;23970.0;;A_VALIDER;"APL;FILOS2023;COG2026;CENTRES"
71347;Perreuil;71;4.5687;46.8219;1.891;1.891;532.111;564.9999999999998;;25530.0;;A_VALIDER;"APL;FILOS2023;COG2026;CENTRES"
71348;Perrigny-sur-Loire;71;3.8505;46.5432;1.489;1.273;145.045;140.0;;22500.0;;A_VALIDER;"APL;FILOS2023;COG2026;CENTRES"
71349;La Petite-Verrière;71;4.1681;47.0454;0.571;0.571;52.929;48.00000000000015;;;;A_VALIDER;"APL;FILOS2023;COG2026;CENTRES"
71350;Pierreclos;71;4.6726;46.3345;2.86;2.708;857.186;850.9999999999998;;29020.0;;A_VALIDER;"APL;FILOS2023;COG2026;CENTRES"
71351;Pierre-de-Bresse;71;5.2585;46.8851;2.652;2.652;2180.383;1944.999999999999;;23400.0;;A_VALIDER;"APL;FILOS2023;COG2026;CENTRES"
71352;Le Planois;71;5.3206;46.7912;1.876;1.629;97.003;86.99999999999999;;25400.0;;A_VALIDER;"APL;FILOS2023;COG2026;CENTRES"
71353;Plottes;71;4.8862;46.5351;3.143;3.143;569.656;554.0;;25550.0;;A_VALIDER;"APL;FILOS2023;COG2026;CENTRES"
71354;Poisson;71;4.1348;46.3864;1.174;0.69;579.562;558.9999999999997;;25790.0;;A_VALIDER;"APL;FILOS2023;COG2026;CENTRES"
71355;Pontoux;71;5.1206;46.9115;1.917;1.917;270.321;275.9999999999998;;26660.0;;A_VALIDER;"APL;FILOS2023;COG2026;CENTRES"
71356;Pouilloux;71;4.3558;46.6016;2.816;2.479;943.55;954.999999999999;;25910.0;;A_VALIDER;"APL;FILOS2023;COG2026;CENTRES"
71357;Pourlans;71;5.2364;46.9603;3.546;3.546;228.097;219.9999999999993;;23630.0;;A_VALIDER;"APL;FILOS2023;COG2026;CENTRES"
71358;Pressy-sous-Dondin;71;4.5036;46.4783;2.689;2.689;116.279;103.0;;;;A_VALIDER;"APL;FILOS2023;COG2026;CENTRES"
71359;Préty;71;4.9544;46.5402;2.803;2.803;617.265;583.0000000000014;;28100.0;;A_VALIDER;"APL;FILOS2023;COG2026;CENTRES"
71360;Prissé;71;4.749;46.3262;3.816;3.613;1887.644;1864.999999999998;;28110.0;;A_VALIDER;"APL;FILOS2023;COG2026;CENTRES"
71361;Prizy;71;4.2163;46.3526;2.12;1.643;64.085;56.0;;;;A_VALIDER;"APL;FILOS2023;COG2026;CENTRES"
71362;Pruzilly;71;4.698;46.26;1.819;1.785;311.859;330.0000000000005;;29220.0;;A_VALIDER;"APL;FILOS2023;COG2026;CENTRES"
71363;Le Puley;71;4.5641;46.6789;0.972;0.972;83.976;79.99999999999997;;;;A_VALIDER;"APL;FILOS2023;COG2026;CENTRES"
71364;La Racineuse;71;5.1627;46.8329;1.75;1.691;178.723;171.9999999999998;;24210.0;;A_VALIDER;"APL;FILOS2023;COG2026;CENTRES"
71365;Rancy;71;5.0837;46.6009;0.963;0.963;619.431;612.0000000000003;;23340.0;;A_VALIDER;"APL;FILOS2023;COG2026;CENTRES"
71366;Ratenelle;71;5.0003;46.5247;2.728;2.728;381.333;369.0000000000001;;26350.0;;A_VALIDER;"APL;FILOS2023;COG2026;CENTRES"
71367;Ratte;71;5.3061;46.6398;2.655;2.513;392.095;370.9999999999995;;24850.0;;A_VALIDER;"APL;FILOS2023;COG2026;CENTRES"
71368;Reclesne;71;4.2848;47.0483;3.03;2.859;302.813;287.0000000000001;;27900.0;;A_VALIDER;"APL;FILOS2023;COG2026;CENTRES"
71369;Remigny;71;4.7237;46.9102;4.031;4.031;418.078;411.0;;29560.0;;A_VALIDER;"APL;FILOS2023;COG2026;CENTRES"
71370;Rigny-sur-Arroux;71;4.0163;46.5437;2.065;2.065;638.938;616.0;;24570.0;;A_VALIDER;"APL;FILOS2023;COG2026;CENTRES"
71371;La Roche-Vineuse;71;4.7488;46.3504;3.374;3.17;1674.355;1571.0;;30210.0;;A_VALIDER;"APL;FILOS2023;COG2026;CENTRES"
71372;Romanèche-Thorins;71;4.7478;46.192;2.41;2.326;2031.99;2002.0;;25950.0;;A_VALIDER;"APL;FILOS2023;COG2026;CENTRES"
71373;Romenay;71;5.0886;46.5152;2.318;2.318;1904.736;1740.0;;23930.0;;A_VALIDER;"APL;FILOS2023;COG2026;CENTRES"
71374;Rosey;71;4.7191;46.7408;3.792;3.553;168.754;160.0;;31120.0;;A_VALIDER;"APL;FILOS2023;COG2026;CENTRES"
71376;Roussillon-en-Morvan;71;4.0998;47.0213;0.0;0.0;306.02;273.9999999999999;;21810.0;;A_VALIDER;"APL;FILOS2023;COG2026;CENTRES"
71377;Royer;71;4.8234;46.5566;2.821;2.703;144.101;138.0;;27850.0;;A_VALIDER;"APL;FILOS2023;COG2026;CENTRES"
71378;Rully;71;4.7601;46.871;2.675;2.548;1594.357;1580.999999999999;;29460.0;;A_VALIDER;"APL;FILOS2023;COG2026;CENTRES"
71379;Sagy;71;5.3239;46.5939;1.937;1.788;1319.125;1250.0;;24220.0;;A_VALIDER;"APL;FILOS2023;COG2026;CENTRES"
71380;Saillenard;71;5.3701;46.6966;3.408;3.162;844.631;809.9999999999998;;25480.0;;A_VALIDER;"APL;FILOS2023;COG2026;CENTRES"
71381;Sailly;71;4.5628;46.5316;2.344;2.344;70.162;69.99999999999999;;;;A_VALIDER;"APL;FILOS2023;COG2026;CENTRES"
71382;Saint-Agnan;71;3.8909;46.5156;1.43;1.43;727.004;689.9999999999997;;23830.0;;A_VALIDER;"APL;FILOS2023;COG2026;CENTRES"
71383;Saint-Albain;71;4.8645;46.4251;3.85;3.831;537.387;548.000000000001;;26270.0;;A_VALIDER;"APL;FILOS2023;COG2026;CENTRES"
71384;Saint-Ambreuil;71;4.82;46.6792;2.129;1.894;571.077;525.0;;28110.0;;A_VALIDER;"APL;FILOS2023;COG2026;CENTRES"
71385;Saint-Amour-Bellevue;71;4.735;46.2392;3.236;3.106;597.267;590.0000000000001;;30580.0;;A_VALIDER;"APL;FILOS2023;COG2026;CENTRES"
71386;Saint-André-en-Bresse;71;5.0837;46.6501;2.284;2.225;128.38;129.0;;18890.0;;A_VALIDER;"APL;FILOS2023;COG2026;CENTRES"
71387;Saint-André-le-Désert;71;4.5285;46.5021;3.473;3.473;260.315;244.9999999999999;;24740.0;;A_VALIDER;"APL;FILOS2023;COG2026;CENTRES"
71388;Saint-Aubin-en-Charollais;71;4.2099;46.5013;3.873;3.454;486.583;493.0000000000001;;24840.0;;A_VALIDER;"APL;FILOS2023;COG2026;CENTRES"
71389;Saint-Aubin-sur-Loire;71;3.7647;46.5678;2.089;1.441;286.776;267.0;;24900.0;;A_VALIDER;"APL;FILOS2023;COG2026;CENTRES"
71390;Saint-Berain-sous-Sanvignes;71;4.2884;46.722;2.038;1.799;1114.181;1105.999999999999;;26160.0;;A_VALIDER;"APL;FILOS2023;COG2026;CENTRES"
71391;Saint-Bérain-sur-Dheune;71;4.6167;46.819;1.762;1.722;539.071;542.0000000000003;;24810.0;;A_VALIDER;"APL;FILOS2023;COG2026;CENTRES"
71392;Saint-Boil;71;4.7007;46.6426;2.635;2.518;492.559;491.9999999999994;;27610.0;;A_VALIDER;"APL;FILOS2023;COG2026;CENTRES"
71393;Saint-Bonnet-de-Cray;71;4.1636;46.2011;2.0;2.0;506.574;508.0000000000004;;27560.0;;A_VALIDER;"APL;FILOS2023;COG2026;CENTRES"
71394;Saint-Bonnet-de-Joux;71;4.4371;46.4798;2.36;2.22;903.434;797.0000000000003;;24290.0;;A_VALIDER;"APL;FILOS2023;COG2026;CENTRES"
71395;Saint-Bonnet-de-Vieille-Vigne;71;4.2682;46.5303;3.639;3.31;220.665;216.9999999999995;;25880.0;;A_VALIDER;"APL;FILOS2023;COG2026;CENTRES"
71396;Saint-Bonnet-en-Bresse;71;5.1806;46.8578;1.755;1.695;520.187;488.9999999999998;;22420.0;;A_VALIDER;"APL;FILOS2023;COG2026;CENTRES"
71397;Sainte-Cécile;71;4.6297;46.3846;3.949;3.859;283.239;281.9999999999998;;27280.0;;A_VALIDER;"APL;FILOS2023;COG2026;CENTRES"
71398;Saint-Christophe-en-Bresse;71;4.9928;46.7465;1.965;1.939;1030.098;1053.999999999999;;26640.0;;A_VALIDER;"APL;FILOS2023;COG2026;CENTRES"
71399;Saint-Christophe-en-Brionnais;71;4.1941;46.2838;2.355;2.29;542.675;512.9999999999999;;25400.0;;A_VALIDER;"APL;FILOS2023;COG2026;CENTRES"
71400;Saint-Clément-sur-Guye;71;4.5877;46.6189;0.381;0.381;150.876;139.0;;27610.0;;A_VALIDER;"APL;FILOS2023;COG2026;CENTRES"
71401;Sainte-Croix-en-Bresse;71;5.2389;46.563;2.317;2.168;685.85;657.0;;23590.0;;A_VALIDER;"APL;FILOS2023;COG2026;CENTRES"
71402;Saint-Cyr;71;4.9031;46.6797;2.425;2.19;739.918;765.0000000000014;;28120.0;;A_VALIDER;"APL;FILOS2023;COG2026;CENTRES"
71403;Saint-Denis-de-Vaux;71;4.7007;46.793;1.719;1.506;270.805;275.0;;29880.0;;A_VALIDER;"APL;FILOS2023;COG2026;CENTRES"
71404;Saint-Désert;71;4.715;46.7569;4.116;3.81;919.608;898.000000000002;;30030.0;;A_VALIDER;"APL;FILOS2023;COG2026;CENTRES"
71405;Saint-Didier-en-Bresse;71;5.1056;46.8509;1.678;1.678;181.428;183.0;;27520.0;;A_VALIDER;"APL;FILOS2023;COG2026;CENTRES"
71406;Saint-Didier-en-Brionnais;71;4.1253;46.3389;1.717;1.585;142.018;122.0000000000003;;27120.0;;A_VALIDER;"APL;FILOS2023;COG2026;CENTRES"
71407;Saint-Didier-sur-Arroux;71;4.1023;46.8346;3.124;2.147;246.487;222.9999999999999;;23540.0;;A_VALIDER;"APL;FILOS2023;COG2026;CENTRES"
71408;Saint-Edmond;71;4.2104;46.203;2.996;2.996;413.055;425.9999999999997;;24350.0;;A_VALIDER;"APL;FILOS2023;COG2026;CENTRES"
71409;Saint-Émiland;71;4.474;46.8958;3.129;2.444;312.626;307.0;;23120.0;;A_VALIDER;"APL;FILOS2023;COG2026;CENTRES"
71410;Saint-Étienne-en-Bresse;71;5.066;46.7068;1.623;1.564;788.626;806.0000000000003;;24560.0;;A_VALIDER;"APL;FILOS2023;COG2026;CENTRES"
71411;Saint-Eugène;71;4.2238;46.7351;1.379;1.379;155.981;149.9999999999995;;28140.0;;A_VALIDER;"APL;FILOS2023;COG2026;CENTRES"
71412;Saint-Eusèbe;71;4.4555;46.7242;1.525;1.525;1176.255;1175.000000000003;;28380.0;;A_VALIDER;"APL;FILOS2023;COG2026;CENTRES"
71413;Saint-Firmin;71;4.4675;46.848;1.679;1.679;812.75;784.9999999999982;;27350.0;;A_VALIDER;"APL;FILOS2023;COG2026;CENTRES"
71414;Saint-Forgeot;71;4.2872;47;3.501;3.245;471.242;433.9999999999993;;25000.0;;A_VALIDER;"APL;FILOS2023;COG2026;CENTRES"
71415;Sainte-Foy;71;4.1337;46.2784;2.363;2.363;153.405;143.0;;24120.0;;A_VALIDER;"APL;FILOS2023;COG2026;CENTRES"
71416;Saint-Gengoux-de-Scissé;71;4.7714;46.4631;2.347;2.319;606.65;592.9999999999984;;27340.0;;A_VALIDER;"APL;FILOS2023;COG2026;CENTRES"
71417;Saint-Gengoux-le-National;71;4.6654;46.6092;2.134;2.134;1195.122;1046.999999999999;;24510.0;;A_VALIDER;"APL;FILOS2023;COG2026;CENTRES"
71419;Saint-Germain-du-Bois;71;5.2412;46.7383;3.988;3.646;2213.1;1947.0;;24330.0;;A_VALIDER;"APL;FILOS2023;COG2026;CENTRES"
71420;Saint-Germain-du-Plain;71;4.9904;46.6885;2.479;2.479;2481.735;2346.000000000001;8.0;26590.0;;A_VALIDER;"APL;FILOS2023;COG2026;CENTRES"
71421;Saint-Germain-en-Brionnais;71;4.247;46.3465;2.449;1.972;187.414;176.9999999999999;;24880.0;;A_VALIDER;"APL;FILOS2023;COG2026;CENTRES"
71422;Saint-Germain-lès-Buxy;71;4.7757;46.6968;3.425;2.983;258.122;263.0;;31560.0;;A_VALIDER;"APL;FILOS2023;COG2026;CENTRES"
71423;Saint-Gervais-en-Vallière;71;4.9674;46.9451;0.873;0.873;461.752;440.0000000000003;;26260.0;;A_VALIDER;"APL;FILOS2023;COG2026;CENTRES"
71424;Saint-Gervais-sur-Couches;71;4.5631;46.9216;3.954;3.612;212.345;209.0000000000004;;25590.0;;A_VALIDER;"APL;FILOS2023;COG2026;CENTRES"
71425;Saint-Gilles;71;4.6646;46.8772;3.628;3.628;298.21;281.0000000000003;;26840.0;;A_VALIDER;"APL;FILOS2023;COG2026;CENTRES"
71426;Sainte-Hélène;71;4.6324;46.7564;2.342;2.238;542.115;510.0;;26710.0;;A_VALIDER;"APL;FILOS2023;COG2026;CENTRES"
71427;Saint-Huruge;71;4.5774;46.5781;1.249;1.249;61.162;52.0;;;;A_VALIDER;"APL;FILOS2023;COG2026;CENTRES"
71428;Saint-Igny-de-Roche;71;4.303;46.1878;2.791;2.791;748.288;776.0000000000007;;23700.0;;A_VALIDER;"APL;FILOS2023;COG2026;CENTRES"
71430;Saint-Jean-de-Vaux;71;4.6963;46.807;2.785;2.483;377.53;389.0000000000002;;26950.0;;A_VALIDER;"APL;FILOS2023;COG2026;CENTRES"
71431;Saint-Jean-de-Trézy;71;4.5842;46.8423;1.762;1.722;368.152;376.9999999999999;;28130.0;;A_VALIDER;"APL;FILOS2023;COG2026;CENTRES"
71433;Saint-Julien-de-Civry;71;4.2237;46.3714;2.12;1.643;510.66;468.0000000000012;;25610.0;;A_VALIDER;"APL;FILOS2023;COG2026;CENTRES"
71434;Saint-Julien-de-Jonzy;71;4.1407;46.2483;2.778;2.778;360.571;337.0;;26940.0;;A_VALIDER;"APL;FILOS2023;COG2026;CENTRES"
71435;Saint-Julien-sur-Dheune;71;4.5477;46.7727;1.418;1.418;238.38;230.0000000000002;;28360.0;;A_VALIDER;"APL;FILOS2023;COG2026;CENTRES"
71436;Saint-Laurent-d'Andenay;71;4.5117;46.7289;2.04;2.008;966.632;965.9999999999998;;25310.0;;A_VALIDER;"APL;FILOS2023;COG2026;CENTRES"
71437;Saint-Laurent-en-Brionnais;71;4.2573;46.2672;2.148;2.082;343.866;324.9999999999994;;27480.0;;A_VALIDER;"APL;FILOS2023;COG2026;CENTRES"
71438;Saint-Léger-du-Bois;71;4.4306;47.0218;2.899;2.214;536.985;510.9999999999992;;23420.0;;A_VALIDER;"APL;FILOS2023;COG2026;CENTRES"
71439;Saint-Léger-lès-Paray;71;4.1152;46.4853;2.28;1.864;764.299;758.9999999999995;;27000.0;;A_VALIDER;"APL;FILOS2023;COG2026;CENTRES"
71440;Saint-Léger-sous-Beuvray;71;4.0928;46.919;0.673;0.673;410.295;371.0000000000001;;22300.0;;A_VALIDER;"APL;FILOS2023;COG2026;CENTRES"
71441;Saint-Léger-sous-la-Bussière;71;4.558;46.3127;4.249;3.95;287.484;287.0000000000001;;22940.0;;A_VALIDER;"APL;FILOS2023;COG2026;CENTRES"
71442;Saint-Léger-sur-Dheune;71;4.6395;46.8372;2.897;2.858;1593.215;1553.999999999999;;24830.0;;A_VALIDER;"APL;FILOS2023;COG2026;CENTRES"
71443;Saint-Loup-Géanges;71;4.9092;46.9374;3.431;3.193;1596.349;1643.000000000001;;28960.0;;A_VALIDER;"APL;FILOS2023;COG2026;CENTRES"
71444;Saint-Loup-de-Varennes;71;4.8529;46.7226;3.45;3.053;1244.378;1249.0;;27570.0;;A_VALIDER;"APL;FILOS2023;COG2026;CENTRES"
71445;Saint-Marcel;71;4.8882;46.7739;3.348;3.047;6378.521;6211.0;12.0;25000.0;;A_VALIDER;"APL;FILOS2023;COG2026;CENTRES"
71446;Saint-Marcelin-de-Cray;71;4.5194;46.5701;2.146;2.146;204.733;196.0000000000006;;25930.0;;A_VALIDER;"APL;FILOS2023;COG2026;CENTRES"
71447;Saint-Mard-de-Vaux;71;4.6695;46.8144;1.634;1.435;273.138;266.9999999999998;;28740.0;;A_VALIDER;"APL;FILOS2023;COG2026;CENTRES"
71448;Saint-Martin-Belle-Roche;71;4.8569;46.3806;3.852;3.72;1416.961;1387.999999999998;;27780.0;;A_VALIDER;"APL;FILOS2023;COG2026;CENTRES"
71449;Saint-Martin-d'Auxy;71;4.5503;46.7224;1.557;1.525;139.906;145.9999999999999;;29570.0;;A_VALIDER;"APL;FILOS2023;COG2026;CENTRES"
71450;Saint-Martin-de-Commune;71;4.5184;46.898;3.334;2.649;103.594;100.0;;;;A_VALIDER;"APL;FILOS2023;COG2026;CENTRES"
71451;Saint-Martin-de-Lixy;71;4.2379;46.1956;2.795;2.795;92.27;91.9999999999998;;;;A_VALIDER;"APL;FILOS2023;COG2026;CENTRES"
71452;Saint-Martin-de-Salencey;71;4.4976;46.5194;2.083;2.083;116.536;114.0;;;;A_VALIDER;"APL;FILOS2023;COG2026;CENTRES"
71453;Saint-Martin-du-Lac;71;4.0591;46.2462;2.166;2.166;250.693;240.9999999999997;;27720.0;;A_VALIDER;"APL;FILOS2023;COG2026;CENTRES"
71454;Saint-Martin-du-Mont;71;5.297;46.6166;2.28;2.131;176.082;174.9999999999999;;23850.0;;A_VALIDER;"APL;FILOS2023;COG2026;CENTRES"
71455;Saint-Martin-du-Tartre;71;4.6078;46.651;0.613;0.613;158.267;150.0;;27260.0;;A_VALIDER;"APL;FILOS2023;COG2026;CENTRES"
71456;Saint-Martin-en-Bresse;71;5.0571;46.8004;2.346;2.293;1913.322;1902.0;;26690.0;;A_VALIDER;"APL;FILOS2023;COG2026;CENTRES"
71457;Saint-Martin-en-Gâtinois;71;5.0038;46.9439;1.576;1.576;125.902;120.0000000000003;;28830.0;;A_VALIDER;"APL;FILOS2023;COG2026;CENTRES"
71458;Saint-Martin-la-Patrouille;71;4.5423;46.5821;1.859;1.859;69.291;65.00000000000003;;;;A_VALIDER;"APL;FILOS2023;COG2026;CENTRES"
71459;Saint-Martin-sous-Montaigu;71;4.7084;46.8092;2.978;2.677;357.452;328.0000000000006;;32260.0;;A_VALIDER;"APL;FILOS2023;COG2026;CENTRES"
71460;Saint-Maurice-de-Satonnay;71;4.7817;46.4058;3.251;3.205;483.415;484.0000000000004;;30320.0;;A_VALIDER;"APL;FILOS2023;COG2026;CENTRES"
71461;Saint-Maurice-des-Champs;71;4.6256;46.6224;0.76;0.76;64.764;64.99999999999977;;;;A_VALIDER;"APL;FILOS2023;COG2026;CENTRES"
71462;Saint-Maurice-en-Rivière;71;5.0212;46.8485;1.764;1.711;511.605;523.0;;25450.0;;A_VALIDER;"APL;FILOS2023;COG2026;CENTRES"
71463;Saint-Maurice-lès-Châteauneuf;71;4.251;46.2268;3.466;3.466;640.675;594.9999999999999;;25450.0;;A_VALIDER;"APL;FILOS2023;COG2026;CENTRES"
71464;Saint-Maurice-lès-Couches;71;4.6011;46.8778;3.226;3.226;178.369;177.0;;28280.0;;A_VALIDER;"APL;FILOS2023;COG2026;CENTRES"
71465;Saint-Micaud;71;4.5246;46.6924;0.359;0.359;268.77;274.0;;27060.0;;A_VALIDER;"APL;FILOS2023;COG2026;CENTRES"
71466;Saint-Nizier-sur-Arroux;71;4.1559;46.8168;1.974;1.974;134.575;123.0;;23900.0;;A_VALIDER;"APL;FILOS2023;COG2026;CENTRES"
71468;Saint-Pierre-de-Varennes;71;4.5123;46.8422;2.125;2.125;855.357;837.0000000000003;;27850.0;;A_VALIDER;"APL;FILOS2023;COG2026;CENTRES"
71469;Saint-Pierre-le-Vieux;71;4.5232;46.2888;3.63;3.033;384.096;378.0;;25130.0;;A_VALIDER;"APL;FILOS2023;COG2026;CENTRES"
71470;Saint-Point;71;4.6205;46.3362;3.465;3.436;366.061;362.0;;26810.0;;A_VALIDER;"APL;FILOS2023;COG2026;CENTRES"
71471;Saint-Privé;71;4.5793;46.6996;1.471;1.471;103.485;99.0;;;;A_VALIDER;"APL;FILOS2023;COG2026;CENTRES"
71472;Saint-Prix;71;4.0486;46.9703;0.0;0.0;220.846;201.0000000000001;;25440.0;;A_VALIDER;"APL;FILOS2023;COG2026;CENTRES"
71473;Saint-Racho;71;4.3702;46.2632;1.333;1.333;167.07;150.0;;24280.0;;A_VALIDER;"APL;FILOS2023;COG2026;CENTRES"
71474;Sainte-Radegonde;71;4.0792;46.6935;1.841;0.894;164.846;149.0;;22950.0;;A_VALIDER;"APL;FILOS2023;COG2026;CENTRES"
71475;Saint-Rémy;71;4.8234;46.7583;4.624;4.261;6842.733;6476.000000000003;11.0;26240.0;;A_VALIDER;"APL;FILOS2023;COG2026;CENTRES"
71477;Saint-Romain-sous-Gourdon;71;4.4162;46.6222;2.115;1.827;473.8;480.0000000000001;;26720.0;;A_VALIDER;"APL;FILOS2023;COG2026;CENTRES"
71478;Saint-Romain-sous-Versigny;71;4.1844;46.652;2.112;2.015;80.839;78.0;;;;A_VALIDER;"APL;FILOS2023;COG2026;CENTRES"
71479;Saint-Sernin-du-Bois;71;4.4218;46.8414;1.098;1.098;1787.388;1728.999999999999;;26940.0;;A_VALIDER;"APL;FILOS2023;COG2026;CENTRES"
71480;Saint-Sernin-du-Plain;71;4.6162;46.8873;2.635;2.635;641.003;603.9999999999992;;25910.0;;A_VALIDER;"APL;FILOS2023;COG2026;CENTRES"
71481;Saint-Symphorien-d'Ancelles;71;4.7706;46.1924;2.579;2.496;1091.575;1128.000000000001;;26700.0;;A_VALIDER;"APL;FILOS2023;COG2026;CENTRES"
71482;Saint-Symphorien-de-Marmagne;71;4.3196;46.8262;1.555;1.555;839.07;832.0000000000001;;24850.0;;A_VALIDER;"APL;FILOS2023;COG2026;CENTRES"
71483;Saint-Symphorien-des-Bois;71;4.2891;46.3266;2.579;2.241;431.955;411.9999999999993;;26520.0;;A_VALIDER;"APL;FILOS2023;COG2026;CENTRES"
71484;Saint-Usuge;71;5.242;46.6877;3.221;2.939;1270.599;1221.000000000002;;24710.0;;A_VALIDER;"APL;FILOS2023;COG2026;CENTRES"
71485;Saint-Vallerin;71;4.6774;46.6851;2.589;2.557;253.209;252.0000000000004;;30610.0;;A_VALIDER;"APL;FILOS2023;COG2026;CENTRES"
71486;Saint-Vallier;71;4.3569;46.6457;2.602;2.219;9155.542;8507.999999999995;11.0;24940.0;;A_VALIDER;"APL;FILOS2023;COG2026;CENTRES"
71487;Saint-Vérand;71;4.7288;46.2539;2.746;2.651;167.35;156.0;;31060.0;;A_VALIDER;"APL;FILOS2023;COG2026;CENTRES"
71488;Saint-Vincent-des-Prés;71;4.556;46.4753;2.922;2.922;107.922;97.99999999999999;;;;A_VALIDER;"APL;FILOS2023;COG2026;CENTRES"
71489;Saint-Vincent-en-Bresse;71;5.0641;46.6715;2.0;1.941;568.367;580.9999999999997;;25590.0;;A_VALIDER;"APL;FILOS2023;COG2026;CENTRES"
71490;Saint-Vincent-Bragny;71;4.1246;46.5286;2.732;2.594;989.166;996.9999999999992;;26850.0;;A_VALIDER;"APL;FILOS2023;COG2026;CENTRES"
71491;Saint-Yan;71;4.0459;46.406;2.704;2.427;1200.725;1132.0;;24960.0;;A_VALIDER;"APL;FILOS2023;COG2026;CENTRES"
71493;Saisy;71;4.5563;46.9622;5.001;3.974;348.329;348.9999999999998;;25760.0;;A_VALIDER;"APL;FILOS2023;COG2026;CENTRES"
71494;La Salle;71;4.8597;46.4079;3.077;3.059;519.966;508.0000000000003;;26170.0;;A_VALIDER;"APL;FILOS2023;COG2026;CENTRES"
71495;Salornay-sur-Guye;71;4.5989;46.5176;3.164;3.164;956.255;869.0;;24890.0;;A_VALIDER;"APL;FILOS2023;COG2026;CENTRES"
71496;Sampigny-lès-Maranges;71;4.652;46.9021;3.55;3.55;136.803;134.0;;26170.0;;A_VALIDER;"APL;FILOS2023;COG2026;CENTRES"
71497;Sancé;71;4.8323;46.3399;3.385;3.315;2213.141;2158.0;8.0;28240.0;;A_VALIDER;"APL;FILOS2023;COG2026;CENTRES"
71498;Santilly;71;4.7055;46.6212;2.816;2.699;159.323;148.0000000000001;;27120.0;;A_VALIDER;"APL;FILOS2023;COG2026;CENTRES"
71499;Sanvignes-les-Mines;71;4.2731;46.6651;2.132;1.844;4393.086;4264.999999999998;11.0;24850.0;;A_VALIDER;"APL;FILOS2023;COG2026;CENTRES"
71500;Sarry;71;4.1077;46.3115;1.651;1.585;107.809;95.00000000000009;;28850.0;;A_VALIDER;"APL;FILOS2023;COG2026;CENTRES"
71501;Sassangy;71;4.6434;46.7246;1.957;1.957;147.522;141.0000000000001;;26250.0;;A_VALIDER;"APL;FILOS2023;COG2026;CENTRES"
71502;Sassenay;71;4.9169;46.8297;1.944;1.754;1619.194;1600.999999999998;;26990.0;;A_VALIDER;"APL;FILOS2023;COG2026;CENTRES"
71503;Saules;71;4.6795;46.6553;2.508;2.391;128.502;124.0;;27010.0;;A_VALIDER;"APL;FILOS2023;COG2026;CENTRES"
71504;Saunières;71;5.0735;46.9101;1.768;1.768;88.859;83.0;;;;A_VALIDER;"APL;FILOS2023;COG2026;CENTRES"
71505;Savianges;71;4.6035;46.6894;1.367;1.367;89.327;80.00000000000007;;;;A_VALIDER;"APL;FILOS2023;COG2026;CENTRES"
71506;Savigny-en-Revermont;71;5.3898;46.6356;2.556;2.406;1184.161;1141.0;;26290.0;;A_VALIDER;"APL;FILOS2023;COG2026;CENTRES"
71507;Savigny-sur-Grosne;71;4.6642;46.5808;2.942;2.942;179.956;170.0;;31210.0;;A_VALIDER;"APL;FILOS2023;COG2026;CENTRES"
71508;Savigny-sur-Seille;71;5.0973;46.6371;1.764;1.705;412.517;384.9999999999995;;24150.0;;A_VALIDER;"APL;FILOS2023;COG2026;CENTRES"
71509;La Celle-en-Morvan;71;4.1717;47.0079;1.306;1.221;469.069;460.9999999999992;;25390.0;;A_VALIDER;"APL;FILOS2023;COG2026;CENTRES"
71510;Semur-en-Brionnais;71;4.0874;46.2727;2.363;2.363;727.362;608.0000000000003;;24640.0;;A_VALIDER;"APL;FILOS2023;COG2026;CENTRES"
71512;Sennecey-le-Grand;71;4.886;46.6373;3.358;3.006;3055.232;2910.999999999993;12.0;24330.0;;A_VALIDER;"APL;FILOS2023;COG2026;CENTRES"
71513;Senozan;71;4.8644;46.3953;2.811;2.759;1128.479;1132.000000000003;;26960.0;;A_VALIDER;"APL;FILOS2023;COG2026;CENTRES"
71514;Sens-sur-Seille;71;5.3106;46.7463;3.317;3.012;443.266;431.9999999999999;;24460.0;;A_VALIDER;"APL;FILOS2023;COG2026;CENTRES"
71515;Sercy;71;4.6911;46.5989;2.513;2.513;108.05;103.0000000000003;;28260.0;;A_VALIDER;"APL;FILOS2023;COG2026;CENTRES"
71516;Serley;71;5.2414;46.789;1.962;1.762;614.312;595.0000000000006;;23970.0;;A_VALIDER;"APL;FILOS2023;COG2026;CENTRES"
71517;Sermesse;71;5.0921;46.8973;2.01;2.01;245.728;246.0;;24360.0;;A_VALIDER;"APL;FILOS2023;COG2026;CENTRES"
71518;Serrières;71;4.6681;46.3095;1.955;1.803;299.744;289.9999999999999;;28060.0;;A_VALIDER;"APL;FILOS2023;COG2026;CENTRES"
71519;Serrigny-en-Bresse;71;5.1213;46.8222;2.161;2.102;182.391;187.0000000000001;;25630.0;;A_VALIDER;"APL;FILOS2023;COG2026;CENTRES"
71520;Sevrey;71;4.8285;46.7364;3.132;2.853;1220.75;1208.0;;25780.0;;A_VALIDER;"APL;FILOS2023;COG2026;CENTRES"
71521;Sigy-le-Châtel;71;4.5713;46.5559;2.183;2.183;115.257;105.0;;;;A_VALIDER;"APL;FILOS2023;COG2026;CENTRES"
71522;Simandre;71;4.9833;46.6124;2.788;2.788;1770.217;1744.0;;25220.0;;A_VALIDER;"APL;FILOS2023;COG2026;CENTRES"
71523;Simard;71;5.1795;46.7175;2.926;2.667;1206.509;1175.000000000001;;23200.0;;A_VALIDER;"APL;FILOS2023;COG2026;CENTRES"
71524;Sivignon;71;4.4969;46.4286;1.327;1.327;190.478;178.0000000000007;;24380.0;;A_VALIDER;"APL;FILOS2023;COG2026;CENTRES"
71525;Sologny;71;4.6739;46.3743;1.8;1.648;561.537;576.0000000000005;;28640.0;;A_VALIDER;"APL;FILOS2023;COG2026;CENTRES"
71526;Solutré-Pouilly;71;4.7272;46.2948;2.909;2.734;351.708;342.0000000000005;;33650.0;;A_VALIDER;"APL;FILOS2023;COG2026;CENTRES"
71527;Sommant;71;4.2138;47.0571;2.142;2.056;191.029;187.0;;24610.0;;A_VALIDER;"APL;FILOS2023;COG2026;CENTRES"
71528;Sornay;71;5.1684;46.62;2.288;2.169;2061.523;1958.0;12.0;23910.0;;A_VALIDER;"APL;FILOS2023;COG2026;CENTRES"
71529;Suin;71;4.4519;46.4395;1.502;1.502;295.184;274.0;;23620.0;;A_VALIDER;"APL;FILOS2023;COG2026;CENTRES"
71530;Sully;71;4.4437;46.9957;4.427;3.314;514.943;489.0;;24810.0;;A_VALIDER;"APL;FILOS2023;COG2026;CENTRES"
71531;La Tagnière;71;4.218;46.7982;2.154;2.154;213.246;207.0000000000003;;23960.0;;A_VALIDER;"APL;FILOS2023;COG2026;CENTRES"
71532;Taizé;71;4.6725;46.5104;3.532;3.532;191.54;196.0000000000001;;;;A_VALIDER;"APL;FILOS2023;COG2026;CENTRES"
71533;Tancon;71;4.2616;46.2014;3.098;3.098;574.199;556.0;;26000.0;;A_VALIDER;"APL;FILOS2023;COG2026;CENTRES"
71534;Le Tartre;71;5.352;46.7432;3.75;3.445;114.289;109.0;;23960.0;;A_VALIDER;"APL;FILOS2023;COG2026;CENTRES"
71535;Tavernay;71;4.2363;47.0078;2.612;2.442;537.153;503.0000000000005;;26580.0;;A_VALIDER;"APL;FILOS2023;COG2026;CENTRES"
71537;Thil-sur-Arroux;71;4.0939;46.8034;2.717;1.74;146.32;137.0;;22130.0;;A_VALIDER;"APL;FILOS2023;COG2026;CENTRES"
71538;Thurey;71;5.1233;46.7435;2.801;2.624;434.811;421.9999999999998;;24600.0;;A_VALIDER;"APL;FILOS2023;COG2026;CENTRES"
71539;Tintry;71;4.4927;46.9345;2.822;2.137;77.431;79.0;;;;A_VALIDER;"APL;FILOS2023;COG2026;CENTRES"
71540;Torcy;71;4.4596;46.7651;2.084;2.084;2831.33;2805.0;22.0;22260.0;;A_VALIDER;"APL;FILOS2023;COG2026;CENTRES"
71541;Torpes;71;5.3385;46.8392;3.05;2.968;388.295;375.9999999999999;;23850.0;;A_VALIDER;"APL;FILOS2023;COG2026;CENTRES"
71542;Toulon-sur-Arroux;71;4.1526;46.6869;1.874;1.874;1671.759;1447.0;;23860.0;;A_VALIDER;"APL;FILOS2023;COG2026;CENTRES"
71543;Tournus;71;4.9025;46.568;3.04;2.923;6131.001;5702.0;20.0;23490.0;;A_VALIDER;"APL;FILOS2023;COG2026;CENTRES"
71544;Toutenant;71;5.1116;46.8703;1.43;1.43;179.948;173.0;;27390.0;;A_VALIDER;"APL;FILOS2023;COG2026;CENTRES"
71545;Tramayes;71;4.6013;46.3069;2.683;2.683;1162.156;1067.0;;23250.0;;A_VALIDER;"APL;FILOS2023;COG2026;CENTRES"
71546;Trambly;71;4.5336;46.3301;2.916;2.916;400.625;398.0000000000001;;24650.0;;A_VALIDER;"APL;FILOS2023;COG2026;CENTRES"
71547;Trivy;71;4.4877;46.3933;1.127;1.127;274.516;259.0000000000003;;24400.0;;A_VALIDER;"APL;FILOS2023;COG2026;CENTRES"
71548;Tronchy;71;5.0715;46.7259;2.126;2.008;245.174;241.0000000000001;;26430.0;;A_VALIDER;"APL;FILOS2023;COG2026;CENTRES"
71549;La Truchère;71;4.9578;46.5134;2.969;2.969;222.602;204.0000000000005;;25950.0;;A_VALIDER;"APL;FILOS2023;COG2026;CENTRES"
71550;Uchizy;71;4.8839;46.5017;2.528;2.528;827.576;812.0000000000018;;26140.0;;A_VALIDER;"APL;FILOS2023;COG2026;CENTRES"
71551;Uchon;71;4.2591;46.807;1.707;1.707;100.359;97.0;;;;A_VALIDER;"APL;FILOS2023;COG2026;CENTRES"
71552;Uxeau;71;4.0462;46.6545;2.029;1.082;517.703;497.0000000000004;;23250.0;;A_VALIDER;"APL;FILOS2023;COG2026;CENTRES"
71553;Vareilles;71;4.2474;46.3018;2.213;2.082;290.087;278.9999999999998;;24420.0;;A_VALIDER;"APL;FILOS2023;COG2026;CENTRES"
71554;Varenne-l'Arconce;71;4.1542;46.3412;2.029;1.693;121.791;111.0000000000001;;22010.0;;A_VALIDER;"APL;FILOS2023;COG2026;CENTRES"
71555;Varennes-le-Grand;71;4.8709;46.7096;3.022;2.658;2277.6;2286.999999999996;;28090.0;;A_VALIDER;"APL;FILOS2023;COG2026;CENTRES"
71556;Varennes-lès-Mâcon;71;4.8068;46.2681;5.063;4.821;578.803;581.0000000000005;;25370.0;;A_VALIDER;"APL;FILOS2023;COG2026;CENTRES"
71557;Varenne-Saint-Germain;71;4.0284;46.4376;1.997;1.719;679.682;692.0;;25310.0;;A_VALIDER;"APL;FILOS2023;COG2026;CENTRES"
71558;Varennes-Saint-Sauveur;71;5.2395;46.5001;1.527;1.232;1219.724;1116.0;;25570.0;;A_VALIDER;"APL;FILOS2023;COG2026;CENTRES"
71559;Varennes-sous-Dun;71;4.3392;46.2789;2.786;2.408;585.754;524.9999999999992;;25860.0;;A_VALIDER;"APL;FILOS2023;COG2026;CENTRES"
71561;Vauban;71;4.2157;46.2681;2.031;2.031;252.735;235.9999999999999;;25900.0;;A_VALIDER;"APL;FILOS2023;COG2026;CENTRES"
71562;Vaudebarrier;71;4.3144;46.4157;3.241;1.818;218.984;206.9999999999999;;25720.0;;A_VALIDER;"APL;FILOS2023;COG2026;CENTRES"
71563;Vaux-en-Pré;71;4.6022;46.6211;0.76;0.76;80.216;76.99999999999993;;;;A_VALIDER;"APL;FILOS2023;COG2026;CENTRES"
71564;Vendenesse-lès-Charolles;71;4.3596;46.4397;2.904;2.105;772.39;737.9999999999997;;26340.0;;A_VALIDER;"APL;FILOS2023;COG2026;CENTRES"
71565;Vendenesse-sur-Arroux;71;4.0637;46.6343;1.846;1.846;578.075;557.0000000000007;;27180.0;;A_VALIDER;"APL;FILOS2023;COG2026;CENTRES"
71566;Verdun-Ciel;71;5.0398;46.8727;1.587;1.587;2008.345;1837.999999999999;;24510.0;;A_VALIDER;"APL;FILOS2023;COG2026;CENTRES"
71567;Vergisson;71;4.7117;46.3094;2.48;2.305;245.087;232.9999999999999;;33960.0;;A_VALIDER;"APL;FILOS2023;COG2026;CENTRES"
71568;Vérissey;71;5.1246;46.7092;1.823;1.704;56.675;54.9999999999998;;;;A_VALIDER;"APL;FILOS2023;COG2026;CENTRES"
71570;Verjux;71;4.9753;46.8768;1.188;1.162;520.958;508.0000000000006;;24440.0;;A_VALIDER;"APL;FILOS2023;COG2026;CENTRES"
71571;Verosvres;71;4.4448;46.3939;1.892;1.44;450.895;430.0;;25480.0;;A_VALIDER;"APL;FILOS2023;COG2026;CENTRES"
71572;Vers;71;4.8554;46.5824;3.338;3.104;232.283;234.0;;28490.0;;A_VALIDER;"APL;FILOS2023;COG2026;CENTRES"
71573;Versaugues;71;4.0718;46.3683;1.698;1.559;208.986;190.9999999999999;;25880.0;;A_VALIDER;"APL;FILOS2023;COG2026;CENTRES"
71574;Verzé;71;4.7403;46.3834;3.069;2.917;854.019;855.0000000000001;;29020.0;;A_VALIDER;"APL;FILOS2023;COG2026;CENTRES"
71576;Le Villars;71;4.9205;46.5302;3.086;3.086;302.492;284.9999999999994;;26620.0;;A_VALIDER;"APL;FILOS2023;COG2026;CENTRES"
71577;Villegaudin;71;5.1091;46.8043;1.998;1.939;202.499;217.9999999999993;;25380.0;;A_VALIDER;"APL;FILOS2023;COG2026;CENTRES"
71578;Clux-Villeneuve;71;5.1798;46.9633;2.93;2.93;312.494;301.0;;25280.0;;A_VALIDER;"APL;FILOS2023;COG2026;CENTRES"
71579;Villeneuve-en-Montagne;71;4.5882;46.7614;1.601;1.529;175.966;174.0000000000003;;25400.0;;A_VALIDER;"APL;FILOS2023;COG2026;CENTRES"
71580;Vincelles;71;5.2259;46.6651;3.085;2.885;468.231;450.0;;25170.0;;A_VALIDER;"APL;FILOS2023;COG2026;CENTRES"
71581;Vindecy;71;4.0095;46.3562;1.415;1.415;256.68;246.0000000000002;;22980.0;;A_VALIDER;"APL;FILOS2023;COG2026;CENTRES"
71582;La Vineuse sur Fregande;71;4.5851;46.468;3.363;3.363;686.571;653.0;;25710.0;;A_VALIDER;"APL;FILOS2023;COG2026;CENTRES"
71583;Vinzelles;71;4.777;46.2666;4.828;4.62;811.02;762.0;;30380.0;;A_VALIDER;"APL;FILOS2023;COG2026;CENTRES"
71584;Viré;71;4.8483;46.4437;2.678;2.678;1273.17;1217.999999999998;;28580.0;;A_VALIDER;"APL;FILOS2023;COG2026;CENTRES"
71585;Virey-le-Grand;71;4.8681;46.8541;2.789;2.469;1388.266;1393.000000000001;;27880.0;;A_VALIDER;"APL;FILOS2023;COG2026;CENTRES"
71586;Viry;71;4.3463;46.4739;2.487;1.754;272.719;260.0000000000001;;26250.0;;A_VALIDER;"APL;FILOS2023;COG2026;CENTRES"
71588;Vitry-en-Charollais;71;4.0655;46.4604;2.28;1.864;1089.887;1082.000000000002;;25890.0;;A_VALIDER;"APL;FILOS2023;COG2026;CENTRES"
71589;Vitry-sur-Loire;71;3.7151;46.6802;0.757;0.326;445.595;423.0000000000001;;26040.0;;A_VALIDER;"APL;FILOS2023;COG2026;CENTRES"
71590;Volesvres;71;4.1706;46.4777;3.307;2.751;656.698;661.0000000000014;;28150.0;;A_VALIDER;"APL;FILOS2023;COG2026;CENTRES"
71591;Fleurville;71;4.8788;46.4428;3.075;3.075;500.223;495.0;;25680.0;;A_VALIDER;"APL;FILOS2023;COG2026;CENTRES"
89002;Aigremont;89;3.8866;47.7171;1.778;0.694;69.039;71.0;;;;A_VALIDER;"APL;FILOS2023;COG2026;CENTRES"
89003;Montholon;89;3.3211;47.9004;1.412;1.083;2908.202;2730.0;12.0;25490.0;;A_VALIDER;"APL;FILOS2023;COG2026;CENTRES"
89004;Aisy-sur-Armançon;89;4.2134;47.6551;4.042;2.433;254.522;236.0000000000003;;23960.0;;A_VALIDER;"APL;FILOS2023;COG2026;CENTRES"
89005;Ancy-le-Franc;89;4.1635;47.7718;3.415;1.255;991.961;837.0000000000006;;22680.0;;A_VALIDER;"APL;FILOS2023;COG2026;CENTRES"
89006;Ancy-le-Libre;89;4.1492;47.8034;3.448;1.572;155.536;141.0;;26120.0;;A_VALIDER;"APL;FILOS2023;COG2026;CENTRES"
89007;Andryes;89;3.4539;47.5346;2.909;2.909;466.336;444.9999999999999;;24990.0;;A_VALIDER;"APL;FILOS2023;COG2026;CENTRES"
89008;Angely;89;4.0112;47.5603;2.963;2.333;152.497;152.0;;24860.0;;A_VALIDER;"APL;FILOS2023;COG2026;CENTRES"
89009;Annay-la-Côte;89;3.8699;47.5515;3.077;2.631;361.168;340.0000000000001;;28330.0;;A_VALIDER;"APL;FILOS2023;COG2026;CENTRES"
89010;Annay-sur-Serein;89;3.9563;47.7324;2.797;0.736;224.832;202.9999999999997;;27960.0;;A_VALIDER;"APL;FILOS2023;COG2026;CENTRES"
89011;Annéot;89;3.8808;47.5198;4.066;3.621;120.699;114.9999999999997;;31930.0;;A_VALIDER;"APL;FILOS2023;COG2026;CENTRES"
89012;Annoux;89;4.0518;47.6267;1.92;0.837;96.587;83.99999999999997;;;;A_VALIDER;"APL;FILOS2023;COG2026;CENTRES"
89013;Appoigny;89;3.5206;47.8669;3.426;2.983;3270.468;3133.0;13.0;26280.0;;A_VALIDER;"APL;FILOS2023;COG2026;CENTRES"
89014;Arces-Dilo;89;3.5877;48.1047;1.569;1.451;701.999;611.9999999999994;;23620.0;;A_VALIDER;"APL;FILOS2023;COG2026;CENTRES"
89015;Arcy-sur-Cure;89;3.7658;47.5909;0.795;0.795;514.702;481.9999999999999;;23050.0;;A_VALIDER;"APL;FILOS2023;COG2026;CENTRES"
89016;Argentenay;89;4.1159;47.8202;3.448;1.572;84.898;78.99999999999997;;;;A_VALIDER;"APL;FILOS2023;COG2026;CENTRES"
89017;Argenteuil-sur-Armançon;89;4.0928;47.7421;3.958;1.255;246.41;224.0000000000001;;25460.0;;A_VALIDER;"APL;FILOS2023;COG2026;CENTRES"
89018;Armeau;89;3.3336;48.0474;1.869;1.773;761.841;759.0000000000003;;25730.0;;A_VALIDER;"APL;FILOS2023;COG2026;CENTRES"
89019;Arthonnay;89;4.2403;47.9357;0.561;0.211;166.365;150.0000000000001;;22250.0;;A_VALIDER;"APL;FILOS2023;COG2026;CENTRES"
89020;Asnières-sous-Bois;89;3.6429;47.4788;3.134;3.134;131.557;113.9999999999996;;25730.0;;A_VALIDER;"APL;FILOS2023;COG2026;CENTRES"
89021;Asquins;89;3.7436;47.491;2.968;2.968;323.203;297.0000000000001;;27010.0;;A_VALIDER;"APL;FILOS2023;COG2026;CENTRES"
89022;Athie;89;3.9925;47.5399;3.215;2.497;137.1;134.0000000000001;;24850.0;;A_VALIDER;"APL;FILOS2023;COG2026;CENTRES"
89023;Augy;89;3.6214;47.7712;2.624;2.042;978.893;962.999999999999;;26270.0;;A_VALIDER;"APL;FILOS2023;COG2026;CENTRES"
89024;Auxerre;89;3.5821;47.7939;3.382;2.946;35912.866;35236.0;23.8;22700.0;;A_VALIDER;"APL;FILOS2023;COG2026;CENTRES"
89025;Avallon;89;3.9197;47.4808;3.492;3.046;6692.877;6346.000000000001;25.0;21800.0;;A_VALIDER;"APL;FILOS2023;COG2026;CENTRES"
89027;Bagneaux;89;3.593;48.2513;1.806;1.806;214.668;201.0000000000002;;24670.0;;A_VALIDER;"APL;FILOS2023;COG2026;CENTRES"
89028;Baon;89;4.1377;47.8611;2.309;1.154;58.789;61.99999999999995;;;;A_VALIDER;"APL;FILOS2023;COG2026;CENTRES"
89029;Bassou;89;3.5082;47.9245;3.832;3.38;852.453;874.999999999999;;26200.0;;A_VALIDER;"APL;FILOS2023;COG2026;CENTRES"
89030;Bazarnes;89;3.6431;47.6634;1.249;1.166;418.171;414.0000000000007;;25670.0;;A_VALIDER;"APL;FILOS2023;COG2026;CENTRES"
89031;Beaumont;89;3.5506;47.9121;2.046;1.87;601.577;620.0;;25420.0;;A_VALIDER;"APL;FILOS2023;COG2026;CENTRES"
89032;Beauvilliers;89;4.0362;47.4135;1.32;0.43;73.474;70.99999999999997;;;;A_VALIDER;"APL;FILOS2023;COG2026;CENTRES"
89033;Beauvoir;89;3.3823;47.7902;2.032;1.922;381.027;393.9999999999994;;28170.0;;A_VALIDER;"APL;FILOS2023;COG2026;CENTRES"
89034;Beine;89;3.7252;47.8158;1.918;1.7;432.608;444.0;;29750.0;;A_VALIDER;"APL;FILOS2023;COG2026;CENTRES"
89035;Bellechaume;89;3.5797;48.0533;2.342;2.038;438.061;437.0;;24340.0;;A_VALIDER;"APL;FILOS2023;COG2026;CENTRES"
89036;La Belliole;89;3.0835;48.1436;1.039;0.912;235.315;220.0;;27300.0;;A_VALIDER;"APL;FILOS2023;COG2026;CENTRES"
89037;Béon;89;3.3161;47.9468;2.658;2.233;539.984;523.9999999999992;;26030.0;;A_VALIDER;"APL;FILOS2023;COG2026;CENTRES"
89038;Bernouil;89;3.8974;47.9049;2.407;1.971;115.544;116.0000000000005;;;;A_VALIDER;"APL;FILOS2023;COG2026;CENTRES"
89039;Béru;89;3.8855;47.8054;3.2;2.33;73.976;75.0;;;;A_VALIDER;"APL;FILOS2023;COG2026;CENTRES"
89040;Bessy-sur-Cure;89;3.7277;47.6212;0.795;0.795;201.397;185.0;;25680.0;;A_VALIDER;"APL;FILOS2023;COG2026;CENTRES"
89041;Beugnon;89;3.7924;48.0199;4.127;3.347;302.937;286.0000000000003;;25290.0;;A_VALIDER;"APL;FILOS2023;COG2026;CENTRES"
89042;Bierry-les-Belles-Fontaines;89;4.1786;47.6137;2.369;1.925;169.924;154.0000000000001;;24890.0;;A_VALIDER;"APL;FILOS2023;COG2026;CENTRES"
89043;Blacy;89;4.0401;47.5814;1.793;1.252;106.804;99.0;;;;A_VALIDER;"APL;FILOS2023;COG2026;CENTRES"
89044;Blannay;89;3.7628;47.5335;3.816;3.639;111.209;99.99999999999999;;23730.0;;A_VALIDER;"APL;FILOS2023;COG2026;CENTRES"
89045;Bleigny-le-Carreau;89;3.6759;47.8302;2.45;2.119;295.965;281.9999999999999;;26380.0;;A_VALIDER;"APL;FILOS2023;COG2026;CENTRES"
89046;Bléneau;89;2.9539;47.6993;1.842;0.572;1307.689;1146.000000000001;;23350.0;;A_VALIDER;"APL;FILOS2023;COG2026;CENTRES"
89048;Bœurs-en-Othe;89;3.7041;48.1442;1.008;0.867;351.314;336.9999999999997;;22450.0;;A_VALIDER;"APL;FILOS2023;COG2026;CENTRES"
89049;Bois-d'Arcy;89;3.7237;47.5513;1.255;1.255;24.833;23.0;;;;A_VALIDER;"APL;FILOS2023;COG2026;CENTRES"
89050;Bonnard;89;3.5363;47.9318;2.415;2.191;911.557;907.0;;25230.0;;A_VALIDER;"APL;FILOS2023;COG2026;CENTRES"
89051;Les Bordes;89;3.3914;48.1082;0.492;0.492;545.601;552.999999999999;;26170.0;;A_VALIDER;"APL;FILOS2023;COG2026;CENTRES"
89053;Branches;89;3.4839;47.8745;1.548;1.33;429.507;434.9999999999997;;28080.0;;A_VALIDER;"APL;FILOS2023;COG2026;CENTRES"
89054;Brannay;89;3.127;48.2306;1.138;0.986;774.397;778.0000000000015;;26490.0;;A_VALIDER;"APL;FILOS2023;COG2026;CENTRES"
89055;Brienon-sur-Armançon;89;3.6183;48.001;2.818;2.304;3194.869;3060.0;22.0;22390.0;;A_VALIDER;"APL;FILOS2023;COG2026;CENTRES"
89056;Brion;89;3.4787;48.0027;2.163;1.864;617.702;614.0;;25060.0;;A_VALIDER;"APL;FILOS2023;COG2026;CENTRES"
89057;Brosses;89;3.6928;47.5318;2.392;2.392;302.292;277.9999999999999;;25150.0;;A_VALIDER;"APL;FILOS2023;COG2026;CENTRES"
89058;Bussières;89;4.0466;47.4259;1.736;0.845;118.217;114.0;;26400.0;;A_VALIDER;"APL;FILOS2023;COG2026;CENTRES"
89059;Bussy-en-Othe;89;3.5128;48.0411;1.834;1.651;748.034;696.000000000001;;25540.0;;A_VALIDER;"APL;FILOS2023;COG2026;CENTRES"
89060;Bussy-le-Repos;89;3.217;48.0613;0.993;0.867;447.135;454.9999999999997;;26310.0;;A_VALIDER;"APL;FILOS2023;COG2026;CENTRES"
89061;Butteaux;89;3.822;47.9838;3.097;2.577;253.68;255.0;;25440.0;;A_VALIDER;"APL;FILOS2023;COG2026;CENTRES"
89062;Carisey;89;3.8433;47.9229;3.858;3.163;418.416;374.9999999999998;;25020.0;;A_VALIDER;"APL;FILOS2023;COG2026;CENTRES"
89063;La Celle-Saint-Cyr;89;3.2788;47.9796;1.859;1.481;830.69;842.0;;27220.0;;A_VALIDER;"APL;FILOS2023;COG2026;CENTRES"
89064;Censy;89;4.0476;47.7006;1.626;0.0;52.965;53.99999999999997;;;;A_VALIDER;"APL;FILOS2023;COG2026;CENTRES"
89065;Cérilly;89;3.6223;48.1777;1.607;1.607;56.057;50.0;;;;A_VALIDER;"APL;FILOS2023;COG2026;CENTRES"
89066;Cerisiers;89;3.5135;48.1245;0.613;0.613;1008.138;1002.000000000003;;25640.0;;A_VALIDER;"APL;FILOS2023;COG2026;CENTRES"
89067;Cézy;89;3.3166;47.9977;2.247;2.103;1121.384;1081.000000000001;;24990.0;;A_VALIDER;"APL;FILOS2023;COG2026;CENTRES"
89068;Chablis;89;3.7932;47.806;1.764;1.696;2208.061;2150.999999999997;12.0;27370.0;;A_VALIDER;"APL;FILOS2023;COG2026;CENTRES"
89069;Chailley;89;3.6795;48.0911;2.135;1.615;534.993;525.0;;24410.0;;A_VALIDER;"APL;FILOS2023;COG2026;CENTRES"
89071;Chamoux;89;3.6584;47.4596;3.068;2.878;105.562;95.0;;;;A_VALIDER;"APL;FILOS2023;COG2026;CENTRES"
89072;Champcevrais;89;2.9716;47.754;1.83;0.884;391.891;311.0;;22820.0;;A_VALIDER;"APL;FILOS2023;COG2026;CENTRES"
89073;Champignelles;89;3.0939;47.7773;2.123;1.092;986.282;896.0;;24030.0;;A_VALIDER;"APL;FILOS2023;COG2026;CENTRES"
89074;Champigny;89;3.1348;48.3045;0.723;0.396;2105.109;2127.000000000002;10.0;25350.0;;A_VALIDER;"APL;FILOS2023;COG2026;CENTRES"
89075;Champlay;89;3.4153;47.9455;2.455;2.176;756.327;757.0;;25370.0;;A_VALIDER;"APL;FILOS2023;COG2026;CENTRES"
89076;Champlost;89;3.6475;48.046;2.885;2.388;798.841;778.9999999999994;;26740.0;;A_VALIDER;"APL;FILOS2023;COG2026;CENTRES"
89077;Champs-sur-Yonne;89;3.6047;47.7496;2.026;1.597;1658.01;1534.0;;26210.0;;A_VALIDER;"APL;FILOS2023;COG2026;CENTRES"
89079;Chamvres;89;3.3553;47.9593;2.725;2.373;673.811;656.0;;26730.0;;A_VALIDER;"APL;FILOS2023;COG2026;CENTRES"
89080;La Chapelle-sur-Oreuse;89;3.3016;48.2955;2.163;1.855;676.09;668.0;;28530.0;;A_VALIDER;"APL;FILOS2023;COG2026;CENTRES"
89081;La Chapelle-Vaupelteigne;89;3.7725;47.8444;1.764;1.696;95.997;92.00000000000007;;;;A_VALIDER;"APL;FILOS2023;COG2026;CENTRES"
89083;Charbuy;89;3.4609;47.8286;2.219;2.023;1877.478;1870.0;;29140.0;;A_VALIDER;"APL;FILOS2023;COG2026;CENTRES"
89084;Charentenay;89;3.5541;47.6444;1.376;1.225;283.178;286.0000000000011;;22810.0;;A_VALIDER;"APL;FILOS2023;COG2026;CENTRES"
89085;Charmoy;89;3.4947;47.9424;2.848;2.508;1120.486;1107.999999999998;;24360.0;;A_VALIDER;"APL;FILOS2023;COG2026;CENTRES"
89086;Charny Orée de Puisaye;89;3.1073;47.8786;1.381;0.786;5303.232;4853.999999999999;17.0;24370.0;;A_VALIDER;"APL;FILOS2023;COG2026;CENTRES"
89087;Chassignelles;89;4.1967;47.7735;3.415;1.255;311.421;299.9999999999998;;23790.0;;A_VALIDER;"APL;FILOS2023;COG2026;CENTRES"
89088;Chassy;89;3.3281;47.8503;1.287;1.106;476.61;475.0;;28560.0;;A_VALIDER;"APL;FILOS2023;COG2026;CENTRES"
89089;Chastellux-sur-Cure;89;3.8847;47.3876;0.583;0.583;141.169;131.0;;22810.0;;A_VALIDER;"APL;FILOS2023;COG2026;CENTRES"
89091;Châtel-Censoir;89;3.6335;47.5264;1.815;1.815;663.553;564.9999999999998;;22330.0;;A_VALIDER;"APL;FILOS2023;COG2026;CENTRES"
89092;Châtel-Gérard;89;4.1054;47.631;1.599;0.696;216.591;199.0;;25110.0;;A_VALIDER;"APL;FILOS2023;COG2026;CENTRES"
89093;Chaumont;89;3.1023;48.3095;0.918;0.7;642.222;659.0000000000003;;26380.0;;A_VALIDER;"APL;FILOS2023;COG2026;CENTRES"
89094;Chaumot;89;3.2062;48.0813;0.902;0.776;678.359;701.0000000000008;;26240.0;;A_VALIDER;"APL;FILOS2023;COG2026;CENTRES"
89095;Chemilly-sur-Serein;89;3.8595;47.7671;3.0;2.023;135.537;133.9999999999999;;31990.0;;A_VALIDER;"APL;FILOS2023;COG2026;CENTRES"
89096;Chemilly-sur-Yonne;89;3.5547;47.8957;2.717;2.496;888.303;894.9999999999995;;26600.0;;A_VALIDER;"APL;FILOS2023;COG2026;CENTRES"
89098;Cheney;89;3.9591;47.9152;2.944;2.074;233.078;234.0;;27360.0;;A_VALIDER;"APL;FILOS2023;COG2026;CENTRES"
89099;Cheny;89;3.534;47.9446;2.286;2.035;2270.518;2231.000000000001;18.0;23370.0;;A_VALIDER;"APL;FILOS2023;COG2026;CENTRES"
89100;Chéroy;89;3.005;48.2042;1.101;1.101;1840.584;1763.0;;24800.0;;A_VALIDER;"APL;FILOS2023;COG2026;CENTRES"
89101;Chéu;89;3.7552;47.9749;3.761;3.123;519.448;532.0;;23470.0;;A_VALIDER;"APL;FILOS2023;COG2026;CENTRES"
89102;Chevannes;89;3.4893;47.7487;2.615;2.282;2185.946;2144.999999999996;6.0;27780.0;;A_VALIDER;"APL;FILOS2023;COG2026;CENTRES"
89104;Chichée;89;3.8392;47.7806;2.662;2.227;293.618;299.0;;30710.0;;A_VALIDER;"APL;FILOS2023;COG2026;CENTRES"
89105;Chichery;89;3.5096;47.9051;3.305;2.969;440.554;434.0;;27130.0;;A_VALIDER;"APL;FILOS2023;COG2026;CENTRES"
89108;Chitry;89;3.6982;47.7703;1.079;0.696;350.575;347.9999999999998;;26910.0;;A_VALIDER;"APL;FILOS2023;COG2026;CENTRES"
89111;Les Clérimois;89;3.4591;48.2295;2.404;2.248;296.067;297.9999999999997;;27930.0;;A_VALIDER;"APL;FILOS2023;COG2026;CENTRES"
89112;Collan;89;3.8724;47.8402;3.605;2.735;162.451;156.0000000000001;;22760.0;;A_VALIDER;"APL;FILOS2023;COG2026;CENTRES"
89113;Collemiers;89;3.2163;48.1548;2.832;2.345;644.432;661.0;;27300.0;;A_VALIDER;"APL;FILOS2023;COG2026;CENTRES"
89115;Compigny;89;3.2815;48.3671;1.332;1.16;168.689;182.0;;26040.0;;A_VALIDER;"APL;FILOS2023;COG2026;CENTRES"
89116;Cornant;89;3.1893;48.1342;1.945;1.638;369.002;364.0;;26770.0;;A_VALIDER;"APL;FILOS2023;COG2026;CENTRES"
89117;Coulangeron;89;3.47;47.6818;1.374;1.237;200.145;214.0000000000007;;24160.0;;A_VALIDER;"APL;FILOS2023;COG2026;CENTRES"
89118;Coulanges-la-Vineuse;89;3.5849;47.6988;1.386;1.153;859.356;787.0000000000007;;25980.0;;A_VALIDER;"APL;FILOS2023;COG2026;CENTRES"
89119;Coulanges-sur-Yonne;89;3.5236;47.5418;3.095;3.095;592.82;506.0;;23270.0;;A_VALIDER;"APL;FILOS2023;COG2026;CENTRES"
89120;Coulours;89;3.5956;48.1619;1.214;1.214;154.259;140.0;;23950.0;;A_VALIDER;"APL;FILOS2023;COG2026;CENTRES"
89122;Courgenay;89;3.5517;48.2877;1.364;1.364;586.214;565.0000000000001;;23380.0;;A_VALIDER;"APL;FILOS2023;COG2026;CENTRES"
89123;Courgis;89;3.7443;47.7781;1.638;1.338;241.308;241.0;;28300.0;;A_VALIDER;"APL;FILOS2023;COG2026;CENTRES"
89124;Courlon-sur-Yonne;89;3.1787;48.3436;0.898;0.634;1216.066;1190.999999999999;;26650.0;;A_VALIDER;"APL;FILOS2023;COG2026;CENTRES"
89125;Courson-les-Carrières;89;3.5002;47.5992;1.676;1.676;913.279;895.0;;23310.0;;A_VALIDER;"APL;FILOS2023;COG2026;CENTRES"
89126;Courtoin;89;3.1124;48.1225;1.204;1.078;35.957;34.99999999999997;;;;A_VALIDER;"APL;FILOS2023;COG2026;CENTRES"
89127;Courtois-sur-Yonne;89;3.2491;48.2301;2.874;2.361;796.526;783.0000000000003;;28800.0;;A_VALIDER;"APL;FILOS2023;COG2026;CENTRES"
89128;Coutarnoux;89;3.9445;47.6011;2.839;1.667;132.68;131.0;;25540.0;;A_VALIDER;"APL;FILOS2023;COG2026;CENTRES"
89129;Crain;89;3.5734;47.5403;3.095;3.095;440.224;411.0000000000003;;23190.0;;A_VALIDER;"APL;FILOS2023;COG2026;CENTRES"
89130;Deux Rivières;89;3.721;47.6742;1.331;1.166;1292.106;1271.999999999998;;24730.0;;A_VALIDER;"APL;FILOS2023;COG2026;CENTRES"
89131;Cruzy-le-Châtel;89;4.2254;47.8725;1.659;0.938;243.919;223.9999999999994;;22690.0;;A_VALIDER;"APL;FILOS2023;COG2026;CENTRES"
89132;Cry;89;4.2261;47.7046;2.59;1.425;169.678;159.0000000000001;;22570.0;;A_VALIDER;"APL;FILOS2023;COG2026;CENTRES"
89133;Cudot;89;3.1759;47.9807;0.821;0.554;400.734;392.0;;25300.0;;A_VALIDER;"APL;FILOS2023;COG2026;CENTRES"
89134;Cussy-les-Forges;89;4.0264;47.4635;5.227;3.979;333.148;328.0;;24720.0;;A_VALIDER;"APL;FILOS2023;COG2026;CENTRES"
89136;Cuy;89;3.2666;48.2562;2.932;2.444;839.66;862.9999999999997;;25270.0;;A_VALIDER;"APL;FILOS2023;COG2026;CENTRES"
89137;Dannemoine;89;3.9818;47.8978;3.914;2.609;474.866;457.9999999999999;;25430.0;;A_VALIDER;"APL;FILOS2023;COG2026;CENTRES"
89139;Diges;89;3.3886;47.7193;2.398;2.22;1079.491;1059.0;;27190.0;;A_VALIDER;"APL;FILOS2023;COG2026;CENTRES"
89141;Dissangis;89;3.9788;47.5945;1.92;0.837;119.894;119.0;;26160.0;;A_VALIDER;"APL;FILOS2023;COG2026;CENTRES"
89142;Dixmont;89;3.4215;48.0773;0.683;0.683;911.032;898.0;;24640.0;;A_VALIDER;"APL;FILOS2023;COG2026;CENTRES"
89143;Dollot;89;3.0645;48.2101;1.231;1.167;332.485;326.0;;28090.0;;A_VALIDER;"APL;FILOS2023;COG2026;CENTRES"
89144;Domats;89;3.0611;48.1166;1.205;0.953;817.53;795.0;;24880.0;;A_VALIDER;"APL;FILOS2023;COG2026;CENTRES"
89145;Domecy-sur-Cure;89;3.8133;47.4085;2.898;2.809;429.14;406.0;;24490.0;;A_VALIDER;"APL;FILOS2023;COG2026;CENTRES"
89146;Domecy-sur-le-Vault;89;3.8097;47.4901;3.816;3.639;84.941;85.0;;;;A_VALIDER;"APL;FILOS2023;COG2026;CENTRES"
89147;Dracy;89;3.2331;47.7476;1.53;1.53;253.6;236.9999999999999;;25780.0;;A_VALIDER;"APL;FILOS2023;COG2026;CENTRES"
89148;Druyes-les-Belles-Fontaines;89;3.4147;47.5538;2.221;2.221;294.03;273.0000000000009;;25360.0;;A_VALIDER;"APL;FILOS2023;COG2026;CENTRES"
89149;Dyé;89;3.8675;47.8888;2.611;2.176;188.497;188.0;;24040.0;;A_VALIDER;"APL;FILOS2023;COG2026;CENTRES"
89150;Égleny;89;3.3761;47.8099;1.583;1.473;477.106;451.0000000000002;;26640.0;;A_VALIDER;"APL;FILOS2023;COG2026;CENTRES"
89151;Égriselles-le-Bocage;89;3.1818;48.1108;1.281;1.13;1403.941;1387.000000000002;;25880.0;;A_VALIDER;"APL;FILOS2023;COG2026;CENTRES"
89152;Épineau-les-Voves;89;3.4718;47.9443;2.746;2.447;696.518;711.0;;24000.0;;A_VALIDER;"APL;FILOS2023;COG2026;CENTRES"
89153;Épineuil;89;3.9907;47.8809;3.714;2.408;554.143;514.9999999999999;;25710.0;;A_VALIDER;"APL;FILOS2023;COG2026;CENTRES"
89154;Escamps;89;3.4736;47.7219;3.229;2.896;813.72;852.9999999999995;;25500.0;;A_VALIDER;"APL;FILOS2023;COG2026;CENTRES"
89155;Escolives-Sainte-Camille;89;3.6001;47.7212;2.058;1.63;704.316;714.0000000000005;;25260.0;;A_VALIDER;"APL;FILOS2023;COG2026;CENTRES"
89156;Esnon;89;3.5676;48.0104;2.293;1.972;375.246;386.0;;25370.0;;A_VALIDER;"APL;FILOS2023;COG2026;CENTRES"
89158;Étais-la-Sauvin;89;3.3494;47.5094;1.718;1.718;712.982;628.9999999999995;;23460.0;;A_VALIDER;"APL;FILOS2023;COG2026;CENTRES"
89159;Étaule;89;3.9136;47.53;3.398;2.771;396.133;392.0000000000005;;26610.0;;A_VALIDER;"APL;FILOS2023;COG2026;CENTRES"
89160;Étigny;89;3.2777;48.1379;2.474;2.139;781.34;751.9999999999992;;27240.0;;A_VALIDER;"APL;FILOS2023;COG2026;CENTRES"
89161;Étivey;89;4.1413;47.6685;1.681;0.418;207.343;186.0000000000003;;26580.0;;A_VALIDER;"APL;FILOS2023;COG2026;CENTRES"
89162;Évry;89;3.2611;48.2681;2.97;2.444;392.746;397.9999999999999;;28600.0;;A_VALIDER;"APL;FILOS2023;COG2026;CENTRES"
89163;La Ferté-Loupière;89;3.2414;47.8874;0.672;0.249;585.37;547.0000000000001;;23720.0;;A_VALIDER;"APL;FILOS2023;COG2026;CENTRES"
89164;Festigny;89;3.5333;47.5614;2.538;2.538;100.439;92.0;;;;A_VALIDER;"APL;FILOS2023;COG2026;CENTRES"
89165;Flacy;89;3.59;48.2102;2.403;2.403;134.931;122.0;;26280.0;;A_VALIDER;"APL;FILOS2023;COG2026;CENTRES"
89167;Fleury-la-Vallée;89;3.4463;47.8642;1.241;1.159;1025.882;1019.0;;26020.0;;A_VALIDER;"APL;FILOS2023;COG2026;CENTRES"
89168;Fleys;89;3.8629;47.8172;3.833;2.963;164.476;175.0;;28770.0;;A_VALIDER;"APL;FILOS2023;COG2026;CENTRES"
89169;Flogny-la-Chapelle;89;3.8786;47.9621;3.396;2.701;988.658;946.9999999999992;;23990.0;;A_VALIDER;"APL;FILOS2023;COG2026;CENTRES"
89170;Foissy-lès-Vézelay;89;3.763;47.4379;2.968;2.968;123.467;115.0;;22480.0;;A_VALIDER;"APL;FILOS2023;COG2026;CENTRES"
89171;Foissy-sur-Vanne;89;3.5055;48.2234;1.645;1.645;284.445;286.0000000000002;;23510.0;;A_VALIDER;"APL;FILOS2023;COG2026;CENTRES"
89172;Fontaine-la-Gaillarde;89;3.401;48.2241;3.157;2.821;520.529;517.9999999999998;;29040.0;;A_VALIDER;"APL;FILOS2023;COG2026;CENTRES"
89173;Fontaines;89;3.2665;47.6909;3.237;3.237;470.615;462.0;;25320.0;;A_VALIDER;"APL;FILOS2023;COG2026;CENTRES"
89175;Fontenay-près-Chablis;89;3.8129;47.8435;1.964;1.896;137.155;136.0;;33140.0;;A_VALIDER;"APL;FILOS2023;COG2026;CENTRES"
89176;Fontenay-près-Vézelay;89;3.7331;47.4171;3.315;3.125;144.692;136.0;;25150.0;;A_VALIDER;"APL;FILOS2023;COG2026;CENTRES"
89177;Fontenay-sous-Fouronnes;89;3.6015;47.6234;1.338;1.338;82.346;81.0000000000001;;;;A_VALIDER;"APL;FILOS2023;COG2026;CENTRES"
89179;Fontenoy;89;3.2941;47.6498;3.062;3.062;322.204;293.0000000000002;;24290.0;;A_VALIDER;"APL;FILOS2023;COG2026;CENTRES"
89180;Fouchères;89;3.1464;48.1786;1.914;1.67;467.844;459.9999999999999;;26630.0;;A_VALIDER;"APL;FILOS2023;COG2026;CENTRES"
89181;Fournaudin;89;3.646;48.148;1.0;1.0;142.989;130.0;;26450.0;;A_VALIDER;"APL;FILOS2023;COG2026;CENTRES"
89182;Fouronnes;89;3.5542;47.6078;1.073;1.073;180.686;181.9999999999995;;23530.0;;A_VALIDER;"APL;FILOS2023;COG2026;CENTRES"
89183;Fresnes;89;3.9931;47.763;2.255;0.736;71.313;62.0;;;;A_VALIDER;"APL;FILOS2023;COG2026;CENTRES"
89184;Fulvy;89;4.1633;47.7415;3.415;1.255;137.381;129.0;;25840.0;;A_VALIDER;"APL;FILOS2023;COG2026;CENTRES"
89186;Germigny;89;3.7937;47.9958;3.906;3.127;548.145;530.9999999999999;;26220.0;;A_VALIDER;"APL;FILOS2023;COG2026;CENTRES"
89187;Gigny;89;4.303;47.8297;2.699;1.979;95.13;83.0;;;;A_VALIDER;"APL;FILOS2023;COG2026;CENTRES"
89188;Girolles;89;3.8385;47.547;2.827;2.65;194.011;189.0;;25080.0;;A_VALIDER;"APL;FILOS2023;COG2026;CENTRES"
89189;Gisy-les-Nobles;89;3.2543;48.2863;2.221;1.805;568.359;556.0000000000005;;26410.0;;A_VALIDER;"APL;FILOS2023;COG2026;CENTRES"
89190;Givry;89;3.7957;47.512;3.816;3.639;187.938;178.0000000000001;;26470.0;;A_VALIDER;"APL;FILOS2023;COG2026;CENTRES"
89191;Gland;89;4.2211;47.817;2.797;1.357;54.195;41.0000000000001;;;;A_VALIDER;"APL;FILOS2023;COG2026;CENTRES"
89194;Grimault;89;3.9694;47.6612;2.268;0.281;122.051;111.0000000000001;;23680.0;;A_VALIDER;"APL;FILOS2023;COG2026;CENTRES"
89195;Gron;89;3.2542;48.1558;2.572;2.211;1256.676;1260.0;;26430.0;;A_VALIDER;"APL;FILOS2023;COG2026;CENTRES"
89196;Valravillon;89;3.4344;47.9025;1.709;1.553;1727.221;1777.0;;26620.0;;A_VALIDER;"APL;FILOS2023;COG2026;CENTRES"
89197;Guillon-Terre-Plaine;89;4.0701;47.5243;4.154;3.111;787.892;712.0;;25240.0;;A_VALIDER;"APL;FILOS2023;COG2026;CENTRES"
89198;Gurgy;89;3.5675;47.8805;2.103;1.949;1766.446;1723.999999999998;;27150.0;;A_VALIDER;"APL;FILOS2023;COG2026;CENTRES"
89199;Gy-l'Évêque;89;3.5289;47.7108;2.129;1.824;444.358;446.0;;25130.0;;A_VALIDER;"APL;FILOS2023;COG2026;CENTRES"
89200;Hauterive;89;3.6086;47.9338;1.913;1.846;394.75;393.0;;27840.0;;A_VALIDER;"APL;FILOS2023;COG2026;CENTRES"
89201;Héry;89;3.6357;47.8984;1.624;1.624;1793.715;1788.999999999997;;27730.0;;A_VALIDER;"APL;FILOS2023;COG2026;CENTRES"
89202;Irancy;89;3.7016;47.7117;0.983;0.668;257.606;243.0000000000002;;27740.0;;A_VALIDER;"APL;FILOS2023;COG2026;CENTRES"
89203;Island;89;3.8534;47.4567;3.816;3.639;194.376;188.0;;29130.0;;A_VALIDER;"APL;FILOS2023;COG2026;CENTRES"
89204;L'Isle-sur-Serein;89;4.0215;47.5868;3.254;2.082;732.856;664.0000000000001;;22770.0;;A_VALIDER;"APL;FILOS2023;COG2026;CENTRES"
89205;Jaulges;89;3.7898;47.9594;3.439;2.919;431.373;430.9999999999993;;25440.0;;A_VALIDER;"APL;FILOS2023;COG2026;CENTRES"
89206;Joigny;89;3.4092;48.0093;2.364;2.153;9294.843;9055.0;32.0;20070.0;;A_VALIDER;"APL;FILOS2023;COG2026;CENTRES"
89207;Jouancy;89;4.039;47.6719;1.626;0.0;29.159;27.99999999999999;;;;A_VALIDER;"APL;FILOS2023;COG2026;CENTRES"
89208;Joux-la-Ville;89;3.8576;47.6171;2.047;1.236;1129.871;1164.0;;24230.0;;A_VALIDER;"APL;FILOS2023;COG2026;CENTRES"
89209;Jouy;89;2.9701;48.1671;1.156;1.029;490.185;518.9999999999995;;28250.0;;A_VALIDER;"APL;FILOS2023;COG2026;CENTRES"
89210;Jully;89;4.2983;47.7731;2.797;1.357;135.539;123.0000000000001;;22250.0;;A_VALIDER;"APL;FILOS2023;COG2026;CENTRES"
89211;Junay;89;3.9395;47.8802;3.914;2.609;76.281;63.99999999999974;;;;A_VALIDER;"APL;FILOS2023;COG2026;CENTRES"
89212;Jussy;89;3.5715;47.7136;2.213;1.784;372.995;355.0000000000006;;27650.0;;A_VALIDER;"APL;FILOS2023;COG2026;CENTRES"
89214;Lailly;89;3.5034;48.2637;1.519;1.519;208.25;202.0000000000008;;24620.0;;A_VALIDER;"APL;FILOS2023;COG2026;CENTRES"
89215;Lain;89;3.3432;47.6128;2.241;2.241;196.369;177.9999999999993;;23900.0;;A_VALIDER;"APL;FILOS2023;COG2026;CENTRES"
89216;Lainsecq;89;3.28;47.5462;2.178;2.178;360.287;324.0000000000002;;23360.0;;A_VALIDER;"APL;FILOS2023;COG2026;CENTRES"
89217;Lalande;89;3.3088;47.6807;2.38;2.38;128.345;133.0000000000001;;28140.0;;A_VALIDER;"APL;FILOS2023;COG2026;CENTRES"
89218;Laroche-Saint-Cydroine;89;3.4682;47.9743;2.2;1.901;1253.995;1209.0;;24660.0;;A_VALIDER;"APL;FILOS2023;COG2026;CENTRES"
89219;Lasson;89;3.8097;48.0641;3.742;3.081;152.393;142.0000000000001;;26850.0;;A_VALIDER;"APL;FILOS2023;COG2026;CENTRES"
89220;Lavau;89;3.0021;47.6011;2.367;1.056;469.272;391.0;;21640.0;;A_VALIDER;"APL;FILOS2023;COG2026;CENTRES"
89221;Leugny;89;3.3762;47.6854;2.343;2.206;326.718;316.9999999999998;;25710.0;;A_VALIDER;"APL;FILOS2023;COG2026;CENTRES"
89222;Levis;89;3.3307;47.6577;2.794;2.794;232.845;222.0000000000003;;24420.0;;A_VALIDER;"APL;FILOS2023;COG2026;CENTRES"
89223;Lézinnes;89;4.0638;47.8026;3.448;1.572;727.256;664.0;;24190.0;;A_VALIDER;"APL;FILOS2023;COG2026;CENTRES"
89224;Lichères-près-Aigremont;89;3.8389;47.7185;2.472;1.388;163.467;155.9999999999995;;22640.0;;A_VALIDER;"APL;FILOS2023;COG2026;CENTRES"
89225;Lichères-sur-Yonne;89;3.5955;47.4901;3.156;3.156;40.602;40.99999999999999;;;;A_VALIDER;"APL;FILOS2023;COG2026;CENTRES"
89226;Lignorelles;89;3.7295;47.862;1.77;1.634;187.48;185.9999999999999;;32340.0;;A_VALIDER;"APL;FILOS2023;COG2026;CENTRES"
89227;Ligny-le-Châtel;89;3.7594;47.9223;2.457;2.338;1295.493;1210.999999999998;;26020.0;;A_VALIDER;"APL;FILOS2023;COG2026;CENTRES"
89228;Lindry;89;3.425;47.7998;2.647;2.452;1311.848;1334.0;;27000.0;;A_VALIDER;"APL;FILOS2023;COG2026;CENTRES"
89229;Lixy;89;3.1104;48.248;1.226;1.074;472.28;489.0000000000001;;26160.0;;A_VALIDER;"APL;FILOS2023;COG2026;CENTRES"
89230;Looze;89;3.4415;48.0025;1.608;1.377;427.937;437.9999999999998;;28020.0;;A_VALIDER;"APL;FILOS2023;COG2026;CENTRES"
89232;Lucy-le-Bois;89;3.8883;47.5653;2.479;1.941;317.821;322.0;;24830.0;;A_VALIDER;"APL;FILOS2023;COG2026;CENTRES"
89233;Lucy-sur-Cure;89;3.772;47.6365;0.795;0.795;216.406;206.0000000000001;;22280.0;;A_VALIDER;"APL;FILOS2023;COG2026;CENTRES"
89234;Lucy-sur-Yonne;89;3.5668;47.5143;2.909;2.909;125.015;119.0;;23920.0;;A_VALIDER;"APL;FILOS2023;COG2026;CENTRES"
89235;Magny;89;3.9757;47.4685;4.752;3.713;893.555;872.0000000000008;;27070.0;;A_VALIDER;"APL;FILOS2023;COG2026;CENTRES"
89236;Maillot;89;3.314;48.1629;3.393;2.902;1298.946;1271.0;;25570.0;;A_VALIDER;"APL;FILOS2023;COG2026;CENTRES"
89237;Mailly-la-Ville;89;3.6881;47.5839;1.129;1.129;526.622;494.0000000000001;;23260.0;;A_VALIDER;"APL;FILOS2023;COG2026;CENTRES"
89238;Mailly-le-Château;89;3.5972;47.5788;1.462;1.462;623.894;523.0000000000003;;23860.0;;A_VALIDER;"APL;FILOS2023;COG2026;CENTRES"
89239;Malay-le-Grand;89;3.3511;48.1657;1.717;1.537;1718.484;1635.000000000002;;27430.0;;A_VALIDER;"APL;FILOS2023;COG2026;CENTRES"
89240;Malay-le-Petit;89;3.3781;48.1871;2.199;2.043;321.462;310.0000000000001;;26820.0;;A_VALIDER;"APL;FILOS2023;COG2026;CENTRES"
89242;Maligny;89;3.8004;47.8673;2.23;2.162;768.011;780.0;;25640.0;;A_VALIDER;"APL;FILOS2023;COG2026;CENTRES"
89244;Marmeaux;89;4.1075;47.5881;1.724;1.363;84.914;83.99999999999964;;;;A_VALIDER;"APL;FILOS2023;COG2026;CENTRES"
89245;Marsangy;89;3.2471;48.116;1.547;1.366;855.452;858.0000000000001;;28020.0;;A_VALIDER;"APL;FILOS2023;COG2026;CENTRES"
89246;Massangis;89;3.9775;47.6232;2.047;0.421;368.409;337.0;;23010.0;;A_VALIDER;"APL;FILOS2023;COG2026;CENTRES"
89247;Mélisey;89;4.0751;47.9217;1.171;0.736;249.904;224.9999999999996;;25740.0;;A_VALIDER;"APL;FILOS2023;COG2026;CENTRES"
89248;Menades;89;3.8281;47.4409;4.806;4.629;39.559;37.00000000000001;;;;A_VALIDER;"APL;FILOS2023;COG2026;CENTRES"
89249;Mercy;89;3.6265;48.0307;2.549;2.103;74.543;77.0;;;;A_VALIDER;"APL;FILOS2023;COG2026;CENTRES"
89250;Méré;89;3.8182;47.9001;2.073;2.073;167.246;168.0000000000004;;22970.0;;A_VALIDER;"APL;FILOS2023;COG2026;CENTRES"
89251;Merry-la-Vallée;89;3.3119;47.7879;1.329;1.329;381.993;361.0;;25550.0;;A_VALIDER;"APL;FILOS2023;COG2026;CENTRES"
89252;Merry-Sec;89;3.4834;47.6635;1.914;1.845;181.923;174.9999999999997;;23430.0;;A_VALIDER;"APL;FILOS2023;COG2026;CENTRES"
89253;Merry-sur-Yonne;89;3.642;47.5583;1.011;1.011;212.618;189.0;;25460.0;;A_VALIDER;"APL;FILOS2023;COG2026;CENTRES"
89254;Mézilles;89;3.1736;47.696;4.187;3.278;560.445;516.0;;23700.0;;A_VALIDER;"APL;FILOS2023;COG2026;CENTRES"
89255;Michery;89;3.2441;48.3143;2.078;1.616;1093.46;1080.0;;26990.0;;A_VALIDER;"APL;FILOS2023;COG2026;CENTRES"
89256;Migé;89;3.5325;47.6772;1.218;1.067;395.787;391.9999999999997;;26810.0;;A_VALIDER;"APL;FILOS2023;COG2026;CENTRES"
89257;Migennes;89;3.5337;47.9715;1.986;1.736;6999.728;6877.999999999992;30.0;19720.0;;A_VALIDER;"APL;FILOS2023;COG2026;CENTRES"
89259;Môlay;89;3.9363;47.7361;2.797;0.736;105.652;100.0;;;;A_VALIDER;"APL;FILOS2023;COG2026;CENTRES"
89261;Molinons;89;3.5431;48.2229;1.364;1.364;271.373;271.9999999999998;;26030.0;;A_VALIDER;"APL;FILOS2023;COG2026;CENTRES"
89262;Molosmes;89;4.0279;47.9021;2.342;1.472;162.456;160.0000000000001;;25510.0;;A_VALIDER;"APL;FILOS2023;COG2026;CENTRES"
89263;Monéteau;89;3.5916;47.8483;2.999;2.691;4363.013;4113.000000000004;11.0;25830.0;;A_VALIDER;"APL;FILOS2023;COG2026;CENTRES"
89264;Montacher-Villegardin;89;3.0334;48.165;1.05;1.05;722.553;719.0000000000007;;26290.0;;A_VALIDER;"APL;FILOS2023;COG2026;CENTRES"
89265;Montigny-la-Resle;89;3.6801;47.8614;2.233;2.012;565.58;581.9999999999998;;28250.0;;A_VALIDER;"APL;FILOS2023;COG2026;CENTRES"
89266;Montillot;89;3.7198;47.5093;1.979;1.979;273.884;251.0000000000005;;23990.0;;A_VALIDER;"APL;FILOS2023;COG2026;CENTRES"
89267;Montréal;89;4.0517;47.5467;3.378;2.749;179.247;165.9999999999998;;26370.0;;A_VALIDER;"APL;FILOS2023;COG2026;CENTRES"
89268;Mont-Saint-Sulpice;89;3.6322;47.9522;2.443;2.189;771.583;782.9999999999985;;26670.0;;A_VALIDER;"APL;FILOS2023;COG2026;CENTRES"
89270;Mouffy;89;3.5134;47.6483;1.033;0.964;130.842;133.0000000000001;;22930.0;;A_VALIDER;"APL;FILOS2023;COG2026;CENTRES"
89271;Moulins-en-Tonnerrois;89;4.043;47.7314;2.765;0.418;119.225;108.0;;25050.0;;A_VALIDER;"APL;FILOS2023;COG2026;CENTRES"
89272;Moulins-sur-Ouanne;89;3.3459;47.703;2.338;2.27;277.782;279.0000000000002;;24480.0;;A_VALIDER;"APL;FILOS2023;COG2026;CENTRES"
89273;Moutiers-en-Puisaye;89;3.1726;47.6113;3.977;3.224;293.558;269.9999999999998;;24980.0;;A_VALIDER;"APL;FILOS2023;COG2026;CENTRES"
89274;Nailly;89;3.2101;48.2182;2.668;2.155;1344.334;1329.000000000001;;26330.0;;A_VALIDER;"APL;FILOS2023;COG2026;CENTRES"
89276;Neuvy-Sautour;89;3.7906;48.0443;3.57;2.909;929.495;880.9999999999994;;24280.0;;A_VALIDER;"APL;FILOS2023;COG2026;CENTRES"
89277;Nitry;89;3.8724;47.6763;1.417;0.265;363.332;371.9999999999999;;25430.0;;A_VALIDER;"APL;FILOS2023;COG2026;CENTRES"
89278;Noé;89;3.3943;48.1512;2.06;1.905;550.559;563.0000000000001;;25820.0;;A_VALIDER;"APL;FILOS2023;COG2026;CENTRES"
89279;Noyers;89;3.9714;47.703;1.947;0.14;676.308;590.0000000000007;;26220.0;;A_VALIDER;"APL;FILOS2023;COG2026;CENTRES"
89280;Nuits;89;4.1888;47.7224;2.277;0.836;380.183;372.0000000000001;;23360.0;;A_VALIDER;"APL;FILOS2023;COG2026;CENTRES"
89281;Les Ormes;89;3.2598;47.8459;0.929;0.648;293.183;284.0;;24580.0;;A_VALIDER;"APL;FILOS2023;COG2026;CENTRES"
89282;Ormoy;89;3.5751;47.9519;2.656;2.403;670.296;649.9999999999992;;27120.0;;A_VALIDER;"APL;FILOS2023;COG2026;CENTRES"
89283;Ouanne;89;3.4163;47.6592;1.835;1.767;624.439;583.9999999999999;;24590.0;;A_VALIDER;"APL;FILOS2023;COG2026;CENTRES"
89284;Pacy-sur-Armançon;89;4.0815;47.7699;5.129;1.991;202.106;179.9999999999998;;25460.0;;A_VALIDER;"APL;FILOS2023;COG2026;CENTRES"
89285;Pailly;89;3.3379;48.3461;1.455;1.392;279.375;291.0000000000001;;24180.0;;A_VALIDER;"APL;FILOS2023;COG2026;CENTRES"
89286;Parly;89;3.3408;47.7579;2.355;2.286;817.809;826.9999999999993;;26550.0;;A_VALIDER;"APL;FILOS2023;COG2026;CENTRES"
89287;Paron;89;3.2355;48.1857;3.537;2.932;4811.393;4854.999999999997;17.0;23740.0;;A_VALIDER;"APL;FILOS2023;COG2026;CENTRES"
89288;Paroy-en-Othe;89;3.5718;48.0298;1.845;1.659;166.011;154.0;;26410.0;;A_VALIDER;"APL;FILOS2023;COG2026;CENTRES"
89289;Paroy-sur-Tholon;89;3.3734;47.9537;2.606;2.254;302.238;297.0;;26140.0;;A_VALIDER;"APL;FILOS2023;COG2026;CENTRES"
89290;Pasilly;89;4.0836;47.7018;3.086;0.559;55.646;50.0;;;;A_VALIDER;"APL;FILOS2023;COG2026;CENTRES"
89291;Passy;89;3.3043;48.1142;1.372;1.216;329.118;329.0;;27820.0;;A_VALIDER;"APL;FILOS2023;COG2026;CENTRES"
89292;Percey;89;3.8355;47.9691;2.926;2.406;254.451;248.0000000000002;;24810.0;;A_VALIDER;"APL;FILOS2023;COG2026;CENTRES"
89295;Perrigny;89;3.5297;47.8265;3.366;2.881;1392.83;1254.0;;29320.0;;A_VALIDER;"APL;FILOS2023;COG2026;CENTRES"
89296;Perrigny-sur-Armançon;89;4.2224;47.689;2.59;1.425;132.853;125.0000000000005;;23480.0;;A_VALIDER;"APL;FILOS2023;COG2026;CENTRES"
89297;Pierre-Perthuis;89;3.7897;47.4324;3.887;3.799;110.593;104.0;;;;A_VALIDER;"APL;FILOS2023;COG2026;CENTRES"
89298;Piffonds;89;3.1444;48.0563;1.393;1.014;590.748;588.0000000000007;;26540.0;;A_VALIDER;"APL;FILOS2023;COG2026;CENTRES"
89299;Pimelles;89;4.1724;47.842;2.797;1.357;58.992;62.00000000000001;;;;A_VALIDER;"APL;FILOS2023;COG2026;CENTRES"
89300;Pisy;89;4.1421;47.5756;1.654;1.473;88.549;80.0;;;;A_VALIDER;"APL;FILOS2023;COG2026;CENTRES"
89302;Plessis-Saint-Jean;89;3.303;48.3422;1.501;1.392;226.471;218.0;;26980.0;;A_VALIDER;"APL;FILOS2023;COG2026;CENTRES"
89303;Poilly-sur-Serein;89;3.8898;47.7636;2.571;1.594;253.359;243.0000000000003;;26470.0;;A_VALIDER;"APL;FILOS2023;COG2026;CENTRES"
89304;Poilly-sur-Tholon;89;3.4018;47.8516;0.903;0.721;652.113;670.0;;26750.0;;A_VALIDER;"APL;FILOS2023;COG2026;CENTRES"
89306;Pontaubert;89;3.87;47.4919;4.735;4.47;383.932;361.0;;25190.0;;A_VALIDER;"APL;FILOS2023;COG2026;CENTRES"
89307;Pontigny;89;3.7114;47.9038;2.306;2.119;777.327;773.9999999999999;;26290.0;;A_VALIDER;"APL;FILOS2023;COG2026;CENTRES"
89308;Pont-sur-Vanne;89;3.4403;48.1974;1.305;1.305;214.615;205.0;;26270.0;;A_VALIDER;"APL;FILOS2023;COG2026;CENTRES"
89309;Pont-sur-Yonne;89;3.1885;48.2807;2.207;1.72;3484.994;3357.000000000001;17.0;23490.0;;A_VALIDER;"APL;FILOS2023;COG2026;CENTRES"
89310;La Postolle;89;3.4534;48.288;1.59;1.59;161.222;152.0;;28350.0;;A_VALIDER;"APL;FILOS2023;COG2026;CENTRES"
89311;Pourrain;89;3.4162;47.7689;3.437;3.104;1351.987;1284.0;;27000.0;;A_VALIDER;"APL;FILOS2023;COG2026;CENTRES"
89312;Précy-le-Sec;89;3.8263;47.5905;0.265;0.265;229.377;238.0;;24460.0;;A_VALIDER;"APL;FILOS2023;COG2026;CENTRES"
89313;Précy-sur-Vrin;89;3.229;47.9746;1.143;0.814;451.293;429.9999999999993;;26890.0;;A_VALIDER;"APL;FILOS2023;COG2026;CENTRES"
89314;Prégilbert;89;3.6843;47.638;1.217;1.134;183.448;180.0;;25770.0;;A_VALIDER;"APL;FILOS2023;COG2026;CENTRES"
89315;Préhy;89;3.7857;47.7531;1.867;1.634;159.698;163.9999999999998;;26470.0;;A_VALIDER;"APL;FILOS2023;COG2026;CENTRES"
89316;Provency;89;3.9546;47.5408;3.215;2.497;247.145;249.0;;25630.0;;A_VALIDER;"APL;FILOS2023;COG2026;CENTRES"
89318;Quarré-les-Tombes;89;4.0186;47.3598;0.297;0.0;684.581;621.0000000000005;;23980.0;;A_VALIDER;"APL;FILOS2023;COG2026;CENTRES"
89319;Quenne;89;3.6564;47.7781;2.433;1.897;488.079;488.9999999999994;;29420.0;;A_VALIDER;"APL;FILOS2023;COG2026;CENTRES"
89320;Quincerot;89;4.1639;47.9415;0.29;0.29;58.378;52.0000000000002;;;;A_VALIDER;"APL;FILOS2023;COG2026;CENTRES"
89321;Ravières;89;4.2592;47.7384;2.277;0.836;800.022;727.0;;21840.0;;A_VALIDER;"APL;FILOS2023;COG2026;CENTRES"
89323;Roffey;89;3.9122;47.91;3.148;2.278;147.617;146.0;;23710.0;;A_VALIDER;"APL;FILOS2023;COG2026;CENTRES"
89324;Rogny-les-Sept-Écluses;89;2.8928;47.7342;1.607;0.856;772.969;699.0;;23810.0;;A_VALIDER;"APL;FILOS2023;COG2026;CENTRES"
89325;Ronchères;89;3.122;47.6592;4.289;3.13;91.246;87.99999999999994;;;;A_VALIDER;"APL;FILOS2023;COG2026;CENTRES"
89326;Rosoy;89;3.314;48.1485;2.526;2.19;1062.68;1077.0;;28320.0;;A_VALIDER;"APL;FILOS2023;COG2026;CENTRES"
89327;Rousson;89;3.2627;48.0905;0.726;0.726;395.235;385.9999999999999;;27050.0;;A_VALIDER;"APL;FILOS2023;COG2026;CENTRES"
89328;Rouvray;89;3.6685;47.8974;1.574;1.387;361.354;367.9999999999998;;27250.0;;A_VALIDER;"APL;FILOS2023;COG2026;CENTRES"
89329;Rugny;89;4.1459;47.8976;0.0;0.0;79.825;75.0;;;;A_VALIDER;"APL;FILOS2023;COG2026;CENTRES"
89331;Sainpuits;89;3.2507;47.5123;1.652;1.652;314.061;290.0000000000002;;26150.0;;A_VALIDER;"APL;FILOS2023;COG2026;CENTRES"
89332;Saint-Agnan;89;3.0557;48.3024;1.323;1.168;922.82;933.9999999999995;;26990.0;;A_VALIDER;"APL;FILOS2023;COG2026;CENTRES"
89333;Saint-André-en-Terre-Plaine;89;4.0582;47.4836;3.69;3.008;168.512;158.9999999999999;;24400.0;;A_VALIDER;"APL;FILOS2023;COG2026;CENTRES"
89334;Le Val d'Ocre;89;3.296;47.8243;1.383;1.242;575.782;559.0;;24690.0;;A_VALIDER;"APL;FILOS2023;COG2026;CENTRES"
89335;Saint-Aubin-sur-Yonne;89;3.3626;47.9964;2.365;2.222;442.529;434.9999999999995;;24740.0;;A_VALIDER;"APL;FILOS2023;COG2026;CENTRES"
89336;Saint-Brancher;89;3.9907;47.4327;0.712;0.415;295.837;277.0000000000002;;25500.0;;A_VALIDER;"APL;FILOS2023;COG2026;CENTRES"
89337;Saint-Bris-le-Vineux;89;3.6606;47.7428;1.776;1.348;1130.207;1024.0;;27420.0;;A_VALIDER;"APL;FILOS2023;COG2026;CENTRES"
89338;Saint-Clément;89;3.3183;48.2234;3.84;3.196;3020.421;2813.000000000004;13.0;24920.0;;A_VALIDER;"APL;FILOS2023;COG2026;CENTRES"
89339;Sainte-Colombe;89;3.9521;47.5748;2.297;1.667;192.637;185.0;;26610.0;;A_VALIDER;"APL;FILOS2023;COG2026;CENTRES"
89341;Saint-Cyr-les-Colons;89;3.7674;47.7294;1.888;1.573;428.94;445.9999999999996;;25970.0;;A_VALIDER;"APL;FILOS2023;COG2026;CENTRES"
89342;Saint-Denis-lès-Sens;89;3.2643;48.2321;4.016;3.348;666.002;623.9999999999995;;23860.0;;A_VALIDER;"APL;FILOS2023;COG2026;CENTRES"
89344;Saint-Fargeau;89;3.0814;47.6481;4.433;2.854;1606.335;1465.999999999999;;22670.0;;A_VALIDER;"APL;FILOS2023;COG2026;CENTRES"
89345;Saint-Florentin;89;3.7125;47.9942;3.31;2.672;4461.278;4230.0;31.0;19880.0;;A_VALIDER;"APL;FILOS2023;COG2026;CENTRES"
89346;Saint-Georges-sur-Baulche;89;3.5163;47.8028;3.145;2.728;3578.216;3175.999999999995;6.0;29760.0;;A_VALIDER;"APL;FILOS2023;COG2026;CENTRES"
89347;Saint-Germain-des-Champs;89;3.9247;47.4191;2.827;2.65;368.673;343.9999999999994;;25440.0;;A_VALIDER;"APL;FILOS2023;COG2026;CENTRES"
89348;Saint-Julien-du-Sault;89;3.2761;48.0289;1.171;1.124;2314.259;2201.999999999995;;24070.0;;A_VALIDER;"APL;FILOS2023;COG2026;CENTRES"
89349;Saint-Léger-Vauban;89;4.0605;47.3726;1.023;0.43;401.314;358.0;;25990.0;;A_VALIDER;"APL;FILOS2023;COG2026;CENTRES"
89350;Saint-Loup-d'Ordon;89;3.1416;48.0104;1.058;0.806;247.781;248.0000000000002;;23810.0;;A_VALIDER;"APL;FILOS2023;COG2026;CENTRES"
89351;Sainte-Magnance;89;4.079;47.4542;3.75;2.771;485.685;480.0000000000007;;23960.0;;A_VALIDER;"APL;FILOS2023;COG2026;CENTRES"
89352;Saint-Martin-des-Champs;89;3.0283;47.6571;2.359;1.211;282.235;258.9999999999995;;24510.0;;A_VALIDER;"APL;FILOS2023;COG2026;CENTRES"
89353;Saint-Martin-d'Ordon;89;3.1644;48.0252;1.012;0.759;411.149;419.9999999999991;;24970.0;;A_VALIDER;"APL;FILOS2023;COG2026;CENTRES"
89354;Saint-Martin-du-Tertre;89;3.2353;48.2054;3.533;2.865;1570.34;1553.000000000001;;26450.0;;A_VALIDER;"APL;FILOS2023;COG2026;CENTRES"
89355;Saint-Martin-sur-Armançon;89;4.0667;47.8764;2.342;1.472;151.657;141.0000000000003;;23150.0;;A_VALIDER;"APL;FILOS2023;COG2026;CENTRES"
89359;Saint-Maurice-aux-Riches-Hommes;89;3.5008;48.3301;1.022;1.022;494.404;408.0000000000002;;25730.0;;A_VALIDER;"APL;FILOS2023;COG2026;CENTRES"
89360;Saint-Maurice-le-Vieil;89;3.3718;47.8215;1.212;1.171;383.475;372.0;;25870.0;;A_VALIDER;"APL;FILOS2023;COG2026;CENTRES"
89361;Saint-Maurice-Thizouaille;89;3.3626;47.8331;1.412;1.23;243.546;254.9999999999997;;24540.0;;A_VALIDER;"APL;FILOS2023;COG2026;CENTRES"
89362;Saint-Moré;89;3.7748;47.5746;2.438;2.35;193.373;176.9999999999997;;24620.0;;A_VALIDER;"APL;FILOS2023;COG2026;CENTRES"
89363;Sainte-Pallaye;89;3.6807;47.6542;1.217;1.134;97.416;98.0;;;;A_VALIDER;"APL;FILOS2023;COG2026;CENTRES"
89364;Saint-Père;89;3.7738;47.465;3.887;3.799;312.714;286.9999999999997;;23080.0;;A_VALIDER;"APL;FILOS2023;COG2026;CENTRES"
89365;Saint-Privé;89;3.0046;47.6865;2.236;0.707;553.668;517.9999999999997;;23680.0;;A_VALIDER;"APL;FILOS2023;COG2026;CENTRES"
89367;Saints-en-Puisaye;89;3.2732;47.6241;3.131;2.872;583.56;545.9999999999999;;23890.0;;A_VALIDER;"APL;FILOS2023;COG2026;CENTRES"
89368;Saint-Sauveur-en-Puisaye;89;3.196;47.6358;3.977;3.224;1068.01;906.999999999998;;23460.0;;A_VALIDER;"APL;FILOS2023;COG2026;CENTRES"
89369;Saint-Sérotin;89;3.162;48.2486;1.088;0.827;574.061;596.9999999999992;;27490.0;;A_VALIDER;"APL;FILOS2023;COG2026;CENTRES"
89370;Saint-Valérien;89;3.0987;48.1809;1.27;1.182;1869.755;1806.000000000001;;24040.0;;A_VALIDER;"APL;FILOS2023;COG2026;CENTRES"
89371;Sainte-Vertu;89;3.9058;47.734;2.684;1.165;77.155;67.0;;;;A_VALIDER;"APL;FILOS2023;COG2026;CENTRES"
89373;Saligny;89;3.351;48.2169;3.121;2.722;681.051;658.0000000000001;;29700.0;;A_VALIDER;"APL;FILOS2023;COG2026;CENTRES"
89374;Sambourg;89;4.0111;47.7731;3.394;1.154;68.358;64.9999999999998;;;;A_VALIDER;"APL;FILOS2023;COG2026;CENTRES"
89375;Santigny;89;4.1183;47.5833;1.975;1.614;88.113;88.00000000000018;;;;A_VALIDER;"APL;FILOS2023;COG2026;CENTRES"
89376;Sarry;89;4.075;47.6646;2.865;0.699;138.504;134.0000000000002;;28400.0;;A_VALIDER;"APL;FILOS2023;COG2026;CENTRES"
89377;Sauvigny-le-Beuréal;89;4.1086;47.4787;2.617;2.14;79.781;67.00000000000004;;;;A_VALIDER;"APL;FILOS2023;COG2026;CENTRES"
89378;Sauvigny-le-Bois;89;3.9618;47.5125;4.11;3.187;747.065;739.0000000000006;;26260.0;;A_VALIDER;"APL;FILOS2023;COG2026;CENTRES"
89379;Savigny-en-Terre-Plaine;89;4.0857;47.4903;4.262;3.4;148.359;139.0;;24060.0;;A_VALIDER;"APL;FILOS2023;COG2026;CENTRES"
89380;Savigny-sur-Clairis;89;3.0843;48.0774;1.374;0.854;537.812;451.0;;26800.0;;A_VALIDER;"APL;FILOS2023;COG2026;CENTRES"
89382;Seignelay;89;3.5944;47.8998;2.987;2.833;1520.938;1460.0;;26150.0;;A_VALIDER;"APL;FILOS2023;COG2026;CENTRES"
89383;Sementron;89;3.3598;47.6232;2.98;2.98;115.126;104.0000000000001;;;;A_VALIDER;"APL;FILOS2023;COG2026;CENTRES"
89384;Senan;89;3.3444;47.9189;2.107;1.662;704.658;680.0;;25360.0;;A_VALIDER;"APL;FILOS2023;COG2026;CENTRES"
89385;Sennevoy-le-Bas;89;4.3095;47.8012;2.179;1.459;91.145;77.0;;;;A_VALIDER;"APL;FILOS2023;COG2026;CENTRES"
89386;Sennevoy-le-Haut;89;4.2639;47.814;2.179;1.459;128.132;120.9999999999999;;;;A_VALIDER;"APL;FILOS2023;COG2026;CENTRES"
89387;Sens;89;3.3039;48.1949;3.666;3.061;27557.314;27275.0;29.0;20780.0;;A_VALIDER;"APL;FILOS2023;COG2026;CENTRES"
89388;Sépeaux-Saint Romain;89;3.2402;47.9346;2.01;1.413;519.604;488.9999999999994;;25600.0;;A_VALIDER;"APL;FILOS2023;COG2026;CENTRES"
89390;Serbonnes;89;3.2058;48.3304;1.159;0.852;673.591;693.0000000000002;;27450.0;;A_VALIDER;"APL;FILOS2023;COG2026;CENTRES"
89391;Sergines;89;3.2497;48.3459;1.266;1.094;1283.643;1235.0;;25270.0;;A_VALIDER;"APL;FILOS2023;COG2026;CENTRES"
89392;Sermizelles;89;3.7972;47.5405;4.081;3.904;252.243;248.9999999999999;;24260.0;;A_VALIDER;"APL;FILOS2023;COG2026;CENTRES"
89393;Serrigny;89;3.914;47.8317;3.401;2.531;112.785;115.0000000000005;;26130.0;;A_VALIDER;"APL;FILOS2023;COG2026;CENTRES"
89394;Sery;89;3.6891;47.6192;0.633;0.633;80.12;76.00000000000003;;;;A_VALIDER;"APL;FILOS2023;COG2026;CENTRES"
89395;Les Sièges;89;3.5356;48.1729;1.214;1.214;437.154;426.9999999999999;;24040.0;;A_VALIDER;"APL;FILOS2023;COG2026;CENTRES"
89397;Sommecaise;89;3.2205;47.838;1.566;0.949;390.422;387.0;;24160.0;;A_VALIDER;"APL;FILOS2023;COG2026;CENTRES"
89398;Sormery;89;3.7579;48.1057;2.428;1.885;398.578;385.9999999999998;;25090.0;;A_VALIDER;"APL;FILOS2023;COG2026;CENTRES"
89399;Soucy;89;3.3253;48.2539;3.062;2.663;1573.587;1546.0;;26530.0;;A_VALIDER;"APL;FILOS2023;COG2026;CENTRES"
89400;Sougères-en-Puisaye;89;3.3481;47.567;1.246;1.246;327.289;297.9999999999993;;24910.0;;A_VALIDER;"APL;FILOS2023;COG2026;CENTRES"
89402;Soumaintrain;89;3.8419;48.0202;3.755;3.094;220.642;212.0;;25820.0;;A_VALIDER;"APL;FILOS2023;COG2026;CENTRES"
89403;Stigny;89;4.2383;47.7804;3.936;1.775;99.72;87.99999999999999;;;;A_VALIDER;"APL;FILOS2023;COG2026;CENTRES"
89404;Subligny;89;3.1957;48.1679;3.059;2.572;526.349;519.9999999999997;;26340.0;;A_VALIDER;"APL;FILOS2023;COG2026;CENTRES"
89405;Les Hauts de Forterre;89;3.4304;47.6146;0.812;0.812;488.43;481.0000000000003;;25290.0;;A_VALIDER;"APL;FILOS2023;COG2026;CENTRES"
89406;Talcy;89;4.0757;47.5783;2.045;1.503;93.017;83.0;;;;A_VALIDER;"APL;FILOS2023;COG2026;CENTRES"
89407;Tanlay;89;4.0831;47.8482;3.48;1.89;1033.197;889.0000000000005;;25540.0;;A_VALIDER;"APL;FILOS2023;COG2026;CENTRES"
89408;Tannerre-en-Puisaye;89;3.1468;47.7394;3.671;2.38;282.992;270.9999999999997;;23600.0;;A_VALIDER;"APL;FILOS2023;COG2026;CENTRES"
89409;Tharoiseau;89;3.8171;47.4645;4.806;4.629;65.636;61.99999999999994;;;;A_VALIDER;"APL;FILOS2023;COG2026;CENTRES"
89410;Tharot;89;3.8638;47.5347;2.827;2.65;114.284;110.9999999999998;;26770.0;;A_VALIDER;"APL;FILOS2023;COG2026;CENTRES"
89411;Les Vallées de la Vanne;89;3.4641;48.1767;1.272;1.272;1028.738;1012.000000000001;;26010.0;;A_VALIDER;"APL;FILOS2023;COG2026;CENTRES"
89412;Thizy;89;4.0584;47.5827;2.045;1.503;230.924;184.0;;25770.0;;A_VALIDER;"APL;FILOS2023;COG2026;CENTRES"
89413;Thorey;89;4.114;47.8983;0.0;0.0;49.22;42.9999999999999;;;;A_VALIDER;"APL;FILOS2023;COG2026;CENTRES"
89414;Thorigny-sur-Oreuse;89;3.3831;48.2986;1.741;1.677;1479.509;1395.999999999999;;25290.0;;A_VALIDER;"APL;FILOS2023;COG2026;CENTRES"
89415;Thory;89;3.9168;47.5701;2.479;1.941;197.804;192.9999999999997;;25450.0;;A_VALIDER;"APL;FILOS2023;COG2026;CENTRES"
89416;Thury;89;3.3029;47.5895;2.054;2.054;478.624;426.0;;22950.0;;A_VALIDER;"APL;FILOS2023;COG2026;CENTRES"
89417;Tissey;89;3.897;47.8595;4.776;3.471;113.16;112.9999999999998;;27090.0;;A_VALIDER;"APL;FILOS2023;COG2026;CENTRES"
89418;Tonnerre;89;3.9771;47.8403;3.714;2.408;4462.669;4267.999999999996;32.0;19730.0;;A_VALIDER;"APL;FILOS2023;COG2026;CENTRES"
89419;Toucy;89;3.2882;47.7328;1.876;1.876;2765.436;2562.0;18.0;23390.0;;A_VALIDER;"APL;FILOS2023;COG2026;CENTRES"
89420;Treigny-Perreuse-Sainte-Colombe;89;3.1888;47.5591;3.926;3.197;1174.041;1076.0;;22980.0;;A_VALIDER;"APL;FILOS2023;COG2026;CENTRES"
89422;Trichey;89;4.1422;47.925;0.29;0.29;46.983;43.0;;;;A_VALIDER;"APL;FILOS2023;COG2026;CENTRES"
89423;Tronchoy;89;3.9497;47.9234;3.32;2.449;142.54;122.9999999999997;;26170.0;;A_VALIDER;"APL;FILOS2023;COG2026;CENTRES"
89424;Trucy-sur-Yonne;89;3.6472;47.6296;0.952;0.869;136.907;133.0;;25690.0;;A_VALIDER;"APL;FILOS2023;COG2026;CENTRES"
89425;Turny;89;3.7237;48.0651;3.606;2.826;679.86;649.9999999999999;;25610.0;;A_VALIDER;"APL;FILOS2023;COG2026;CENTRES"
89426;Val-de-Mercy;89;3.5913;47.6696;1.089;0.925;376.149;372.9999999999999;;27030.0;;A_VALIDER;"APL;FILOS2023;COG2026;CENTRES"
89427;Vallan;89;3.5411;47.7466;3.072;2.653;684.369;675.0000000000008;;26060.0;;A_VALIDER;"APL;FILOS2023;COG2026;CENTRES"
89428;Vallery;89;3.0476;48.2334;1.327;1.263;592.027;579.0;;26480.0;;A_VALIDER;"APL;FILOS2023;COG2026;CENTRES"
89430;Varennes;89;3.7848;47.9139;1.966;1.848;315.618;330.0000000000003;;26030.0;;A_VALIDER;"APL;FILOS2023;COG2026;CENTRES"
89431;Vassy-sous-Pisy;89;4.1711;47.5727;1.654;1.473;66.394;62.0;;;;A_VALIDER;"APL;FILOS2023;COG2026;CENTRES"
89432;Vaudeurs;89;3.549;48.1251;1.016;1.016;472.464;470.9999999999997;;23090.0;;A_VALIDER;"APL;FILOS2023;COG2026;CENTRES"
89433;Vault-de-Lugny;89;3.8441;47.5004;3.745;3.48;293.292;269.0000000000005;;26330.0;;A_VALIDER;"APL;FILOS2023;COG2026;CENTRES"
89434;Vaumort;89;3.4412;48.1369;1.016;1.016;330.919;345.0000000000004;;26280.0;;A_VALIDER;"APL;FILOS2023;COG2026;CENTRES"
89436;Venizy;89;3.6752;48.0697;2.905;2.267;846.055;845.9999999999997;;24660.0;;A_VALIDER;"APL;FILOS2023;COG2026;CENTRES"
89437;Venouse;89;3.6916;47.9001;2.128;1.941;284.607;290.9999999999999;;28590.0;;A_VALIDER;"APL;FILOS2023;COG2026;CENTRES"
89438;Venoy;89;3.6568;47.8078;2.256;1.802;1737.951;1746.999999999999;;27450.0;;A_VALIDER;"APL;FILOS2023;COG2026;CENTRES"
89439;Vergigny;89;3.6957;47.9519;3.53;2.892;1512.168;1501.0;;25070.0;;A_VALIDER;"APL;FILOS2023;COG2026;CENTRES"
89440;Verlin;89;3.227;48.0184;0.729;0.603;406.951;407.0000000000001;;26050.0;;A_VALIDER;"APL;FILOS2023;COG2026;CENTRES"
89441;Vermenton;89;3.7903;47.6696;1.031;0.948;1358.047;1273.0;;25480.0;;A_VALIDER;"APL;FILOS2023;COG2026;CENTRES"
89442;Vernoy;89;3.1265;48.0946;1.119;0.866;236.3;243.9999999999999;;24820.0;;A_VALIDER;"APL;FILOS2023;COG2026;CENTRES"
89443;Véron;89;3.333;48.1275;2.309;1.973;1857.519;1853.0;;27660.0;;A_VALIDER;"APL;FILOS2023;COG2026;CENTRES"
89445;Vézannes;89;3.885;47.8714;3.806;2.936;54.226;52.0;;;;A_VALIDER;"APL;FILOS2023;COG2026;CENTRES"
89446;Vézelay;89;3.7145;47.4505;2.968;2.968;507.339;464.0;;18240.0;;A_VALIDER;"APL;FILOS2023;COG2026;CENTRES"
89447;Vézinnes;89;3.9342;47.894;3.914;2.609;160.825;157.0;;25750.0;;A_VALIDER;"APL;FILOS2023;COG2026;CENTRES"
89449;Villeblevin;89;3.0826;48.3313;0.918;0.7;1809.413;1813.0;;26160.0;;A_VALIDER;"APL;FILOS2023;COG2026;CENTRES"
89450;Villebougis;89;3.1556;48.2073;1.647;1.315;629.018;635.0;;26290.0;;A_VALIDER;"APL;FILOS2023;COG2026;CENTRES"
89451;Villechétive;89;3.5263;48.0953;0.922;0.922;259.494;261.0000000000005;;26930.0;;A_VALIDER;"APL;FILOS2023;COG2026;CENTRES"
89452;Villecien;89;3.3394;48.015;2.365;2.222;363.451;348.0000000000003;;26040.0;;A_VALIDER;"APL;FILOS2023;COG2026;CENTRES"
89453;Villefargeau;89;3.4936;47.7915;3.396;2.909;1182.453;1101.0;;28180.0;;A_VALIDER;"APL;FILOS2023;COG2026;CENTRES"
89456;Villemanoche;89;3.1655;48.2975;0.844;0.537;675.995;671.0000000000007;;24800.0;;A_VALIDER;"APL;FILOS2023;COG2026;CENTRES"
89458;Villenavotte;89;3.2305;48.2428;2.439;1.817;170.592;161.9999999999994;;27890.0;;A_VALIDER;"APL;FILOS2023;COG2026;CENTRES"
89459;Villeneuve-la-Dondagre;89;3.1437;48.1393;1.431;1.279;328.901;337.0;;27860.0;;A_VALIDER;"APL;FILOS2023;COG2026;CENTRES"
89460;Villeneuve-la-Guyard;89;3.0578;48.331;1.839;1.321;3400.943;3470.0;13.0;24890.0;;A_VALIDER;"APL;FILOS2023;COG2026;CENTRES"
89461;Villeneuve-l'Archevêque;89;3.5646;48.2334;1.961;1.961;1149.001;1111.000000000001;;20750.0;;A_VALIDER;"APL;FILOS2023;COG2026;CENTRES"
89462;Villeneuve-les-Genêts;89;3.0707;47.7393;2.47;1.18;311.289;308.0000000000002;;24440.0;;A_VALIDER;"APL;FILOS2023;COG2026;CENTRES"
89463;Villeneuve-Saint-Salves;89;3.6421;47.8503;2.535;2.313;263.809;257.0;;27850.0;;A_VALIDER;"APL;FILOS2023;COG2026;CENTRES"
89464;Villeneuve-sur-Yonne;89;3.3137;48.0829;0.698;0.698;5451.643;5130.000000000003;20.0;23290.0;;A_VALIDER;"APL;FILOS2023;COG2026;CENTRES"
89465;Villeperrot;89;3.2108;48.2604;1.937;1.47;293.564;296.0000000000006;;24130.0;;A_VALIDER;"APL;FILOS2023;COG2026;CENTRES"
89466;Villeroy;89;3.1806;48.1815;2.391;1.996;366.102;384.9999999999999;;27890.0;;A_VALIDER;"APL;FILOS2023;COG2026;CENTRES"
89467;Villethierry;89;3.0736;48.2654;1.075;0.902;766.551;800.0000000000006;;27060.0;;A_VALIDER;"APL;FILOS2023;COG2026;CENTRES"
89468;Villevallier;89;3.3457;48.0267;1.869;1.773;423.109;416.9999999999993;;24570.0;;A_VALIDER;"APL;FILOS2023;COG2026;CENTRES"
89469;Perceneige;89;3.4051;48.3471;1.213;1.213;973.599;951.9999999999994;;26150.0;;A_VALIDER;"APL;FILOS2023;COG2026;CENTRES"
89470;Villiers-les-Hauts;89;4.1555;47.724;3.958;1.255;135.514;125.0;;23090.0;;A_VALIDER;"APL;FILOS2023;COG2026;CENTRES"
89471;Villiers-Louis;89;3.3949;48.1952;2.33;2.175;452.141;463.0000000000001;;25690.0;;A_VALIDER;"APL;FILOS2023;COG2026;CENTRES"
89472;Villiers-Saint-Benoît;89;3.2218;47.7815;1.579;1.243;457.408;432.9999999999996;;23830.0;;A_VALIDER;"APL;FILOS2023;COG2026;CENTRES"
89474;Villiers-Vineux;89;3.8239;47.9427;2.054;1.794;277.851;282.0;;24970.0;;A_VALIDER;"APL;FILOS2023;COG2026;CENTRES"
89475;Villon;89;4.1881;47.8985;0.0;0.0;123.197;111.0000000000002;;23890.0;;A_VALIDER;"APL;FILOS2023;COG2026;CENTRES"
89477;Villy;89;3.7476;47.8638;2.029;1.962;104.838;102.0000000000003;;;;A_VALIDER;"APL;FILOS2023;COG2026;CENTRES"
89478;Vincelles;89;3.6356;47.6896;2.259;1.831;940.933;910.0000000000003;;25540.0;;A_VALIDER;"APL;FILOS2023;COG2026;CENTRES"
89479;Vincelottes;89;3.641;47.7093;1.434;1.119;299.161;282.0000000000001;;28020.0;;A_VALIDER;"APL;FILOS2023;COG2026;CENTRES"
89480;Vinneuf;89;3.144;48.353;1.004;0.638;1536.205;1559.0;;26960.0;;A_VALIDER;"APL;FILOS2023;COG2026;CENTRES"
89481;Vireaux;89;4.0392;47.7867;3.99;1.572;100.899;102.0000000000001;;;;A_VALIDER;"APL;FILOS2023;COG2026;CENTRES"
89482;Viviers;89;3.9211;47.8055;3.742;2.33;102.19;103.9999999999999;;26930.0;;A_VALIDER;"APL;FILOS2023;COG2026;CENTRES"
89483;Voisines;89;3.4178;48.2536;2.194;2.039;526.86;527.9999999999999;;26700.0;;A_VALIDER;"APL;FILOS2023;COG2026;CENTRES"
89485;Voutenay-sur-Cure;89;3.7861;47.5573;2.173;2.085;205.223;209.0000000000006;;26990.0;;A_VALIDER;"APL;FILOS2023;COG2026;CENTRES"
89486;Yrouerre;89;3.9581;47.7879;5.026;2.637;156.604;147.0;;26680.0;;A_VALIDER;"APL;FILOS2023;COG2026;CENTRES"
90001;Andelnans;90;6.8628;47.6017;5.972;5.014;1147.098;1123.0;;27970.0;;A_VALIDER;"APL;FILOS2023;COG2026;CENTRES"
90002;Angeot;90;7.0032;47.6958;3.18;2.594;354.643;353.0;;29840.0;;A_VALIDER;"APL;FILOS2023;COG2026;CENTRES"
90003;Anjoutey;90;6.9227;47.7055;4.233;3.462;601.198;598.0000000000002;;27560.0;;A_VALIDER;"APL;FILOS2023;COG2026;CENTRES"
90004;Argiésans;90;6.8207;47.6072;5.015;4.268;571.014;595.0;;29840.0;;A_VALIDER;"APL;FILOS2023;COG2026;CENTRES"
90005;Auxelles-Bas;90;6.7846;47.7274;3.177;2.876;425.183;422.0;;27580.0;;A_VALIDER;"APL;FILOS2023;COG2026;CENTRES"
90006;Auxelles-Haut;90;6.7813;47.7529;3.09;2.789;299.274;286.9999999999998;;25310.0;;A_VALIDER;"APL;FILOS2023;COG2026;CENTRES"
90007;Banvillars;90;6.8127;47.5881;4.354;3.717;293.804;289.9999999999999;;31070.0;;A_VALIDER;"APL;FILOS2023;COG2026;CENTRES"
90008;Bavilliers;90;6.8275;47.6214;4.066;3.445;4960.581;4641.0;18.0;26150.0;;A_VALIDER;"APL;FILOS2023;COG2026;CENTRES"
90009;Beaucourt;90;6.9251;47.4868;1.927;1.532;5103.38;4985.000000000002;15.0;25390.0;;A_VALIDER;"APL;FILOS2023;COG2026;CENTRES"
90010;Belfort;90;6.841;47.6458;3.189;2.886;44426.133;45646.00000000001;30.3;20930.0;;A_VALIDER;"APL;FILOS2023;COG2026;CENTRES"
90011;Bermont;90;6.8416;47.5757;6.553;5.556;355.122;372.9999999999997;;32720.0;;A_VALIDER;"APL;FILOS2023;COG2026;CENTRES"
90012;Bessoncourt;90;6.9417;47.6458;4.411;3.818;1277.559;1304.000000000002;;30840.0;;A_VALIDER;"APL;FILOS2023;COG2026;CENTRES"
90013;Bethonvilliers;90;6.9672;47.6805;3.738;3.037;225.472;237.0;;29840.0;;A_VALIDER;"APL;FILOS2023;COG2026;CENTRES"
90014;Boron;90;7.016;47.5556;2.455;2.1;478.008;490.0;;32650.0;;A_VALIDER;"APL;FILOS2023;COG2026;CENTRES"
90015;Botans;90;6.8502;47.5955;4.619;3.851;255.764;248.0;;29440.0;;A_VALIDER;"APL;FILOS2023;COG2026;CENTRES"
90016;Bourg-sous-Châtelet;90;6.948;47.7068;3.774;3.087;127.137;119.9999999999999;;31250.0;;A_VALIDER;"APL;FILOS2023;COG2026;CENTRES"
90017;Bourogne;90;6.9063;47.5623;4.492;3.762;1637.1;1737.0;;28100.0;;A_VALIDER;"APL;FILOS2023;COG2026;CENTRES"
90018;Brebotte;90;6.9754;47.5769;2.402;2.03;355.551;369.0000000000004;;32290.0;;A_VALIDER;"APL;FILOS2023;COG2026;CENTRES"
90019;Bretagne;90;6.9972;47.5909;2.272;2.051;309.895;314.0;;31720.0;;A_VALIDER;"APL;FILOS2023;COG2026;CENTRES"
90020;Buc;90;6.7886;47.616;2.331;1.939;264.493;243.0;;29270.0;;A_VALIDER;"APL;FILOS2023;COG2026;CENTRES"
90021;Charmois;90;6.9403;47.5795;2.678;2.292;359.885;370.9999999999997;;30710.0;;A_VALIDER;"APL;FILOS2023;COG2026;CENTRES"
90022;Châtenois-les-Forges;90;6.834;47.5602;3.286;2.777;2744.995;2636.999999999998;8.0;26910.0;;A_VALIDER;"APL;FILOS2023;COG2026;CENTRES"
90023;Chaux;90;6.8386;47.7141;3.986;3.571;1169.579;1181.000000000001;;27240.0;;A_VALIDER;"APL;FILOS2023;COG2026;CENTRES"
90024;Chavanatte;90;7.0706;47.5815;1.645;1.393;130.907;131.9999999999998;;31410.0;;A_VALIDER;"APL;FILOS2023;COG2026;CENTRES"
90025;Chavannes-les-Grands;90;7.0519;47.5889;2.206;1.954;340.693;343.0000000000001;;29810.0;;A_VALIDER;"APL;FILOS2023;COG2026;CENTRES"
90026;Chèvremont;90;6.9303;47.6268;2.466;2.235;1520.188;1565.999999999999;;30340.0;;A_VALIDER;"APL;FILOS2023;COG2026;CENTRES"
90027;Courcelles;90;7.0668;47.4983;1.187;0.8;130.963;128.0;;34950.0;;A_VALIDER;"APL;FILOS2023;COG2026;CENTRES"
90028;Courtelevant;90;7.0846;47.5262;1.831;1.385;386.881;375.0000000000001;;30360.0;;A_VALIDER;"APL;FILOS2023;COG2026;CENTRES"
90029;Cravanche;90;6.8238;47.653;3.726;3.375;1954.577;1935.0;;27320.0;;A_VALIDER;"APL;FILOS2023;COG2026;CENTRES"
90030;Croix;90;6.9518;47.4447;1.343;1.003;177.116;178.0000000000001;;36920.0;;A_VALIDER;"APL;FILOS2023;COG2026;CENTRES"
90031;Cunelières;90;6.9928;47.6256;1.883;1.816;333.609;344.0000000000003;;30620.0;;A_VALIDER;"APL;FILOS2023;COG2026;CENTRES"
90032;Danjoutin;90;6.8647;47.6187;4.894;4.266;3502.107;3530.999999999996;18.0;25030.0;;A_VALIDER;"APL;FILOS2023;COG2026;CENTRES"
90033;Delle;90;6.996;47.509;2.11;1.636;5709.07;5676.999999999999;21.0;24990.0;;A_VALIDER;"APL;FILOS2023;COG2026;CENTRES"
90034;Denney;90;6.9054;47.6549;3.406;3.031;759.374;761.9999999999991;;27130.0;;A_VALIDER;"APL;FILOS2023;COG2026;CENTRES"
90035;Dorans;90;6.8398;47.5865;5.276;4.378;788.38;823.0000000000007;;30190.0;;A_VALIDER;"APL;FILOS2023;COG2026;CENTRES"
90036;Eguenigue;90;6.9351;47.6785;3.392;3.022;282.626;269.9999999999999;;29860.0;;A_VALIDER;"APL;FILOS2023;COG2026;CENTRES"
90037;Éloie;90;6.873;47.687;4.096;3.651;973.719;954.0000000000005;;28860.0;;A_VALIDER;"APL;FILOS2023;COG2026;CENTRES"
90039;Essert;90;6.8127;47.6382;3.776;3.314;3482.831;3381.999999999995;12.0;27950.0;;A_VALIDER;"APL;FILOS2023;COG2026;CENTRES"
90041;Étueffont;90;6.9171;47.7248;3.343;2.673;1406.92;1394.999999999998;;27560.0;;A_VALIDER;"APL;FILOS2023;COG2026;CENTRES"
90042;Évette-Salbert;90;6.8034;47.6693;3.92;3.57;2129.294;2022.0;4.0;32230.0;;A_VALIDER;"APL;FILOS2023;COG2026;CENTRES"
90043;Faverois;90;7.0364;47.5291;2.151;1.629;586.891;591.9999999999995;;33530.0;;A_VALIDER;"APL;FILOS2023;COG2026;CENTRES"
90044;Felon;90;6.979;47.7061;4.193;3.183;231.809;228.0000000000001;;30100.0;;A_VALIDER;"APL;FILOS2023;COG2026;CENTRES"
90045;Fêche-l'Église;90;6.9573;47.5008;2.727;2.178;736.371;721.0000000000005;;28720.0;;A_VALIDER;"APL;FILOS2023;COG2026;CENTRES"
90046;Florimont;90;7.0519;47.5408;1.716;1.194;461.479;465.0;;34310.0;;A_VALIDER;"APL;FILOS2023;COG2026;CENTRES"
90047;Fontaine;90;6.997;47.6567;2.752;2.493;582.793;601.0000000000002;;27470.0;;A_VALIDER;"APL;FILOS2023;COG2026;CENTRES"
90048;Fontenelle;90;6.9564;47.6207;2.404;2.285;140.616;135.0;;28860.0;;A_VALIDER;"APL;FILOS2023;COG2026;CENTRES"
90049;Foussemagne;90;6.9959;47.6389;1.877;1.81;841.506;885.0000000000001;;28260.0;;A_VALIDER;"APL;FILOS2023;COG2026;CENTRES"
90050;Frais;90;6.9823;47.646;2.833;2.649;234.122;237.0000000000005;;28910.0;;A_VALIDER;"APL;FILOS2023;COG2026;CENTRES"
90051;Froidefontaine;90;6.9594;47.5684;3.084;2.658;453.486;445.9999999999993;;28120.0;;A_VALIDER;"APL;FILOS2023;COG2026;CENTRES"
90052;Giromagny;90;6.8198;47.7425;2.878;2.537;3122.64;2897.000000000001;21.0;23150.0;;A_VALIDER;"APL;FILOS2023;COG2026;CENTRES"
90053;Grandvillars;90;6.9754;47.5378;2.29;1.858;3003.443;2963.000000000005;13.0;26250.0;;A_VALIDER;"APL;FILOS2023;COG2026;CENTRES"
90054;Grosmagny;90;6.8787;47.7226;4.35;3.572;569.902;551.0000000000002;;28980.0;;A_VALIDER;"APL;FILOS2023;COG2026;CENTRES"
90055;Grosne;90;6.994;47.5717;2.819;2.463;312.753;322.0;;28970.0;;A_VALIDER;"APL;FILOS2023;COG2026;CENTRES"
90056;Joncherey;90;7.008;47.5322;2.012;1.549;1462.37;1439.0;;31840.0;;A_VALIDER;"APL;FILOS2023;COG2026;CENTRES"
90057;Lachapelle-sous-Chaux;90;6.7995;47.706;3.905;3.49;755.678;748.0000000000001;;30570.0;;A_VALIDER;"APL;FILOS2023;COG2026;CENTRES"
90058;Lachapelle-sous-Rougemont;90;7.0149;47.7152;3.11;2.292;523.388;554.0000000000007;;26540.0;;A_VALIDER;"APL;FILOS2023;COG2026;CENTRES"
90059;Lacollonge;90;6.9577;47.6624;3.01;2.714;241.024;234.000000000001;;29060.0;;A_VALIDER;"APL;FILOS2023;COG2026;CENTRES"
90060;Lagrange;90;6.9767;47.6844;5.516;4.644;141.887;139.0;;29770.0;;A_VALIDER;"APL;FILOS2023;COG2026;CENTRES"
90061;Lamadeleine-Val-des-Anges;90;6.9067;47.762;1.304;1.124;47.526;48.99999999999999;;;;A_VALIDER;"APL;FILOS2023;COG2026;CENTRES"
90062;Larivière;90;6.9962;47.6782;3.895;3.3;267.597;277.9999999999997;;27930.0;;A_VALIDER;"APL;FILOS2023;COG2026;CENTRES"
90063;Lebetain;90;6.9705;47.4855;1.735;1.319;435.139;418.9999999999999;;31330.0;;A_VALIDER;"APL;FILOS2023;COG2026;CENTRES"
90064;Lepuix-Neuf;90;7.1071;47.542;2.102;1.606;310.235;315.0000000000005;;27700.0;;A_VALIDER;"APL;FILOS2023;COG2026;CENTRES"
90065;Lepuix;90;6.82;47.7858;2.009;1.708;1126.901;1113.0;;25970.0;;A_VALIDER;"APL;FILOS2023;COG2026;CENTRES"
90066;Leval;90;6.9945;47.7324;2.617;1.821;238.955;247.9999999999999;;25070.0;;A_VALIDER;"APL;FILOS2023;COG2026;CENTRES"
90067;Menoncourt;90;6.954;47.6804;3.391;2.809;377.064;391.0000000000006;;29760.0;;A_VALIDER;"APL;FILOS2023;COG2026;CENTRES"
90068;Meroux-Moval;90;6.9136;47.5945;4.387;3.738;1402.668;1420.0;;30910.0;;A_VALIDER;"APL;FILOS2023;COG2026;CENTRES"
90069;Méziré;90;6.9239;47.5318;2.936;2.382;1274.96;1268.0;;29400.0;;A_VALIDER;"APL;FILOS2023;COG2026;CENTRES"
90070;Montbouton;90;6.9235;47.467;1.796;1.51;432.407;425.0000000000005;;30780.0;;A_VALIDER;"APL;FILOS2023;COG2026;CENTRES"
90071;Montreux-Château;90;6.9941;47.6089;2.243;2.081;1147.267;1167.0;;27750.0;;A_VALIDER;"APL;FILOS2023;COG2026;CENTRES"
90072;Morvillars;90;6.9353;47.5398;2.566;2.18;1077.202;1098.0;;27170.0;;A_VALIDER;"APL;FILOS2023;COG2026;CENTRES"
90074;Novillard;90;6.9622;47.6047;1.841;1.663;296.253;308.9999999999989;;29670.0;;A_VALIDER;"APL;FILOS2023;COG2026;CENTRES"
90075;Offemont;90;6.8734;47.6639;3.546;3.213;3949.984;4054.0;17.0;26200.0;;A_VALIDER;"APL;FILOS2023;COG2026;CENTRES"
90076;Pérouse;90;6.8925;47.6363;4.784;4.166;1193.472;1199.0;;29160.0;;A_VALIDER;"APL;FILOS2023;COG2026;CENTRES"
90077;Petit-Croix;90;6.9751;47.6218;1.924;1.746;304.736;305.0000000000001;;28850.0;;A_VALIDER;"APL;FILOS2023;COG2026;CENTRES"
90078;Petitefontaine;90;7.0071;47.7245;2.807;1.988;185.526;191.9999999999999;;29220.0;;A_VALIDER;"APL;FILOS2023;COG2026;CENTRES"
90079;Petitmagny;90;6.9003;47.7257;4.37;3.553;316.475;322.9999999999995;;29440.0;;A_VALIDER;"APL;FILOS2023;COG2026;CENTRES"
90080;Phaffans;90;6.9476;47.6593;3.311;2.941;430.202;428.9999999999995;;29420.0;;A_VALIDER;"APL;FILOS2023;COG2026;CENTRES"
90081;Réchésy;90;7.1175;47.5169;1.166;0.779;777.826;764.9999999999992;;31810.0;;A_VALIDER;"APL;FILOS2023;COG2026;CENTRES"
90082;Autrechêne;90;6.9626;47.5911;2.271;2.057;270.302;279.0;;33690.0;;A_VALIDER;"APL;FILOS2023;COG2026;CENTRES"
90083;Recouvrance;90;6.977;47.5718;2.317;2.004;135.962;143.9999999999999;;33680.0;;A_VALIDER;"APL;FILOS2023;COG2026;CENTRES"
90084;Reppe;90;7.0279;47.6623;2.498;2.274;319.422;324.0;;28000.0;;A_VALIDER;"APL;FILOS2023;COG2026;CENTRES"
90085;Riervescemont;90;6.8805;47.7697;2.058;1.757;81.129;85.99999999999974;;;;A_VALIDER;"APL;FILOS2023;COG2026;CENTRES"
90086;Romagny-sous-Rougemont;90;6.9658;47.7191;3.482;2.574;221.121;214.0;;29880.0;;A_VALIDER;"APL;FILOS2023;COG2026;CENTRES"
90087;Roppe;90;6.9073;47.6773;4.423;3.881;1033.63;1042.0;;29410.0;;A_VALIDER;"APL;FILOS2023;COG2026;CENTRES"
90088;Rougegoutte;90;6.861;47.7335;2.862;2.482;1009.093;988.0;;26210.0;;A_VALIDER;"APL;FILOS2023;COG2026;CENTRES"
90089;Rougemont-le-Château;90;6.96;47.7468;3.772;2.567;1572.079;1481.0;;26770.0;;A_VALIDER;"APL;FILOS2023;COG2026;CENTRES"
90090;Saint-Dizier-l'Évêque;90;6.9642;47.4683;1.655;1.236;437.687;430.0000000000006;;34700.0;;A_VALIDER;"APL;FILOS2023;COG2026;CENTRES"
90091;Saint-Germain-le-Châtelet;90;6.9637;47.7035;3.807;3.096;650.789;664.0;;28760.0;;A_VALIDER;"APL;FILOS2023;COG2026;CENTRES"
90093;Sermamagny;90;6.8304;47.6867;4.679;4.19;956.605;944.9999999999987;;29120.0;;A_VALIDER;"APL;FILOS2023;COG2026;CENTRES"
90094;Sevenans;90;6.8718;47.5898;6.445;5.447;618.72;696.0000000000016;;28650.0;;A_VALIDER;"APL;FILOS2023;COG2026;CENTRES"
90095;Suarce;90;7.0789;47.5638;2.067;1.679;435.935;439.0000000000005;;31220.0;;A_VALIDER;"APL;FILOS2023;COG2026;CENTRES"
90096;Thiancourt;90;6.9783;47.5222;2.012;1.549;285.175;280.9999999999999;;36370.0;;A_VALIDER;"APL;FILOS2023;COG2026;CENTRES"
90097;Trévenans;90;6.8696;47.5663;6.28;5.307;1306.913;1289.999999999998;;27230.0;;A_VALIDER;"APL;FILOS2023;COG2026;CENTRES"
90098;Urcerey;90;6.8026;47.6118;3.108;2.643;267.168;253.0;;31510.0;;A_VALIDER;"APL;FILOS2023;COG2026;CENTRES"
90099;Valdoie;90;6.8476;47.6727;4.618;4.127;5285.604;5193.000000000001;20.0;23730.0;;A_VALIDER;"APL;FILOS2023;COG2026;CENTRES"
90100;Vauthiermont;90;7.0258;47.6801;3.078;2.532;224.532;220.0000000000001;;28390.0;;A_VALIDER;"APL;FILOS2023;COG2026;CENTRES"
90101;Vellescot;90;7.0176;47.5752;2.685;2.329;239.799;250.0000000000001;;28880.0;;A_VALIDER;"APL;FILOS2023;COG2026;CENTRES"
90102;Vescemont;90;6.8621;47.7539;2.614;2.274;727.015;706.9999999999994;;27480.0;;A_VALIDER;"APL;FILOS2023;COG2026;CENTRES"
90103;Vétrigne;90;6.8962;47.6693;3.259;2.915;636.042;647.0000000000001;;32790.0;;A_VALIDER;"APL;FILOS2023;COG2026;CENTRES"
90104;Vézelois;90;6.9155;47.6082;3.824;3.212;1029.463;1026.000000000003;;29170.0;;A_VALIDER;"APL;FILOS2023;COG2026;CENTRES"
90105;Villars-le-Sec;90;6.9862;47.4572;1.332;0.912;163.547;178.0;;40530.0;;A_VALIDER;"APL;FILOS2023;COG2026;CENTRES"
