code;territoire;annee;code_pathologie;pathologie_niveau1;pathologie_niveau2;pathologie_niveau3;effectif;population_reference;prevalence_pct;statut;source
21;Côte-d’Or;2024;CAN_SEI_SUR;Cancers;Cancer du sein de la femme;Cancer du sein de la femme sous surveillance;3920;270310;1.452;VALEUR_PUBLIEE;CNAM2024
90;Territoire de Belfort;2024;CAN_SEI_SUR;Cancers;Cancer du sein de la femme;Cancer du sein de la femme sous surveillance;870;69480;1.245;VALEUR_PUBLIEE;CNAM2024
21;Côte-d’Or;2024;NEU_EPI_IND;Maladies neurologiques;Épilepsie;Épilepsie;4380;520310;0.842;VALEUR_PUBLIEE;CNAM2024
25;Doubs;2024;NEU_EPI_IND;Maladies neurologiques;Épilepsie;Épilepsie;4120;533290;0.772;VALEUR_PUBLIEE;CNAM2024
27;Bourgogne-Franche-Comté;2024;NEU_EPI_IND;Maladies neurologiques;Épilepsie;Épilepsie;23720;2729870;0.869;VALEUR_PUBLIEE;CNAM2024
25;Doubs;2024;PSY_CAT_CAT;Maladies psychiatriques;;;19880;533290;3.727;VALEUR_PUBLIEE;CNAM2024
70;Haute-Saône;2024;PSY_CAT_CAT;Maladies psychiatriques;;;10550;228890;4.607;VALEUR_PUBLIEE;CNAM2024
71;Saône-et-Loire;2024;PSY_CAT_CAT;Maladies psychiatriques;;;26800;541060;4.954;VALEUR_PUBLIEE;CNAM2024
21;Côte-d’Or;2024;IRV_CAT_CAT;Maladies inflammatoires ou rares ou infection VIH;;;10750;520310;2.065;VALEUR_PUBLIEE;CNAM2024
39;Jura;2024;IRV_CAT_CAT;Maladies inflammatoires ou rares ou infection VIH;;;5630;255390;2.205;VALEUR_PUBLIEE;CNAM2024
70;Haute-Saône;2024;IRV_CAT_CAT;Maladies inflammatoires ou rares ou infection VIH;;;5590;228890;2.443;VALEUR_PUBLIEE;CNAM2024
25;Doubs;2024;NEU_SEP_IND;Maladies neurologiques;Sclérose en plaques;Sclérose en plaques;1300;533290;0.243;VALEUR_PUBLIEE;CNAM2024
70;Haute-Saône;2024;NEU_SEP_IND;Maladies neurologiques;Sclérose en plaques;Sclérose en plaques;600;228890;0.261;VALEUR_PUBLIEE;CNAM2024
71;Saône-et-Loire;2024;NEU_SEP_IND;Maladies neurologiques;Sclérose en plaques;Sclérose en plaques;1090;541060;0.202;VALEUR_PUBLIEE;CNAM2024
27;Bourgogne-Franche-Comté;2024;NEU_SEP_IND;Maladies neurologiques;Sclérose en plaques;Sclérose en plaques;6380;2729870;0.234;VALEUR_PUBLIEE;CNAM2024
58;Nièvre;2024;PSY_AUT_IND;Maladies psychiatriques;Autres troubles psychiatriques;Autres troubles psychiatriques;1450;191990;0.754;VALEUR_PUBLIEE;CNAM2024
89;Yonne;2024;PSY_AUT_IND;Maladies psychiatriques;Autres troubles psychiatriques;Autres troubles psychiatriques;2360;324290;0.727;VALEUR_PUBLIEE;CNAM2024
90;Territoire de Belfort;2024;PSY_AUT_IND;Maladies psychiatriques;Autres troubles psychiatriques;Autres troubles psychiatriques;530;134660;0.39;VALEUR_PUBLIEE;CNAM2024
25;Doubs;2024;NEU_MMY_IND;Maladies neurologiques;Myopathie ou myasthénie;Myopathie ou myasthénie;440;533290;0.083;VALEUR_PUBLIEE;CNAM2024
27;Bourgogne-Franche-Comté;2024;NEU_MMY_IND;Maladies neurologiques;Myopathie ou myasthénie;Myopathie ou myasthénie;2260;2729870;0.083;VALEUR_PUBLIEE;CNAM2024
25;Doubs;2024;NEU_LME_IND;Maladies neurologiques;Lésion médullaire;Lésion médullaire;820;533290;0.154;VALEUR_PUBLIEE;CNAM2024
70;Haute-Saône;2024;NEU_LME_IND;Maladies neurologiques;Lésion médullaire;Lésion médullaire;350;228890;0.155;VALEUR_PUBLIEE;CNAM2024
21;Côte-d’Or;2024;NEU_PRK_IND;Maladies neurologiques;Maladie de Parkinson;Maladie de Parkinson;2520;520310;0.485;VALEUR_PUBLIEE;CNAM2024
25;Doubs;2024;NEU_PRK_IND;Maladies neurologiques;Maladie de Parkinson;Maladie de Parkinson;2430;533290;0.455;VALEUR_PUBLIEE;CNAM2024
39;Jura;2024;NEU_PRK_IND;Maladies neurologiques;Maladie de Parkinson;Maladie de Parkinson;1400;255390;0.548;VALEUR_PUBLIEE;CNAM2024
25;Doubs;2024;NEU_AUT_IND;Maladies neurologiques;Autres affections neurologiques;Autres affections neurologiques;1590;533290;0.299;VALEUR_PUBLIEE;CNAM2024
58;Nièvre;2024;NEU_AUT_IND;Maladies neurologiques;Autres affections neurologiques;Autres affections neurologiques;800;191990;0.414;VALEUR_PUBLIEE;CNAM2024
89;Yonne;2024;NEU_AUT_IND;Maladies neurologiques;Autres affections neurologiques;Autres affections neurologiques;1250;324290;0.387;VALEUR_PUBLIEE;CNAM2024
21;Côte-d’Or;2024;NEU_DEM_CAT;Maladies neurologiques;Démences (dont maladie d'Alzheimer);Démences (dont maladie d'Alzheimer);6760;520310;1.298;VALEUR_PUBLIEE;CNAM2024
39;Jura;2024;NEU_DEM_CAT;Maladies neurologiques;Démences (dont maladie d'Alzheimer);Démences (dont maladie d'Alzheimer);2810;255390;1.101;VALEUR_PUBLIEE;CNAM2024
58;Nièvre;2024;NEU_DEM_CAT;Maladies neurologiques;Démences (dont maladie d'Alzheimer);Démences (dont maladie d'Alzheimer);2840;191990;1.481;VALEUR_PUBLIEE;CNAM2024
70;Haute-Saône;2024;NEU_DEM_CAT;Maladies neurologiques;Démences (dont maladie d'Alzheimer);Démences (dont maladie d'Alzheimer);2520;228890;1.101;VALEUR_PUBLIEE;CNAM2024
71;Saône-et-Loire;2024;NEU_DEM_CAT;Maladies neurologiques;Démences (dont maladie d'Alzheimer);Démences (dont maladie d'Alzheimer);7590;541060;1.403;VALEUR_PUBLIEE;CNAM2024
89;Yonne;2024;NEU_DEM_CAT;Maladies neurologiques;Démences (dont maladie d'Alzheimer);Démences (dont maladie d'Alzheimer);3930;324290;1.213;VALEUR_PUBLIEE;CNAM2024
90;Territoire de Belfort;2024;NEU_DEM_CAT;Maladies neurologiques;Démences (dont maladie d'Alzheimer);Démences (dont maladie d'Alzheimer);1480;134660;1.101;VALEUR_PUBLIEE;CNAM2024
39;Jura;2024;CAN_CAT_CAT;Cancers;;;15760;255390;6.171;VALEUR_PUBLIEE;CNAM2024
58;Nièvre;2024;CAN_CAT_CAT;Cancers;;;14420;191990;7.511;VALEUR_PUBLIEE;CNAM2024
25;Doubs;2024;DIA_CAT_CAT;Diabète;Diabète;Diabète;34410;533290;6.453;VALEUR_PUBLIEE;CNAM2024
89;Yonne;2024;DIA_CAT_CAT;Diabète;Diabète;Diabète;27150;324290;8.372;VALEUR_PUBLIEE;CNAM2024
21;Côte-d’Or;2024;INF_COV_HOS;Hospitalisation pour Covid-19;Hospitalisation pour Covid-19;Hospitalisation pour Covid-19;730;520310;0.14;VALEUR_PUBLIEE;CNAM2024
25;Doubs;2024;INF_COV_HOS;Hospitalisation pour Covid-19;Hospitalisation pour Covid-19;Hospitalisation pour Covid-19;620;533290;0.115;VALEUR_PUBLIEE;CNAM2024
89;Yonne;2024;MCV_AVC_CHR;Maladies cardioneurovasculaires;Accident vasculaire cérébral;Séquelle d'accident vasculaire cérébral;4420;324290;1.364;VALEUR_PUBLIEE;CNAM2024
90;Territoire de Belfort;2024;MCV_AVC_CHR;Maladies cardioneurovasculaires;Accident vasculaire cérébral;Séquelle d'accident vasculaire cérébral;2050;134660;1.519;VALEUR_PUBLIEE;CNAM2024
90;Territoire de Belfort;2024;CAN_AUT_CAT;Cancers;Autres cancers;;3740;134660;2.779;VALEUR_PUBLIEE;CNAM2024
71;Saône-et-Loire;2024;MCV_AVC_CAT;Maladies cardioneurovasculaires;Accident vasculaire cérébral;;9270;541060;1.713;VALEUR_PUBLIEE;CNAM2024
27;Bourgogne-Franche-Comté;2024;MCV_AVC_CAT;Maladies cardioneurovasculaires;Accident vasculaire cérébral;;44060;2729870;1.614;VALEUR_PUBLIEE;CNAM2024
39;Jura;2024;MCV_AVC_AIG;Maladies cardioneurovasculaires;Accident vasculaire cérébral;Accident vasculaire cérébral aigu;580;255390;0.228;VALEUR_PUBLIEE;CNAM2024
70;Haute-Saône;2024;MCV_AVC_AIG;Maladies cardioneurovasculaires;Accident vasculaire cérébral;Accident vasculaire cérébral aigu;470;228890;0.203;VALEUR_PUBLIEE;CNAM2024
89;Yonne;2024;MCV_AVC_AIG;Maladies cardioneurovasculaires;Accident vasculaire cérébral;Accident vasculaire cérébral aigu;730;324290;0.226;VALEUR_PUBLIEE;CNAM2024
27;Bourgogne-Franche-Comté;2024;MCV_AVC_AIG;Maladies cardioneurovasculaires;Accident vasculaire cérébral;Accident vasculaire cérébral aigu;5620;2729870;0.206;VALEUR_PUBLIEE;CNAM2024
25;Doubs;2024;MCV_AUT_IND;Maladies cardioneurovasculaires;Autres affections cardiovasculaires;Autres affections cardiovasculaires;3420;533290;0.641;VALEUR_PUBLIEE;CNAM2024
39;Jura;2024;MCV_AUT_IND;Maladies cardioneurovasculaires;Autres affections cardiovasculaires;Autres affections cardiovasculaires;1990;255390;0.779;VALEUR_PUBLIEE;CNAM2024
58;Nièvre;2024;MCV_AUT_IND;Maladies cardioneurovasculaires;Autres affections cardiovasculaires;Autres affections cardiovasculaires;1520;191990;0.792;VALEUR_PUBLIEE;CNAM2024
71;Saône-et-Loire;2024;MCV_AUT_IND;Maladies cardioneurovasculaires;Autres affections cardiovasculaires;Autres affections cardiovasculaires;4580;541060;0.847;VALEUR_PUBLIEE;CNAM2024
58;Nièvre;2024;MCV_EPU_IND;Maladies cardioneurovasculaires;Embolie pulmonaire;Embolie pulmonaire;210;191990;0.11;VALEUR_PUBLIEE;CNAM2024
70;Haute-Saône;2024;MCV_EPU_IND;Maladies cardioneurovasculaires;Embolie pulmonaire;Embolie pulmonaire;250;228890;0.107;VALEUR_PUBLIEE;CNAM2024
90;Territoire de Belfort;2024;MCV_EPU_IND;Maladies cardioneurovasculaires;Embolie pulmonaire;Embolie pulmonaire;100;134660;0.072;VALEUR_PUBLIEE;CNAM2024
39;Jura;2024;IRT_DCH_CAT;Insuffisance rénale chronique terminale;Dialyse chronique;Dialyse chronique;200;255390;0.078;VALEUR_PUBLIEE;CNAM2024
58;Nièvre;2024;IRT_DCH_CAT;Insuffisance rénale chronique terminale;Dialyse chronique;Dialyse chronique;200;191990;0.102;VALEUR_PUBLIEE;CNAM2024
89;Yonne;2024;IRT_DCH_CAT;Insuffisance rénale chronique terminale;Dialyse chronique;Dialyse chronique;270;324290;0.084;VALEUR_PUBLIEE;CNAM2024
71;Saône-et-Loire;2024;IRT_TRE_CHR;Insuffisance rénale chronique terminale;Suivi de transplantation rénale;Suivi de transplantation rénale;370;541060;0.069;VALEUR_PUBLIEE;CNAM2024
25;Doubs;2024;IRT_TRE_AIG;Insuffisance rénale chronique terminale;Transplantation rénale;Transplantation rénale;20;533290;0.005;VALEUR_PUBLIEE;CNAM2024
39;Jura;2024;IRT_TRE_AIG;Insuffisance rénale chronique terminale;Transplantation rénale;Transplantation rénale;10;255390;0.005;VALEUR_PUBLIEE;CNAM2024
71;Saône-et-Loire;2024;IRT_TRE_AIG;Insuffisance rénale chronique terminale;Transplantation rénale;Transplantation rénale;30;541060;0.006;VALEUR_PUBLIEE;CNAM2024
89;Yonne;2024;IRT_TRE_AIG;Insuffisance rénale chronique terminale;Transplantation rénale;Transplantation rénale;20;324290;0.006;VALEUR_PUBLIEE;CNAM2024
90;Territoire de Belfort;2024;IRT_TRE_AIG;Insuffisance rénale chronique terminale;Transplantation rénale;Transplantation rénale;;134660;;NON_DIFFUSE_OU_NON_DISPONIBLE;CNAM2024
25;Doubs;2024;MCV_APE_IND;Maladies cardioneurovasculaires;Artériopathie périphérique;Artériopathie périphérique;5720;533290;1.072;VALEUR_PUBLIEE;CNAM2024
89;Yonne;2024;MCV_APE_IND;Maladies cardioneurovasculaires;Artériopathie périphérique;Artériopathie périphérique;4380;324290;1.35;VALEUR_PUBLIEE;CNAM2024
90;Territoire de Belfort;2024;MCV_APE_IND;Maladies cardioneurovasculaires;Artériopathie périphérique;Artériopathie périphérique;1590;134660;1.184;VALEUR_PUBLIEE;CNAM2024
39;Jura;2024;MCV_CAT_CAT;Maladies cardioneurovasculaires;;;25510;255390;9.988;VALEUR_PUBLIEE;CNAM2024
21;Côte-d’Or;2024;IFL_MIC_IND;Maladies inflammatoires ou rares ou infection VIH;Maladies inflammatoires chroniques;Maladies inflammatoires chroniques intestinales;2610;520310;0.501;VALEUR_PUBLIEE;CNAM2024
25;Doubs;2024;IFL_MIC_IND;Maladies inflammatoires ou rares ou infection VIH;Maladies inflammatoires chroniques;Maladies inflammatoires chroniques intestinales;2810;533290;0.526;VALEUR_PUBLIEE;CNAM2024
70;Haute-Saône;2024;IFL_MIC_IND;Maladies inflammatoires ou rares ou infection VIH;Maladies inflammatoires chroniques;Maladies inflammatoires chroniques intestinales;1350;228890;0.588;VALEUR_PUBLIEE;CNAM2024
71;Saône-et-Loire;2024;IFL_MIC_IND;Maladies inflammatoires ou rares ou infection VIH;Maladies inflammatoires chroniques;Maladies inflammatoires chroniques intestinales;2410;541060;0.446;VALEUR_PUBLIEE;CNAM2024
89;Yonne;2024;IFL_MIC_IND;Maladies inflammatoires ou rares ou infection VIH;Maladies inflammatoires chroniques;Maladies inflammatoires chroniques intestinales;1750;324290;0.539;VALEUR_PUBLIEE;CNAM2024
90;Territoire de Belfort;2024;IFL_MIC_IND;Maladies inflammatoires ou rares ou infection VIH;Maladies inflammatoires chroniques;Maladies inflammatoires chroniques intestinales;700;134660;0.521;VALEUR_PUBLIEE;CNAM2024
89;Yonne;2024;INF_VIH_IND;Maladies inflammatoires ou rares ou infection VIH;Infection par le VIH;Infection par le VIH;640;324290;0.199;VALEUR_PUBLIEE;CNAM2024
25;Doubs;2024;IFL_CAT_CAT;Maladies inflammatoires ou rares ou infection VIH;Maladies inflammatoires chroniques;;8840;533290;1.658;VALEUR_PUBLIEE;CNAM2024
89;Yonne;2024;IFL_CAT_CAT;Maladies inflammatoires ou rares ou infection VIH;Maladies inflammatoires chroniques;;5880;324290;1.812;VALEUR_PUBLIEE;CNAM2024
90;Territoire de Belfort;2024;IFL_CAT_CAT;Maladies inflammatoires ou rares ou infection VIH;Maladies inflammatoires chroniques;;2590;134660;1.922;VALEUR_PUBLIEE;CNAM2024
27;Bourgogne-Franche-Comté;2024;IFL_CAT_CAT;Maladies inflammatoires ou rares ou infection VIH;Maladies inflammatoires chroniques;;48540;2729870;1.778;VALEUR_PUBLIEE;CNAM2024
25;Doubs;2024;IFL_AUT_IND;Maladies inflammatoires ou rares ou infection VIH;Maladies inflammatoires chroniques;Autres maladies inflammatoires chroniques;2030;533290;0.381;VALEUR_PUBLIEE;CNAM2024
71;Saône-et-Loire;2024;IFL_AUT_IND;Maladies inflammatoires ou rares ou infection VIH;Maladies inflammatoires chroniques;Autres maladies inflammatoires chroniques;2490;541060;0.46;VALEUR_PUBLIEE;CNAM2024
39;Jura;2024;RAR_HTH_CAT;Maladies inflammatoires ou rares ou infection VIH;Maladies rares;Hémophilie ou troubles de l'hémostase graves;310;255390;0.12;VALEUR_PUBLIEE;CNAM2024
71;Saône-et-Loire;2024;RAR_HTH_CAT;Maladies inflammatoires ou rares ou infection VIH;Maladies rares;Hémophilie ou troubles de l'hémostase graves;590;541060;0.109;VALEUR_PUBLIEE;CNAM2024
90;Territoire de Belfort;2024;RAR_HTH_CAT;Maladies inflammatoires ou rares ou infection VIH;Maladies rares;Hémophilie ou troubles de l'hémostase graves;160;134660;0.116;VALEUR_PUBLIEE;CNAM2024
25;Doubs;2024;IFL_SPA_IND;Maladies inflammatoires ou rares ou infection VIH;Maladies inflammatoires chroniques;Spondylarthrite ankylosante ou maladies apparentées;1890;533290;0.355;VALEUR_PUBLIEE;CNAM2024
58;Nièvre;2024;RAR_CAT_CAT;Maladies inflammatoires ou rares ou infection VIH;Maladies rares;;630;191990;0.326;VALEUR_PUBLIEE;CNAM2024
70;Haute-Saône;2024;RAR_CAT_CAT;Maladies inflammatoires ou rares ou infection VIH;Maladies rares;;910;228890;0.396;VALEUR_PUBLIEE;CNAM2024
71;Saône-et-Loire;2024;RAR_CAT_CAT;Maladies inflammatoires ou rares ou infection VIH;Maladies rares;;1730;541060;0.32;VALEUR_PUBLIEE;CNAM2024
89;Yonne;2024;RAR_CAT_CAT;Maladies inflammatoires ou rares ou infection VIH;Maladies rares;;1290;324290;0.397;VALEUR_PUBLIEE;CNAM2024
39;Jura;2024;RAR_MMH_IND;Maladies inflammatoires ou rares ou infection VIH;Maladies rares;Maladies métaboliques héréditaires ou amylose;480;255390;0.188;VALEUR_PUBLIEE;CNAM2024
70;Haute-Saône;2024;RAR_MMH_IND;Maladies inflammatoires ou rares ou infection VIH;Maladies rares;Maladies métaboliques héréditaires ou amylose;490;228890;0.213;VALEUR_PUBLIEE;CNAM2024
71;Saône-et-Loire;2024;RAR_MMH_IND;Maladies inflammatoires ou rares ou infection VIH;Maladies rares;Maladies métaboliques héréditaires ou amylose;1070;541060;0.197;VALEUR_PUBLIEE;CNAM2024
25;Doubs;2024;IFL_PRM_IND;Maladies inflammatoires ou rares ou infection VIH;Maladies inflammatoires chroniques;Polyarthrite rhumatoïde ou maladies apparentées;2580;533290;0.483;VALEUR_PUBLIEE;CNAM2024
58;Nièvre;2024;IFL_PRM_IND;Maladies inflammatoires ou rares ou infection VIH;Maladies inflammatoires chroniques;Polyarthrite rhumatoïde ou maladies apparentées;1270;191990;0.661;VALEUR_PUBLIEE;CNAM2024
70;Haute-Saône;2024;IFL_PRM_IND;Maladies inflammatoires ou rares ou infection VIH;Maladies inflammatoires chroniques;Polyarthrite rhumatoïde ou maladies apparentées;1410;228890;0.616;VALEUR_PUBLIEE;CNAM2024
89;Yonne;2024;IFL_PRM_IND;Maladies inflammatoires ou rares ou infection VIH;Maladies inflammatoires chroniques;Polyarthrite rhumatoïde ou maladies apparentées;1890;324290;0.583;VALEUR_PUBLIEE;CNAM2024
25;Doubs;2024;MFP_CAT_EXC;Maladies du foie ou du pancréas (hors mucoviscidose);Maladies du foie ou du pancréas (hors mucoviscidose);Maladies du foie ou du pancréas (hors mucoviscidose);4460;533290;0.836;VALEUR_PUBLIEE;CNAM2024
39;Jura;2024;MFP_CAT_EXC;Maladies du foie ou du pancréas (hors mucoviscidose);Maladies du foie ou du pancréas (hors mucoviscidose);Maladies du foie ou du pancréas (hors mucoviscidose);2250;255390;0.881;VALEUR_PUBLIEE;CNAM2024
71;Saône-et-Loire;2024;MFP_CAT_EXC;Maladies du foie ou du pancréas (hors mucoviscidose);Maladies du foie ou du pancréas (hors mucoviscidose);Maladies du foie ou du pancréas (hors mucoviscidose);5510;541060;1.017;VALEUR_PUBLIEE;CNAM2024
39;Jura;2024;RAR_MUC_IND;Maladies inflammatoires ou rares ou infection VIH;Maladies rares;Mucoviscidose;40;255390;0.017;VALEUR_PUBLIEE;CNAM2024
21;Côte-d’Or;2024;NEU_CAT_CAT;Maladies neurologiques;;;16570;520310;3.184;VALEUR_PUBLIEE;CNAM2024
89;Yonne;2024;NEU_CAT_CAT;Maladies neurologiques;;;10960;324290;3.381;VALEUR_PUBLIEE;CNAM2024
27;Bourgogne-Franche-Comté;2024;NEU_CAT_CAT;Maladies neurologiques;;;88030;2729870;3.225;VALEUR_PUBLIEE;CNAM2024
25;Doubs;2024;HHP_CAT_INC;Hospitalisations hors pathologies repérées (avec ou sans pathologies, traitements ou maternité);Hospitalisations hors pathologies repérées (avec ou sans pathologies, traitements ou maternité);Hospitalisations hors pathologies repérées (avec ou sans pathologies, traitements ou maternité);76830;533290;14.407;VALEUR_PUBLIEE;CNAM2024
89;Yonne;2024;HHP_CAT_INC;Hospitalisations hors pathologies repérées (avec ou sans pathologies, traitements ou maternité);Hospitalisations hors pathologies repérées (avec ou sans pathologies, traitements ou maternité);Hospitalisations hors pathologies repérées (avec ou sans pathologies, traitements ou maternité);54500;324290;16.805;VALEUR_PUBLIEE;CNAM2024
90;Territoire de Belfort;2024;HHP_CAT_INC;Hospitalisations hors pathologies repérées (avec ou sans pathologies, traitements ou maternité);Hospitalisations hors pathologies repérées (avec ou sans pathologies, traitements ou maternité);Hospitalisations hors pathologies repérées (avec ou sans pathologies, traitements ou maternité);19280;134660;14.317;VALEUR_PUBLIEE;CNAM2024
25;Doubs;2024;POP_TOT_ABS;Pas de pathologie repérée, traitement, maternité, hospitalisation ou traitement antalgique ou anti-inflammatoire;Pas de pathologie repérée, traitement, maternité, hospitalisation ou traitement antalgique ou anti-inflammatoire;Pas de pathologie repérée, traitement, maternité, hospitalisation ou traitement antalgique ou anti-inflammatoire;289450;533290;54.276;VALEUR_PUBLIEE;CNAM2024
58;Nièvre;2024;POP_TOT_ABS;Pas de pathologie repérée, traitement, maternité, hospitalisation ou traitement antalgique ou anti-inflammatoire;Pas de pathologie repérée, traitement, maternité, hospitalisation ou traitement antalgique ou anti-inflammatoire;Pas de pathologie repérée, traitement, maternité, hospitalisation ou traitement antalgique ou anti-inflammatoire;84490;191990;44.004;VALEUR_PUBLIEE;CNAM2024
70;Haute-Saône;2024;POP_TOT_ABS;Pas de pathologie repérée, traitement, maternité, hospitalisation ou traitement antalgique ou anti-inflammatoire;Pas de pathologie repérée, traitement, maternité, hospitalisation ou traitement antalgique ou anti-inflammatoire;Pas de pathologie repérée, traitement, maternité, hospitalisation ou traitement antalgique ou anti-inflammatoire;110410;228890;48.235;VALEUR_PUBLIEE;CNAM2024
27;Bourgogne-Franche-Comté;2024;POP_TOT_ABS;Pas de pathologie repérée, traitement, maternité, hospitalisation ou traitement antalgique ou anti-inflammatoire;Pas de pathologie repérée, traitement, maternité, hospitalisation ou traitement antalgique ou anti-inflammatoire;Pas de pathologie repérée, traitement, maternité, hospitalisation ou traitement antalgique ou anti-inflammatoire;1372550;2729870;50.279;VALEUR_PUBLIEE;CNAM2024
25;Doubs;2024;PSY_ADD_CAT;Maladies psychiatriques;Troubles addictifs;Troubles addictifs;5480;533290;1.027;VALEUR_PUBLIEE;CNAM2024
58;Nièvre;2024;PSY_ADD_CAT;Maladies psychiatriques;Troubles addictifs;Troubles addictifs;2940;191990;1.53;VALEUR_PUBLIEE;CNAM2024
89;Yonne;2024;PSY_ADD_CAT;Maladies psychiatriques;Troubles addictifs;Troubles addictifs;4400;324290;1.356;VALEUR_PUBLIEE;CNAM2024
39;Jura;2024;PSY_TNH_CAT;Maladies psychiatriques;Troubles névrotiques et de l'humeur;Troubles névrotiques et de l'humeur;6850;255390;2.682;VALEUR_PUBLIEE;CNAM2024
27;Bourgogne-Franche-Comté;2024;PSY_TNH_CAT;Maladies psychiatriques;Troubles névrotiques et de l'humeur;Troubles névrotiques et de l'humeur;64920;2729870;2.378;VALEUR_PUBLIEE;CNAM2024
21;Côte-d’Or;2024;MAT_CAT_INC;Maternité (avec ou sans pathologies);Maternité (avec ou sans pathologies);Maternité (avec ou sans pathologies);7510;270310;2.778;VALEUR_PUBLIEE;CNAM2024
25;Doubs;2024;MAT_CAT_INC;Maternité (avec ou sans pathologies);Maternité (avec ou sans pathologies);Maternité (avec ou sans pathologies);8230;275170;2.99;VALEUR_PUBLIEE;CNAM2024
71;Saône-et-Loire;2024;MAT_CAT_INC;Maternité (avec ou sans pathologies);Maternité (avec ou sans pathologies);Maternité (avec ou sans pathologies);7050;281410;2.505;VALEUR_PUBLIEE;CNAM2024
90;Territoire de Belfort;2024;MAT_CAT_INC;Maternité (avec ou sans pathologies);Maternité (avec ou sans pathologies);Maternité (avec ou sans pathologies);2010;69480;2.891;VALEUR_PUBLIEE;CNAM2024
90;Territoire de Belfort;2024;PSY_DME_IND;Maladies psychiatriques;Déficience mentale;Déficience mentale;240;134660;0.176;VALEUR_PUBLIEE;CNAM2024
21;Côte-d’Or;2024;RES_CAT_EXC;Maladies respiratoires chroniques (hors mucoviscidose);Maladies respiratoires chroniques (hors mucoviscidose);Maladies respiratoires chroniques (hors mucoviscidose);29230;520310;5.619;VALEUR_PUBLIEE;CNAM2024
58;Nièvre;2024;RES_CAT_EXC;Maladies respiratoires chroniques (hors mucoviscidose);Maladies respiratoires chroniques (hors mucoviscidose);Maladies respiratoires chroniques (hors mucoviscidose);12780;191990;6.658;VALEUR_PUBLIEE;CNAM2024
27;Bourgogne-Franche-Comté;2024;RES_CAT_EXC;Maladies respiratoires chroniques (hors mucoviscidose);Maladies respiratoires chroniques (hors mucoviscidose);Maladies respiratoires chroniques (hors mucoviscidose);172210;2729870;6.308;VALEUR_PUBLIEE;CNAM2024
25;Doubs;2024;IRT_CAT_CAT;Insuffisance rénale chronique terminale;;;720;533290;0.134;VALEUR_PUBLIEE;CNAM2024
39;Jura;2024;IRT_CAT_CAT;Insuffisance rénale chronique terminale;;;370;255390;0.144;VALEUR_PUBLIEE;CNAM2024
89;Yonne;2024;IRT_CAT_CAT;Insuffisance rénale chronique terminale;;;480;324290;0.147;VALEUR_PUBLIEE;CNAM2024
90;Territoire de Belfort;2024;IRT_CAT_CAT;Insuffisance rénale chronique terminale;;;220;134660;0.16;VALEUR_PUBLIEE;CNAM2024
21;Côte-d’Or;2024;CAN_AUT_ACT;Cancers;Autres cancers;Autres cancers actifs;8290;520310;1.593;VALEUR_PUBLIEE;CNAM2024
25;Doubs;2024;CAN_AUT_ACT;Cancers;Autres cancers;Autres cancers actifs;7340;533290;1.376;VALEUR_PUBLIEE;CNAM2024
58;Nièvre;2024;CAN_AUT_ACT;Cancers;Autres cancers;Autres cancers actifs;4100;191990;2.135;VALEUR_PUBLIEE;CNAM2024
71;Saône-et-Loire;2024;CAN_AUT_ACT;Cancers;Autres cancers;Autres cancers actifs;10180;541060;1.881;VALEUR_PUBLIEE;CNAM2024
89;Yonne;2024;CAN_AUT_ACT;Cancers;Autres cancers;Autres cancers actifs;5750;324290;1.774;VALEUR_PUBLIEE;CNAM2024
90;Territoire de Belfort;2024;CAN_AUT_ACT;Cancers;Autres cancers;Autres cancers actifs;1850;134660;1.37;VALEUR_PUBLIEE;CNAM2024
70;Haute-Saône;2024;CAN_AUT_SUR;Cancers;Autres cancers;Autres cancers sous surveillance;3930;228890;1.717;VALEUR_PUBLIEE;CNAM2024
27;Bourgogne-Franche-Comté;2024;CAN_AUT_SUR;Cancers;Autres cancers;Autres cancers sous surveillance;45790;2729870;1.677;VALEUR_PUBLIEE;CNAM2024
21;Côte-d’Or;2024;MCV_SCO_AIG;Maladies cardioneurovasculaires;Maladie coronaire;Syndrome coronaire aigu;720;520310;0.139;VALEUR_PUBLIEE;CNAM2024
25;Doubs;2024;MCV_SCO_AIG;Maladies cardioneurovasculaires;Maladie coronaire;Syndrome coronaire aigu;710;533290;0.133;VALEUR_PUBLIEE;CNAM2024
39;Jura;2024;MCV_SCO_AIG;Maladies cardioneurovasculaires;Maladie coronaire;Syndrome coronaire aigu;460;255390;0.182;VALEUR_PUBLIEE;CNAM2024
58;Nièvre;2024;MCV_SCO_AIG;Maladies cardioneurovasculaires;Maladie coronaire;Syndrome coronaire aigu;450;191990;0.234;VALEUR_PUBLIEE;CNAM2024
70;Haute-Saône;2024;MCV_SCO_AIG;Maladies cardioneurovasculaires;Maladie coronaire;Syndrome coronaire aigu;360;228890;0.155;VALEUR_PUBLIEE;CNAM2024
71;Saône-et-Loire;2024;MCV_SCO_AIG;Maladies cardioneurovasculaires;Maladie coronaire;Syndrome coronaire aigu;1040;541060;0.191;VALEUR_PUBLIEE;CNAM2024
90;Territoire de Belfort;2024;MCV_SCO_AIG;Maladies cardioneurovasculaires;Maladie coronaire;Syndrome coronaire aigu;190;134660;0.142;VALEUR_PUBLIEE;CNAM2024
27;Bourgogne-Franche-Comté;2024;MCV_SCO_AIG;Maladies cardioneurovasculaires;Maladie coronaire;Syndrome coronaire aigu;4550;2729870;0.167;VALEUR_PUBLIEE;CNAM2024
21;Côte-d’Or;2024;MCV_ICA_CHR;Maladies cardioneurovasculaires;Insuffisance cardiaque;Insuffisance cardiaque chronique;5300;520310;1.018;VALEUR_PUBLIEE;CNAM2024
25;Doubs;2024;MCV_ICA_CHR;Maladies cardioneurovasculaires;Insuffisance cardiaque;Insuffisance cardiaque chronique;5000;533290;0.937;VALEUR_PUBLIEE;CNAM2024
39;Jura;2024;MCV_ICA_CHR;Maladies cardioneurovasculaires;Insuffisance cardiaque;Insuffisance cardiaque chronique;2880;255390;1.128;VALEUR_PUBLIEE;CNAM2024
58;Nièvre;2024;MCV_ICA_CHR;Maladies cardioneurovasculaires;Insuffisance cardiaque;Insuffisance cardiaque chronique;2700;191990;1.406;VALEUR_PUBLIEE;CNAM2024
21;Côte-d’Or;2024;MCV_SCO_CAT;Maladies cardioneurovasculaires;Maladie coronaire;;19420;520310;3.733;VALEUR_PUBLIEE;CNAM2024
58;Nièvre;2024;MCV_SCO_CAT;Maladies cardioneurovasculaires;Maladie coronaire;;9640;191990;5.018;VALEUR_PUBLIEE;CNAM2024
70;Haute-Saône;2024;MCV_SCO_CAT;Maladies cardioneurovasculaires;Maladie coronaire;;10000;228890;4.367;VALEUR_PUBLIEE;CNAM2024
71;Saône-et-Loire;2024;MCV_SCO_CAT;Maladies cardioneurovasculaires;Maladie coronaire;;23370;541060;4.32;VALEUR_PUBLIEE;CNAM2024
89;Yonne;2024;MCV_SCO_CAT;Maladies cardioneurovasculaires;Maladie coronaire;;13690;324290;4.221;VALEUR_PUBLIEE;CNAM2024
90;Territoire de Belfort;2024;MCV_SCO_CAT;Maladies cardioneurovasculaires;Maladie coronaire;;5660;134660;4.205;VALEUR_PUBLIEE;CNAM2024
27;Bourgogne-Franche-Comté;2024;MCV_SCO_CAT;Maladies cardioneurovasculaires;Maladie coronaire;;113490;2729870;4.157;VALEUR_PUBLIEE;CNAM2024
25;Doubs;2024;MCV_SCO_CHR;Maladies cardioneurovasculaires;Maladie coronaire;Maladie coronaire chronique;20420;533290;3.829;VALEUR_PUBLIEE;CNAM2024
58;Nièvre;2024;MCV_SCO_CHR;Maladies cardioneurovasculaires;Maladie coronaire;Maladie coronaire chronique;9190;191990;4.785;VALEUR_PUBLIEE;CNAM2024
58;Nièvre;2024;MCV_ICA_AIG;Maladies cardioneurovasculaires;Insuffisance cardiaque;Insuffisance cardiaque aiguë;710;191990;0.372;VALEUR_PUBLIEE;CNAM2024
70;Haute-Saône;2024;MCV_ICA_AIG;Maladies cardioneurovasculaires;Insuffisance cardiaque;Insuffisance cardiaque aiguë;690;228890;0.3;VALEUR_PUBLIEE;CNAM2024
90;Territoire de Belfort;2024;MCV_ICA_AIG;Maladies cardioneurovasculaires;Insuffisance cardiaque;Insuffisance cardiaque aiguë;310;134660;0.227;VALEUR_PUBLIEE;CNAM2024
58;Nièvre;2024;MCV_ICA_CAT;Maladies cardioneurovasculaires;Insuffisance cardiaque;;3410;191990;1.778;VALEUR_PUBLIEE;CNAM2024
21;Côte-d’Or;2024;MCV_MVA_IND;Maladies cardioneurovasculaires;Maladie valvulaire;Maladie valvulaire;4630;520310;0.89;VALEUR_PUBLIEE;CNAM2024
25;Doubs;2024;MCV_MVA_IND;Maladies cardioneurovasculaires;Maladie valvulaire;Maladie valvulaire;3550;533290;0.665;VALEUR_PUBLIEE;CNAM2024
39;Jura;2024;MCV_MVA_IND;Maladies cardioneurovasculaires;Maladie valvulaire;Maladie valvulaire;2130;255390;0.835;VALEUR_PUBLIEE;CNAM2024
58;Nièvre;2024;MCV_MVA_IND;Maladies cardioneurovasculaires;Maladie valvulaire;Maladie valvulaire;1780;191990;0.925;VALEUR_PUBLIEE;CNAM2024
90;Territoire de Belfort;2024;MCV_MVA_IND;Maladies cardioneurovasculaires;Maladie valvulaire;Maladie valvulaire;880;134660;0.656;VALEUR_PUBLIEE;CNAM2024
21;Côte-d’Or;2024;MCV_TRC_IND;Maladies cardioneurovasculaires;Troubles du rythme ou de la conduction cardiaque;Troubles du rythme ou de la conduction cardiaque;18050;520310;3.468;VALEUR_PUBLIEE;CNAM2024
39;Jura;2024;MCV_TRC_IND;Maladies cardioneurovasculaires;Troubles du rythme ou de la conduction cardiaque;Troubles du rythme ou de la conduction cardiaque;9710;255390;3.8;VALEUR_PUBLIEE;CNAM2024
71;Saône-et-Loire;2024;MCV_TRC_IND;Maladies cardioneurovasculaires;Troubles du rythme ou de la conduction cardiaque;Troubles du rythme ou de la conduction cardiaque;22640;541060;4.184;VALEUR_PUBLIEE;CNAM2024
89;Yonne;2024;MCV_TRC_IND;Maladies cardioneurovasculaires;Troubles du rythme ou de la conduction cardiaque;Troubles du rythme ou de la conduction cardiaque;12250;324290;3.777;VALEUR_PUBLIEE;CNAM2024
90;Territoire de Belfort;2024;MCV_TRC_IND;Maladies cardioneurovasculaires;Troubles du rythme ou de la conduction cardiaque;Troubles du rythme ou de la conduction cardiaque;4000;134660;2.971;VALEUR_PUBLIEE;CNAM2024
27;Bourgogne-Franche-Comté;2024;MCV_TRC_IND;Maladies cardioneurovasculaires;Troubles du rythme ou de la conduction cardiaque;Troubles du rythme ou de la conduction cardiaque;99790;2729870;3.655;VALEUR_PUBLIEE;CNAM2024
90;Territoire de Belfort;2024;ALD_CAT_CAT;Affections de longue durée (dont 31 et 32) pour d'autres causes;Affections de longue durée (dont 31 et 32) pour d'autres causes;Affections de longue durée (dont 31 et 32) pour d'autres causes;2560;134660;1.897;VALEUR_PUBLIEE;CNAM2024
27;Bourgogne-Franche-Comté;2024;ALD_CAT_CAT;Affections de longue durée (dont 31 et 32) pour d'autres causes;Affections de longue durée (dont 31 et 32) pour d'autres causes;Affections de longue durée (dont 31 et 32) pour d'autres causes;64050;2729870;2.346;VALEUR_PUBLIEE;CNAM2024
39;Jura;2024;TPS_ADR_EXC;Traitements psychotropes (hors pathologies);Traitements antidépresseurs ou thymorégulateurs (hors pathologies);Traitements antidépresseurs ou thymorégulateurs (hors pathologies);17100;255390;6.697;VALEUR_PUBLIEE;CNAM2024
90;Territoire de Belfort;2024;TPS_ADR_EXC;Traitements psychotropes (hors pathologies);Traitements antidépresseurs ou thymorégulateurs (hors pathologies);Traitements antidépresseurs ou thymorégulateurs (hors pathologies);7420;134660;5.509;VALEUR_PUBLIEE;CNAM2024
27;Bourgogne-Franche-Comté;2024;TFC_CAT_EXC;Traitements du risque vasculaire (hors pathologies);;;420920;2729870;15.419;VALEUR_PUBLIEE;CNAM2024
58;Nièvre;2024;TPS_ANX_EXC;Traitements psychotropes (hors pathologies);Traitements anxiolytiques (hors pathologies);Traitements anxiolytiques (hors pathologies);12590;191990;6.558;VALEUR_PUBLIEE;CNAM2024
58;Nièvre;2024;TFC_HTA_EXC;Traitements du risque vasculaire (hors pathologies);Traitements antihypertenseurs (hors pathologies);Traitements antihypertenseurs (hors pathologies);32610;191990;16.983;VALEUR_PUBLIEE;CNAM2024
71;Saône-et-Loire;2024;TFC_HTA_EXC;Traitements du risque vasculaire (hors pathologies);Traitements antihypertenseurs (hors pathologies);Traitements antihypertenseurs (hors pathologies);77320;541060;14.29;VALEUR_PUBLIEE;CNAM2024
90;Territoire de Belfort;2024;TFC_HTA_EXC;Traitements du risque vasculaire (hors pathologies);Traitements antihypertenseurs (hors pathologies);Traitements antihypertenseurs (hors pathologies);14300;134660;10.621;VALEUR_PUBLIEE;CNAM2024
58;Nièvre;2024;TPS_HYP_EXC;Traitements psychotropes (hors pathologies);Traitements hypnotiques (hors pathologies);Traitements hypnotiques (hors pathologies);4130;191990;2.15;VALEUR_PUBLIEE;CNAM2024
70;Haute-Saône;2024;TPS_HYP_EXC;Traitements psychotropes (hors pathologies);Traitements hypnotiques (hors pathologies);Traitements hypnotiques (hors pathologies);4730;228890;2.068;VALEUR_PUBLIEE;CNAM2024
71;Saône-et-Loire;2024;TPS_HYP_EXC;Traitements psychotropes (hors pathologies);Traitements hypnotiques (hors pathologies);Traitements hypnotiques (hors pathologies);7160;541060;1.323;VALEUR_PUBLIEE;CNAM2024
90;Territoire de Belfort;2024;TPS_HYP_EXC;Traitements psychotropes (hors pathologies);Traitements hypnotiques (hors pathologies);Traitements hypnotiques (hors pathologies);2220;134660;1.648;VALEUR_PUBLIEE;CNAM2024
27;Bourgogne-Franche-Comté;2024;TPS_HYP_EXC;Traitements psychotropes (hors pathologies);Traitements hypnotiques (hors pathologies);Traitements hypnotiques (hors pathologies);42230;2729870;1.547;VALEUR_PUBLIEE;CNAM2024
70;Haute-Saône;2024;TPS_NLE_EXC;Traitements psychotropes (hors pathologies);Traitements neuroleptiques (hors pathologies);Traitements neuroleptiques (hors pathologies);1290;228890;0.562;VALEUR_PUBLIEE;CNAM2024
89;Yonne;2024;TPS_NLE_EXC;Traitements psychotropes (hors pathologies);Traitements neuroleptiques (hors pathologies);Traitements neuroleptiques (hors pathologies);1990;324290;0.614;VALEUR_PUBLIEE;CNAM2024
27;Bourgogne-Franche-Comté;2024;TPS_NLE_EXC;Traitements psychotropes (hors pathologies);Traitements neuroleptiques (hors pathologies);Traitements neuroleptiques (hors pathologies);17200;2729870;0.63;VALEUR_PUBLIEE;CNAM2024
25;Doubs;2024;TFC_LIP_EXC;Traitements du risque vasculaire (hors pathologies);Traitements hypolipémiants (hors pathologies);Traitements hypolipémiants (hors pathologies);33430;533290;6.269;VALEUR_PUBLIEE;CNAM2024
70;Haute-Saône;2024;TFC_LIP_EXC;Traitements du risque vasculaire (hors pathologies);Traitements hypolipémiants (hors pathologies);Traitements hypolipémiants (hors pathologies);16500;228890;7.21;VALEUR_PUBLIEE;CNAM2024
89;Yonne;2024;TFC_LIP_EXC;Traitements du risque vasculaire (hors pathologies);Traitements hypolipémiants (hors pathologies);Traitements hypolipémiants (hors pathologies);20660;324290;6.37;VALEUR_PUBLIEE;CNAM2024
21;Côte-d’Or;2024;TPS_CAT_EXC;Traitements psychotropes (hors pathologies);;;49270;520310;9.469;VALEUR_PUBLIEE;CNAM2024
25;Doubs;2024;TPS_CAT_EXC;Traitements psychotropes (hors pathologies);;;49650;533290;9.31;VALEUR_PUBLIEE;CNAM2024
89;Yonne;2024;TPS_CAT_EXC;Traitements psychotropes (hors pathologies);;;32270;324290;9.951;VALEUR_PUBLIEE;CNAM2024
25;Doubs;2024;CAN_CRE_SUR;Cancers;Cancer colorectal;Cancer colorectal sous surveillance;1400;533290;0.263;VALEUR_PUBLIEE;CNAM2024
58;Nièvre;2024;CAN_CRE_SUR;Cancers;Cancer colorectal;Cancer colorectal sous surveillance;840;191990;0.438;VALEUR_PUBLIEE;CNAM2024
27;Bourgogne-Franche-Comté;2024;CAN_CRE_SUR;Cancers;Cancer colorectal;Cancer colorectal sous surveillance;8610;2729870;0.315;VALEUR_PUBLIEE;CNAM2024
58;Nièvre;2024;CAN_PRO_CAT;Cancers;Cancer de la prostate;;2220;91340;2.429;VALEUR_PUBLIEE;CNAM2024
71;Saône-et-Loire;2024;CAN_PRO_CAT;Cancers;Cancer de la prostate;;6210;259650;2.393;VALEUR_PUBLIEE;CNAM2024
90;Territoire de Belfort;2024;CAN_PRO_CAT;Cancers;Cancer de la prostate;;1150;65170;1.765;VALEUR_PUBLIEE;CNAM2024
89;Yonne;2024;CAN_CRE_ACT;Cancers;Cancer colorectal;Cancer colorectal actif;920;324290;0.283;VALEUR_PUBLIEE;CNAM2024
90;Territoire de Belfort;2024;CAN_CRE_ACT;Cancers;Cancer colorectal;Cancer colorectal actif;260;134660;0.196;VALEUR_PUBLIEE;CNAM2024
21;Côte-d’Or;2024;CAN_BPU_SUR;Cancers;Cancer bronchopulmonaire;Cancer bronchopulmonaire sous surveillance;370;520310;0.072;VALEUR_PUBLIEE;CNAM2024
25;Doubs;2024;CAN_BPU_SUR;Cancers;Cancer bronchopulmonaire;Cancer bronchopulmonaire sous surveillance;450;533290;0.084;VALEUR_PUBLIEE;CNAM2024
39;Jura;2024;CAN_BPU_SUR;Cancers;Cancer bronchopulmonaire;Cancer bronchopulmonaire sous surveillance;210;255390;0.08;VALEUR_PUBLIEE;CNAM2024
58;Nièvre;2024;CAN_BPU_SUR;Cancers;Cancer bronchopulmonaire;Cancer bronchopulmonaire sous surveillance;200;191990;0.104;VALEUR_PUBLIEE;CNAM2024
70;Haute-Saône;2024;CAN_BPU_SUR;Cancers;Cancer bronchopulmonaire;Cancer bronchopulmonaire sous surveillance;250;228890;0.11;VALEUR_PUBLIEE;CNAM2024
21;Côte-d’Or;2024;CAN_CRE_CAT;Cancers;Cancer colorectal;;2660;520310;0.511;VALEUR_PUBLIEE;CNAM2024
70;Haute-Saône;2024;CAN_CRE_CAT;Cancers;Cancer colorectal;;1250;228890;0.547;VALEUR_PUBLIEE;CNAM2024
89;Yonne;2024;CAN_CRE_CAT;Cancers;Cancer colorectal;;1980;324290;0.611;VALEUR_PUBLIEE;CNAM2024
58;Nièvre;2024;CAN_BPU_ACT;Cancers;Cancer bronchopulmonaire;Cancer bronchopulmonaire actif;520;191990;0.271;VALEUR_PUBLIEE;CNAM2024
70;Haute-Saône;2024;CAN_BPU_ACT;Cancers;Cancer bronchopulmonaire;Cancer bronchopulmonaire actif;540;228890;0.238;VALEUR_PUBLIEE;CNAM2024
25;Doubs;2024;CAN_PRO_ACT;Cancers;Cancer de la prostate;Cancer de la prostate actif;2190;258120;0.849;VALEUR_PUBLIEE;CNAM2024
39;Jura;2024;CAN_PRO_ACT;Cancers;Cancer de la prostate;Cancer de la prostate actif;1250;123330;1.011;VALEUR_PUBLIEE;CNAM2024
71;Saône-et-Loire;2024;CAN_PRO_ACT;Cancers;Cancer de la prostate;Cancer de la prostate actif;2690;259650;1.035;VALEUR_PUBLIEE;CNAM2024
90;Territoire de Belfort;2024;CAN_PRO_ACT;Cancers;Cancer de la prostate;Cancer de la prostate actif;480;65170;0.741;VALEUR_PUBLIEE;CNAM2024
21;Côte-d’Or;2024;CAN_PRO_SUR;Cancers;Cancer de la prostate;Cancer de la prostate sous surveillance;2650;250000;1.06;VALEUR_PUBLIEE;CNAM2024
25;Doubs;2024;CAN_PRO_SUR;Cancers;Cancer de la prostate;Cancer de la prostate sous surveillance;2500;258120;0.967;VALEUR_PUBLIEE;CNAM2024
71;Saône-et-Loire;2024;CAN_PRO_SUR;Cancers;Cancer de la prostate;Cancer de la prostate sous surveillance;3530;259650;1.358;VALEUR_PUBLIEE;CNAM2024
25;Doubs;2024;CAN_SEI_CAT;Cancers;Cancer du sein de la femme;;5520;275170;2.006;VALEUR_PUBLIEE;CNAM2024
71;Saône-et-Loire;2024;CAN_SEI_CAT;Cancers;Cancer du sein de la femme;;6630;281410;2.357;VALEUR_PUBLIEE;CNAM2024
27;Bourgogne-Franche-Comté;2024;CAN_SEI_CAT;Cancers;Cancer du sein de la femme;;31790;1414650;2.247;VALEUR_PUBLIEE;CNAM2024
25;Doubs;2024;CAN_SEI_ACT;Cancers;Cancer du sein de la femme;Cancer du sein de la femme actif;2050;275170;0.745;VALEUR_PUBLIEE;CNAM2024
58;Nièvre;2024;CAN_BPU_CAT;Cancers;Cancer bronchopulmonaire;;720;191990;0.374;VALEUR_PUBLIEE;CNAM2024
70;Haute-Saône;2024;CAN_BPU_CAT;Cancers;Cancer bronchopulmonaire;;800;228890;0.348;VALEUR_PUBLIEE;CNAM2024
71;Saône-et-Loire;2024;POP_TOT_IND;Total consommants tous régimes;Total consommants tous régimes;Total consommants tous régimes;541060;541060;100.0;VALEUR_PUBLIEE;CNAM2024
90;Territoire de Belfort;2024;POP_TOT_IND;Total consommants tous régimes;Total consommants tous régimes;Total consommants tous régimes;134660;134660;100.0;VALEUR_PUBLIEE;CNAM2024
58;Nièvre;2024;TAA_CAT_EXC;Traitements antalgiques ou anti-inflammatoires (hors pathologies, traitements, maternité ou hospitalisations);Traitements antalgiques ou anti-inflammatoires (hors pathologies, traitements, maternité ou hospitalisations);Traitements antalgiques ou anti-inflammatoires (hors pathologies, traitements, maternité ou hospitalisations);2360;191990;1.23;VALEUR_PUBLIEE;CNAM2024
90;Territoire de Belfort;2024;TAA_CAT_EXC;Traitements antalgiques ou anti-inflammatoires (hors pathologies, traitements, maternité ou hospitalisations);Traitements antalgiques ou anti-inflammatoires (hors pathologies, traitements, maternité ou hospitalisations);Traitements antalgiques ou anti-inflammatoires (hors pathologies, traitements, maternité ou hospitalisations);2200;134660;1.633;VALEUR_PUBLIEE;CNAM2024
25;Doubs;2024;PSY_PSC_IND;Maladies psychiatriques;Troubles psychotiques;Troubles psychotiques;3250;533290;0.61;VALEUR_PUBLIEE;CNAM2024
70;Haute-Saône;2024;PSY_PSC_IND;Maladies psychiatriques;Troubles psychotiques;Troubles psychotiques;1450;228890;0.635;VALEUR_PUBLIEE;CNAM2024
27;Bourgogne-Franche-Comté;2024;PSY_PSC_IND;Maladies psychiatriques;Troubles psychotiques;Troubles psychotiques;19780;2729870;0.725;VALEUR_PUBLIEE;CNAM2024
21;Côte-d’Or;2024;POP_TOT_IND;Total consommants tous régimes;Total consommants tous régimes;Total consommants tous régimes;520310;520310;100.0;VALEUR_PUBLIEE;CNAM2024
58;Nièvre;2024;POP_TOT_IND;Total consommants tous régimes;Total consommants tous régimes;Total consommants tous régimes;191990;191990;100.0;VALEUR_PUBLIEE;CNAM2024
89;Yonne;2024;POP_TOT_IND;Total consommants tous régimes;Total consommants tous régimes;Total consommants tous régimes;324290;324290;100.0;VALEUR_PUBLIEE;CNAM2024
27;Bourgogne-Franche-Comté;2024;POP_TOT_IND;Total consommants tous régimes;Total consommants tous régimes;Total consommants tous régimes;2729870;2729870;100.0;VALEUR_PUBLIEE;CNAM2024
21;Côte-d’Or;2024;TAA_CAT_EXC;Traitements antalgiques ou anti-inflammatoires (hors pathologies, traitements, maternité ou hospitalisations);Traitements antalgiques ou anti-inflammatoires (hors pathologies, traitements, maternité ou hospitalisations);Traitements antalgiques ou anti-inflammatoires (hors pathologies, traitements, maternité ou hospitalisations);9310;520310;1.789;VALEUR_PUBLIEE;CNAM2024
25;Doubs;2024;TAA_CAT_EXC;Traitements antalgiques ou anti-inflammatoires (hors pathologies, traitements, maternité ou hospitalisations);Traitements antalgiques ou anti-inflammatoires (hors pathologies, traitements, maternité ou hospitalisations);Traitements antalgiques ou anti-inflammatoires (hors pathologies, traitements, maternité ou hospitalisations);9610;533290;1.802;VALEUR_PUBLIEE;CNAM2024
39;Jura;2024;TAA_CAT_EXC;Traitements antalgiques ou anti-inflammatoires (hors pathologies, traitements, maternité ou hospitalisations);Traitements antalgiques ou anti-inflammatoires (hors pathologies, traitements, maternité ou hospitalisations);Traitements antalgiques ou anti-inflammatoires (hors pathologies, traitements, maternité ou hospitalisations);3600;255390;1.41;VALEUR_PUBLIEE;CNAM2024
70;Haute-Saône;2024;TAA_CAT_EXC;Traitements antalgiques ou anti-inflammatoires (hors pathologies, traitements, maternité ou hospitalisations);Traitements antalgiques ou anti-inflammatoires (hors pathologies, traitements, maternité ou hospitalisations);Traitements antalgiques ou anti-inflammatoires (hors pathologies, traitements, maternité ou hospitalisations);4000;228890;1.748;VALEUR_PUBLIEE;CNAM2024
71;Saône-et-Loire;2024;TAA_CAT_EXC;Traitements antalgiques ou anti-inflammatoires (hors pathologies, traitements, maternité ou hospitalisations);Traitements antalgiques ou anti-inflammatoires (hors pathologies, traitements, maternité ou hospitalisations);Traitements antalgiques ou anti-inflammatoires (hors pathologies, traitements, maternité ou hospitalisations);7320;541060;1.354;VALEUR_PUBLIEE;CNAM2024
89;Yonne;2024;TAA_CAT_EXC;Traitements antalgiques ou anti-inflammatoires (hors pathologies, traitements, maternité ou hospitalisations);Traitements antalgiques ou anti-inflammatoires (hors pathologies, traitements, maternité ou hospitalisations);Traitements antalgiques ou anti-inflammatoires (hors pathologies, traitements, maternité ou hospitalisations);4350;324290;1.342;VALEUR_PUBLIEE;CNAM2024
27;Bourgogne-Franche-Comté;2024;TAA_CAT_EXC;Traitements antalgiques ou anti-inflammatoires (hors pathologies, traitements, maternité ou hospitalisations);Traitements antalgiques ou anti-inflammatoires (hors pathologies, traitements, maternité ou hospitalisations);Traitements antalgiques ou anti-inflammatoires (hors pathologies, traitements, maternité ou hospitalisations);42760;2729870;1.566;VALEUR_PUBLIEE;CNAM2024
58;Nièvre;2024;HHP_CAT_INC;Hospitalisations hors pathologies repérées (avec ou sans pathologies, traitements ou maternité);Hospitalisations hors pathologies repérées (avec ou sans pathologies, traitements ou maternité);Hospitalisations hors pathologies repérées (avec ou sans pathologies, traitements ou maternité);32590;191990;16.974;VALEUR_PUBLIEE;CNAM2024
70;Haute-Saône;2024;HHP_CAT_INC;Hospitalisations hors pathologies repérées (avec ou sans pathologies, traitements ou maternité);Hospitalisations hors pathologies repérées (avec ou sans pathologies, traitements ou maternité);Hospitalisations hors pathologies repérées (avec ou sans pathologies, traitements ou maternité);36780;228890;16.07;VALEUR_PUBLIEE;CNAM2024
27;Bourgogne-Franche-Comté;2024;HHP_CAT_INC;Hospitalisations hors pathologies repérées (avec ou sans pathologies, traitements ou maternité);Hospitalisations hors pathologies repérées (avec ou sans pathologies, traitements ou maternité);Hospitalisations hors pathologies repérées (avec ou sans pathologies, traitements ou maternité);435170;2729870;15.941;VALEUR_PUBLIEE;CNAM2024
21;Côte-d’Or;2024;MFP_CAT_EXC;Maladies du foie ou du pancréas (hors mucoviscidose);Maladies du foie ou du pancréas (hors mucoviscidose);Maladies du foie ou du pancréas (hors mucoviscidose);5280;520310;1.015;VALEUR_PUBLIEE;CNAM2024
27;Bourgogne-Franche-Comté;2024;MFP_CAT_EXC;Maladies du foie ou du pancréas (hors mucoviscidose);Maladies du foie ou du pancréas (hors mucoviscidose);Maladies du foie ou du pancréas (hors mucoviscidose);26110;2729870;0.956;VALEUR_PUBLIEE;CNAM2024
27;Bourgogne-Franche-Comté;2024;MCV_MVA_IND;Maladies cardioneurovasculaires;Maladie valvulaire;Maladie valvulaire;23590;2729870;0.864;VALEUR_PUBLIEE;CNAM2024
25;Doubs;2024;MCV_TRC_IND;Maladies cardioneurovasculaires;Troubles du rythme ou de la conduction cardiaque;Troubles du rythme ou de la conduction cardiaque;15800;533290;2.963;VALEUR_PUBLIEE;CNAM2024
21;Côte-d’Or;2024;TPS_ANX_EXC;Traitements psychotropes (hors pathologies);Traitements anxiolytiques (hors pathologies);Traitements anxiolytiques (hors pathologies);24050;520310;4.621;VALEUR_PUBLIEE;CNAM2024
25;Doubs;2024;TPS_ANX_EXC;Traitements psychotropes (hors pathologies);Traitements anxiolytiques (hors pathologies);Traitements anxiolytiques (hors pathologies);24850;533290;4.659;VALEUR_PUBLIEE;CNAM2024
39;Jura;2024;TPS_ANX_EXC;Traitements psychotropes (hors pathologies);Traitements anxiolytiques (hors pathologies);Traitements anxiolytiques (hors pathologies);15650;255390;6.128;VALEUR_PUBLIEE;CNAM2024
71;Saône-et-Loire;2024;TPS_ANX_EXC;Traitements psychotropes (hors pathologies);Traitements anxiolytiques (hors pathologies);Traitements anxiolytiques (hors pathologies);32140;541060;5.939;VALEUR_PUBLIEE;CNAM2024
89;Yonne;2024;TPS_ANX_EXC;Traitements psychotropes (hors pathologies);Traitements anxiolytiques (hors pathologies);Traitements anxiolytiques (hors pathologies);18180;324290;5.606;VALEUR_PUBLIEE;CNAM2024
90;Territoire de Belfort;2024;TPS_ANX_EXC;Traitements psychotropes (hors pathologies);Traitements anxiolytiques (hors pathologies);Traitements anxiolytiques (hors pathologies);6670;134660;4.95;VALEUR_PUBLIEE;CNAM2024
27;Bourgogne-Franche-Comté;2024;TPS_ANX_EXC;Traitements psychotropes (hors pathologies);Traitements anxiolytiques (hors pathologies);Traitements anxiolytiques (hors pathologies);147500;2729870;5.403;VALEUR_PUBLIEE;CNAM2024
25;Doubs;2024;TPS_HYP_EXC;Traitements psychotropes (hors pathologies);Traitements hypnotiques (hors pathologies);Traitements hypnotiques (hors pathologies);7490;533290;1.404;VALEUR_PUBLIEE;CNAM2024
39;Jura;2024;TPS_HYP_EXC;Traitements psychotropes (hors pathologies);Traitements hypnotiques (hors pathologies);Traitements hypnotiques (hors pathologies);3710;255390;1.452;VALEUR_PUBLIEE;CNAM2024
21;Côte-d’Or;2024;TPS_NLE_EXC;Traitements psychotropes (hors pathologies);Traitements neuroleptiques (hors pathologies);Traitements neuroleptiques (hors pathologies);3130;520310;0.602;VALEUR_PUBLIEE;CNAM2024
58;Nièvre;2024;TPS_NLE_EXC;Traitements psychotropes (hors pathologies);Traitements neuroleptiques (hors pathologies);Traitements neuroleptiques (hors pathologies);1240;191990;0.645;VALEUR_PUBLIEE;CNAM2024
71;Saône-et-Loire;2024;TPS_NLE_EXC;Traitements psychotropes (hors pathologies);Traitements neuroleptiques (hors pathologies);Traitements neuroleptiques (hors pathologies);4380;541060;0.81;VALEUR_PUBLIEE;CNAM2024
21;Côte-d’Or;2024;MCV_APE_IND;Maladies cardioneurovasculaires;Artériopathie périphérique;Artériopathie périphérique;5590;520310;1.074;VALEUR_PUBLIEE;CNAM2024
39;Jura;2024;MCV_APE_IND;Maladies cardioneurovasculaires;Artériopathie périphérique;Artériopathie périphérique;3230;255390;1.263;VALEUR_PUBLIEE;CNAM2024
58;Nièvre;2024;MCV_APE_IND;Maladies cardioneurovasculaires;Artériopathie périphérique;Artériopathie périphérique;3080;191990;1.603;VALEUR_PUBLIEE;CNAM2024
70;Haute-Saône;2024;MCV_APE_IND;Maladies cardioneurovasculaires;Artériopathie périphérique;Artériopathie périphérique;3400;228890;1.487;VALEUR_PUBLIEE;CNAM2024
71;Saône-et-Loire;2024;MCV_APE_IND;Maladies cardioneurovasculaires;Artériopathie périphérique;Artériopathie périphérique;6500;541060;1.2;VALEUR_PUBLIEE;CNAM2024
27;Bourgogne-Franche-Comté;2024;MCV_APE_IND;Maladies cardioneurovasculaires;Artériopathie périphérique;Artériopathie périphérique;33480;2729870;1.226;VALEUR_PUBLIEE;CNAM2024
21;Côte-d’Or;2024;MCV_AVC_CAT;Maladies cardioneurovasculaires;Accident vasculaire cérébral;;7590;520310;1.46;VALEUR_PUBLIEE;CNAM2024
25;Doubs;2024;MCV_AVC_CAT;Maladies cardioneurovasculaires;Accident vasculaire cérébral;;7760;533290;1.454;VALEUR_PUBLIEE;CNAM2024
39;Jura;2024;MCV_AVC_CAT;Maladies cardioneurovasculaires;Accident vasculaire cérébral;;4280;255390;1.674;VALEUR_PUBLIEE;CNAM2024
90;Territoire de Belfort;2024;MCV_AVC_CAT;Maladies cardioneurovasculaires;Accident vasculaire cérébral;;2280;134660;1.691;VALEUR_PUBLIEE;CNAM2024
58;Nièvre;2024;MCV_AVC_AIG;Maladies cardioneurovasculaires;Accident vasculaire cérébral;Accident vasculaire cérébral aigu;460;191990;0.238;VALEUR_PUBLIEE;CNAM2024
71;Saône-et-Loire;2024;MCV_AVC_AIG;Maladies cardioneurovasculaires;Accident vasculaire cérébral;Accident vasculaire cérébral aigu;1290;541060;0.238;VALEUR_PUBLIEE;CNAM2024
21;Côte-d’Or;2024;MCV_AUT_IND;Maladies cardioneurovasculaires;Autres affections cardiovasculaires;Autres affections cardiovasculaires;3220;520310;0.62;VALEUR_PUBLIEE;CNAM2024
89;Yonne;2024;MCV_AUT_IND;Maladies cardioneurovasculaires;Autres affections cardiovasculaires;Autres affections cardiovasculaires;1980;324290;0.611;VALEUR_PUBLIEE;CNAM2024
25;Doubs;2024;MCV_EPU_IND;Maladies cardioneurovasculaires;Embolie pulmonaire;Embolie pulmonaire;450;533290;0.084;VALEUR_PUBLIEE;CNAM2024
27;Bourgogne-Franche-Comté;2024;MCV_EPU_IND;Maladies cardioneurovasculaires;Embolie pulmonaire;Embolie pulmonaire;2540;2729870;0.093;VALEUR_PUBLIEE;CNAM2024
70;Haute-Saône;2024;MCV_ICA_CHR;Maladies cardioneurovasculaires;Insuffisance cardiaque;Insuffisance cardiaque chronique;2790;228890;1.221;VALEUR_PUBLIEE;CNAM2024
71;Saône-et-Loire;2024;MCV_ICA_CHR;Maladies cardioneurovasculaires;Insuffisance cardiaque;Insuffisance cardiaque chronique;7260;541060;1.341;VALEUR_PUBLIEE;CNAM2024
90;Territoire de Belfort;2024;MCV_ICA_CHR;Maladies cardioneurovasculaires;Insuffisance cardiaque;Insuffisance cardiaque chronique;1190;134660;0.882;VALEUR_PUBLIEE;CNAM2024
27;Bourgogne-Franche-Comté;2024;MCV_ICA_CHR;Maladies cardioneurovasculaires;Insuffisance cardiaque;Insuffisance cardiaque chronique;31770;2729870;1.164;VALEUR_PUBLIEE;CNAM2024
25;Doubs;2024;MCV_SCO_CAT;Maladies cardioneurovasculaires;Maladie coronaire;;21130;533290;3.962;VALEUR_PUBLIEE;CNAM2024
39;Jura;2024;MCV_SCO_CAT;Maladies cardioneurovasculaires;Maladie coronaire;;10580;255390;4.142;VALEUR_PUBLIEE;CNAM2024
39;Jura;2024;IFL_PRM_IND;Maladies inflammatoires ou rares ou infection VIH;Maladies inflammatoires chroniques;Polyarthrite rhumatoïde ou maladies apparentées;1470;255390;0.577;VALEUR_PUBLIEE;CNAM2024
39;Jura;2024;IFL_AUT_IND;Maladies inflammatoires ou rares ou infection VIH;Maladies inflammatoires chroniques;Autres maladies inflammatoires chroniques;1150;255390;0.451;VALEUR_PUBLIEE;CNAM2024
90;Territoire de Belfort;2024;IFL_AUT_IND;Maladies inflammatoires ou rares ou infection VIH;Maladies inflammatoires chroniques;Autres maladies inflammatoires chroniques;630;134660;0.469;VALEUR_PUBLIEE;CNAM2024
27;Bourgogne-Franche-Comté;2024;IFL_AUT_IND;Maladies inflammatoires ou rares ou infection VIH;Maladies inflammatoires chroniques;Autres maladies inflammatoires chroniques;11590;2729870;0.424;VALEUR_PUBLIEE;CNAM2024
39;Jura;2024;IFL_MIC_IND;Maladies inflammatoires ou rares ou infection VIH;Maladies inflammatoires chroniques;Maladies inflammatoires chroniques intestinales;1100;255390;0.431;VALEUR_PUBLIEE;CNAM2024
58;Nièvre;2024;IFL_MIC_IND;Maladies inflammatoires ou rares ou infection VIH;Maladies inflammatoires chroniques;Maladies inflammatoires chroniques intestinales;970;191990;0.506;VALEUR_PUBLIEE;CNAM2024
71;Saône-et-Loire;2024;IRV_CAT_CAT;Maladies inflammatoires ou rares ou infection VIH;;;12200;541060;2.254;VALEUR_PUBLIEE;CNAM2024
90;Territoire de Belfort;2024;IRV_CAT_CAT;Maladies inflammatoires ou rares ou infection VIH;;;3120;134660;2.315;VALEUR_PUBLIEE;CNAM2024
27;Bourgogne-Franche-Comté;2024;IRV_CAT_CAT;Maladies inflammatoires ou rares ou infection VIH;;;60960;2729870;2.233;VALEUR_PUBLIEE;CNAM2024
21;Côte-d’Or;2024;PSY_AUT_IND;Maladies psychiatriques;Autres troubles psychiatriques;Autres troubles psychiatriques;2840;520310;0.546;VALEUR_PUBLIEE;CNAM2024
27;Bourgogne-Franche-Comté;2024;PSY_AUT_IND;Maladies psychiatriques;Autres troubles psychiatriques;Autres troubles psychiatriques;15700;2729870;0.575;VALEUR_PUBLIEE;CNAM2024
21;Côte-d’Or;2024;RAR_MUC_IND;Maladies inflammatoires ou rares ou infection VIH;Maladies rares;Mucoviscidose;90;520310;0.017;VALEUR_PUBLIEE;CNAM2024
25;Doubs;2024;RAR_MUC_IND;Maladies inflammatoires ou rares ou infection VIH;Maladies rares;Mucoviscidose;110;533290;0.021;VALEUR_PUBLIEE;CNAM2024
58;Nièvre;2024;RAR_MUC_IND;Maladies inflammatoires ou rares ou infection VIH;Maladies rares;Mucoviscidose;20;191990;0.01;VALEUR_PUBLIEE;CNAM2024
70;Haute-Saône;2024;RAR_MUC_IND;Maladies inflammatoires ou rares ou infection VIH;Maladies rares;Mucoviscidose;30;228890;0.013;VALEUR_PUBLIEE;CNAM2024
89;Yonne;2024;RAR_MUC_IND;Maladies inflammatoires ou rares ou infection VIH;Maladies rares;Mucoviscidose;50;324290;0.015;VALEUR_PUBLIEE;CNAM2024
39;Jura;2024;NEU_CAT_CAT;Maladies neurologiques;;;8150;255390;3.192;VALEUR_PUBLIEE;CNAM2024
58;Nièvre;2024;NEU_CAT_CAT;Maladies neurologiques;;;6950;191990;3.618;VALEUR_PUBLIEE;CNAM2024
21;Côte-d’Or;2024;MCV_AVC_CHR;Maladies cardioneurovasculaires;Accident vasculaire cérébral;Séquelle d'accident vasculaire cérébral;6670;520310;1.282;VALEUR_PUBLIEE;CNAM2024
25;Doubs;2024;MCV_AVC_CHR;Maladies cardioneurovasculaires;Accident vasculaire cérébral;Séquelle d'accident vasculaire cérébral;6820;533290;1.279;VALEUR_PUBLIEE;CNAM2024
39;Jura;2024;MCV_AVC_CHR;Maladies cardioneurovasculaires;Accident vasculaire cérébral;Séquelle d'accident vasculaire cérébral;3690;255390;1.446;VALEUR_PUBLIEE;CNAM2024
58;Nièvre;2024;MCV_AVC_CHR;Maladies cardioneurovasculaires;Accident vasculaire cérébral;Séquelle d'accident vasculaire cérébral;3070;191990;1.601;VALEUR_PUBLIEE;CNAM2024
70;Haute-Saône;2024;MCV_AVC_CHR;Maladies cardioneurovasculaires;Accident vasculaire cérébral;Séquelle d'accident vasculaire cérébral;3730;228890;1.63;VALEUR_PUBLIEE;CNAM2024
71;Saône-et-Loire;2024;MCV_AVC_CHR;Maladies cardioneurovasculaires;Accident vasculaire cérébral;Séquelle d'accident vasculaire cérébral;7980;541060;1.475;VALEUR_PUBLIEE;CNAM2024
21;Côte-d’Or;2024;DIA_CAT_CAT;Diabète;Diabète;Diabète;34550;520310;6.64;VALEUR_PUBLIEE;CNAM2024
90;Territoire de Belfort;2024;DIA_CAT_CAT;Diabète;Diabète;Diabète;9560;134660;7.1;VALEUR_PUBLIEE;CNAM2024
71;Saône-et-Loire;2024;INF_COV_HOS;Hospitalisation pour Covid-19;Hospitalisation pour Covid-19;Hospitalisation pour Covid-19;920;541060;0.171;VALEUR_PUBLIEE;CNAM2024
21;Côte-d’Or;2024;PSY_ADD_CAT;Maladies psychiatriques;Troubles addictifs;Troubles addictifs;6150;520310;1.183;VALEUR_PUBLIEE;CNAM2024
70;Haute-Saône;2024;PSY_ADD_CAT;Maladies psychiatriques;Troubles addictifs;Troubles addictifs;3010;228890;1.315;VALEUR_PUBLIEE;CNAM2024
25;Doubs;2024;PSY_TNH_CAT;Maladies psychiatriques;Troubles névrotiques et de l'humeur;Troubles névrotiques et de l'humeur;10140;533290;1.901;VALEUR_PUBLIEE;CNAM2024
58;Nièvre;2024;PSY_TNH_CAT;Maladies psychiatriques;Troubles névrotiques et de l'humeur;Troubles névrotiques et de l'humeur;5750;191990;2.993;VALEUR_PUBLIEE;CNAM2024
71;Saône-et-Loire;2024;PSY_TNH_CAT;Maladies psychiatriques;Troubles névrotiques et de l'humeur;Troubles névrotiques et de l'humeur;13630;541060;2.518;VALEUR_PUBLIEE;CNAM2024
90;Territoire de Belfort;2024;PSY_TNH_CAT;Maladies psychiatriques;Troubles névrotiques et de l'humeur;Troubles névrotiques et de l'humeur;2100;134660;1.562;VALEUR_PUBLIEE;CNAM2024
21;Côte-d’Or;2024;NEU_SEP_IND;Maladies neurologiques;Sclérose en plaques;Sclérose en plaques;1240;520310;0.238;VALEUR_PUBLIEE;CNAM2024
89;Yonne;2024;NEU_SEP_IND;Maladies neurologiques;Sclérose en plaques;Sclérose en plaques;700;324290;0.215;VALEUR_PUBLIEE;CNAM2024
90;Territoire de Belfort;2024;NEU_SEP_IND;Maladies neurologiques;Sclérose en plaques;Sclérose en plaques;410;134660;0.302;VALEUR_PUBLIEE;CNAM2024
21;Côte-d’Or;2024;PSY_DME_IND;Maladies psychiatriques;Déficience mentale;Déficience mentale;860;520310;0.166;VALEUR_PUBLIEE;CNAM2024
25;Doubs;2024;PSY_DME_IND;Maladies psychiatriques;Déficience mentale;Déficience mentale;1050;533290;0.197;VALEUR_PUBLIEE;CNAM2024
39;Jura;2024;PSY_DME_IND;Maladies psychiatriques;Déficience mentale;Déficience mentale;580;255390;0.226;VALEUR_PUBLIEE;CNAM2024
58;Nièvre;2024;PSY_DME_IND;Maladies psychiatriques;Déficience mentale;Déficience mentale;630;191990;0.327;VALEUR_PUBLIEE;CNAM2024
70;Haute-Saône;2024;PSY_DME_IND;Maladies psychiatriques;Déficience mentale;Déficience mentale;700;228890;0.308;VALEUR_PUBLIEE;CNAM2024
71;Saône-et-Loire;2024;PSY_DME_IND;Maladies psychiatriques;Déficience mentale;Déficience mentale;1390;541060;0.257;VALEUR_PUBLIEE;CNAM2024
89;Yonne;2024;PSY_DME_IND;Maladies psychiatriques;Déficience mentale;Déficience mentale;890;324290;0.275;VALEUR_PUBLIEE;CNAM2024
27;Bourgogne-Franche-Comté;2024;PSY_DME_IND;Maladies psychiatriques;Déficience mentale;Déficience mentale;6340;2729870;0.232;VALEUR_PUBLIEE;CNAM2024
58;Nièvre;2024;PSY_ENF_IND;Maladies psychiatriques;Troubles psychiatriques débutant dans l'enfance;Troubles psychiatriques débutant dans l'enfance;660;191990;0.343;VALEUR_PUBLIEE;CNAM2024
70;Haute-Saône;2024;PSY_ENF_IND;Maladies psychiatriques;Troubles psychiatriques débutant dans l'enfance;Troubles psychiatriques débutant dans l'enfance;720;228890;0.312;VALEUR_PUBLIEE;CNAM2024
71;Saône-et-Loire;2024;PSY_ENF_IND;Maladies psychiatriques;Troubles psychiatriques débutant dans l'enfance;Troubles psychiatriques débutant dans l'enfance;1710;541060;0.315;VALEUR_PUBLIEE;CNAM2024
89;Yonne;2024;PSY_ENF_IND;Maladies psychiatriques;Troubles psychiatriques débutant dans l'enfance;Troubles psychiatriques débutant dans l'enfance;970;324290;0.298;VALEUR_PUBLIEE;CNAM2024
90;Territoire de Belfort;2024;PSY_ENF_IND;Maladies psychiatriques;Troubles psychiatriques débutant dans l'enfance;Troubles psychiatriques débutant dans l'enfance;290;134660;0.214;VALEUR_PUBLIEE;CNAM2024
39;Jura;2024;RES_CAT_EXC;Maladies respiratoires chroniques (hors mucoviscidose);Maladies respiratoires chroniques (hors mucoviscidose);Maladies respiratoires chroniques (hors mucoviscidose);14740;255390;5.771;VALEUR_PUBLIEE;CNAM2024
89;Yonne;2024;RES_CAT_EXC;Maladies respiratoires chroniques (hors mucoviscidose);Maladies respiratoires chroniques (hors mucoviscidose);Maladies respiratoires chroniques (hors mucoviscidose);24900;324290;7.678;VALEUR_PUBLIEE;CNAM2024
25;Doubs;2024;TFC_CAT_EXC;Traitements du risque vasculaire (hors pathologies);;;70370;533290;13.196;VALEUR_PUBLIEE;CNAM2024
58;Nièvre;2024;TFC_CAT_EXC;Traitements du risque vasculaire (hors pathologies);;;37690;191990;19.631;VALEUR_PUBLIEE;CNAM2024
71;Saône-et-Loire;2024;TFC_CAT_EXC;Traitements du risque vasculaire (hors pathologies);;;89930;541060;16.621;VALEUR_PUBLIEE;CNAM2024
39;Jura;2024;POP_TOT_ABS;Pas de pathologie repérée, traitement, maternité, hospitalisation ou traitement antalgique ou anti-inflammatoire;Pas de pathologie repérée, traitement, maternité, hospitalisation ou traitement antalgique ou anti-inflammatoire;Pas de pathologie repérée, traitement, maternité, hospitalisation ou traitement antalgique ou anti-inflammatoire;129410;255390;50.674;VALEUR_PUBLIEE;CNAM2024
89;Yonne;2024;POP_TOT_ABS;Pas de pathologie repérée, traitement, maternité, hospitalisation ou traitement antalgique ou anti-inflammatoire;Pas de pathologie repérée, traitement, maternité, hospitalisation ou traitement antalgique ou anti-inflammatoire;Pas de pathologie repérée, traitement, maternité, hospitalisation ou traitement antalgique ou anti-inflammatoire;156820;324290;48.359;VALEUR_PUBLIEE;CNAM2024
21;Côte-d’Or;2024;TFC_HTA_EXC;Traitements du risque vasculaire (hors pathologies);Traitements antihypertenseurs (hors pathologies);Traitements antihypertenseurs (hors pathologies);63240;520310;12.155;VALEUR_PUBLIEE;CNAM2024
39;Jura;2024;TFC_HTA_EXC;Traitements du risque vasculaire (hors pathologies);Traitements antihypertenseurs (hors pathologies);Traitements antihypertenseurs (hors pathologies);32520;255390;12.732;VALEUR_PUBLIEE;CNAM2024
89;Yonne;2024;TFC_HTA_EXC;Traitements du risque vasculaire (hors pathologies);Traitements antihypertenseurs (hors pathologies);Traitements antihypertenseurs (hors pathologies);44020;324290;13.573;VALEUR_PUBLIEE;CNAM2024
21;Côte-d’Or;2024;TPS_ADR_EXC;Traitements psychotropes (hors pathologies);Traitements antidépresseurs ou thymorégulateurs (hors pathologies);Traitements antidépresseurs ou thymorégulateurs (hors pathologies);31420;520310;6.038;VALEUR_PUBLIEE;CNAM2024
58;Nièvre;2024;TPS_ADR_EXC;Traitements psychotropes (hors pathologies);Traitements antidépresseurs ou thymorégulateurs (hors pathologies);Traitements antidépresseurs ou thymorégulateurs (hors pathologies);12420;191990;6.469;VALEUR_PUBLIEE;CNAM2024
71;Saône-et-Loire;2024;TPS_ADR_EXC;Traitements psychotropes (hors pathologies);Traitements antidépresseurs ou thymorégulateurs (hors pathologies);Traitements antidépresseurs ou thymorégulateurs (hors pathologies);35500;541060;6.562;VALEUR_PUBLIEE;CNAM2024
89;Yonne;2024;TPS_ADR_EXC;Traitements psychotropes (hors pathologies);Traitements antidépresseurs ou thymorégulateurs (hors pathologies);Traitements antidépresseurs ou thymorégulateurs (hors pathologies);18400;324290;5.672;VALEUR_PUBLIEE;CNAM2024
27;Bourgogne-Franche-Comté;2024;TPS_ADR_EXC;Traitements psychotropes (hors pathologies);Traitements antidépresseurs ou thymorégulateurs (hors pathologies);Traitements antidépresseurs ou thymorégulateurs (hors pathologies);169350;2729870;6.204;VALEUR_PUBLIEE;CNAM2024
21;Côte-d’Or;2024;PSY_PSC_IND;Maladies psychiatriques;Troubles psychotiques;Troubles psychotiques;3840;520310;0.738;VALEUR_PUBLIEE;CNAM2024
39;Jura;2024;PSY_PSC_IND;Maladies psychiatriques;Troubles psychotiques;Troubles psychotiques;1870;255390;0.731;VALEUR_PUBLIEE;CNAM2024
90;Territoire de Belfort;2024;PSY_PSC_IND;Maladies psychiatriques;Troubles psychotiques;Troubles psychotiques;1000;134660;0.745;VALEUR_PUBLIEE;CNAM2024
70;Haute-Saône;2024;NEU_EPI_IND;Maladies neurologiques;Épilepsie;Épilepsie;2030;228890;0.888;VALEUR_PUBLIEE;CNAM2024
71;Saône-et-Loire;2024;NEU_EPI_IND;Maladies neurologiques;Épilepsie;Épilepsie;4760;541060;0.881;VALEUR_PUBLIEE;CNAM2024
89;Yonne;2024;NEU_EPI_IND;Maladies neurologiques;Épilepsie;Épilepsie;3300;324290;1.016;VALEUR_PUBLIEE;CNAM2024
90;Territoire de Belfort;2024;NEU_EPI_IND;Maladies neurologiques;Épilepsie;Épilepsie;1100;134660;0.814;VALEUR_PUBLIEE;CNAM2024
39;Jura;2024;PSY_CAT_CAT;Maladies psychiatriques;;;12260;255390;4.799;VALEUR_PUBLIEE;CNAM2024
89;Yonne;2024;PSY_CAT_CAT;Maladies psychiatriques;;;16380;324290;5.051;VALEUR_PUBLIEE;CNAM2024
90;Territoire de Belfort;2024;PSY_CAT_CAT;Maladies psychiatriques;;;4640;134660;3.448;VALEUR_PUBLIEE;CNAM2024
21;Côte-d’Or;2024;TFC_LIP_EXC;Traitements du risque vasculaire (hors pathologies);Traitements hypolipémiants (hors pathologies);Traitements hypolipémiants (hors pathologies);33440;520310;6.426;VALEUR_PUBLIEE;CNAM2024
39;Jura;2024;TFC_LIP_EXC;Traitements du risque vasculaire (hors pathologies);Traitements hypolipémiants (hors pathologies);Traitements hypolipémiants (hors pathologies);18260;255390;7.149;VALEUR_PUBLIEE;CNAM2024
58;Nièvre;2024;TFC_LIP_EXC;Traitements du risque vasculaire (hors pathologies);Traitements hypolipémiants (hors pathologies);Traitements hypolipémiants (hors pathologies);15410;191990;8.028;VALEUR_PUBLIEE;CNAM2024
39;Jura;2024;TPS_CAT_EXC;Traitements psychotropes (hors pathologies);;;27800;255390;10.885;VALEUR_PUBLIEE;CNAM2024
71;Saône-et-Loire;2024;TPS_CAT_EXC;Traitements psychotropes (hors pathologies);;;58260;541060;10.768;VALEUR_PUBLIEE;CNAM2024
90;Territoire de Belfort;2024;TPS_CAT_EXC;Traitements psychotropes (hors pathologies);;;12400;134660;9.211;VALEUR_PUBLIEE;CNAM2024
27;Bourgogne-Franche-Comté;2024;TPS_CAT_EXC;Traitements psychotropes (hors pathologies);;;276900;2729870;10.143;VALEUR_PUBLIEE;CNAM2024
25;Doubs;2024;INF_VIH_IND;Maladies inflammatoires ou rares ou infection VIH;Infection par le VIH;Infection par le VIH;720;533290;0.135;VALEUR_PUBLIEE;CNAM2024
39;Jura;2024;INF_VIH_IND;Maladies inflammatoires ou rares ou infection VIH;Infection par le VIH;Infection par le VIH;270;255390;0.105;VALEUR_PUBLIEE;CNAM2024
70;Haute-Saône;2024;INF_VIH_IND;Maladies inflammatoires ou rares ou infection VIH;Infection par le VIH;Infection par le VIH;210;228890;0.09;VALEUR_PUBLIEE;CNAM2024
90;Territoire de Belfort;2024;INF_VIH_IND;Maladies inflammatoires ou rares ou infection VIH;Infection par le VIH;Infection par le VIH;170;134660;0.126;VALEUR_PUBLIEE;CNAM2024
58;Nièvre;2024;IFL_CAT_CAT;Maladies inflammatoires ou rares ou infection VIH;Maladies inflammatoires chroniques;;3900;191990;2.029;VALEUR_PUBLIEE;CNAM2024
70;Haute-Saône;2024;IFL_CAT_CAT;Maladies inflammatoires ou rares ou infection VIH;Maladies inflammatoires chroniques;;4540;228890;1.982;VALEUR_PUBLIEE;CNAM2024
71;Saône-et-Loire;2024;IFL_CAT_CAT;Maladies inflammatoires ou rares ou infection VIH;Maladies inflammatoires chroniques;;9760;541060;1.804;VALEUR_PUBLIEE;CNAM2024
70;Haute-Saône;2024;IFL_SPA_IND;Maladies inflammatoires ou rares ou infection VIH;Maladies inflammatoires chroniques;Spondylarthrite ankylosante ou maladies apparentées;930;228890;0.408;VALEUR_PUBLIEE;CNAM2024
71;Saône-et-Loire;2024;IFL_SPA_IND;Maladies inflammatoires ou rares ou infection VIH;Maladies inflammatoires chroniques;Spondylarthrite ankylosante ou maladies apparentées;1790;541060;0.33;VALEUR_PUBLIEE;CNAM2024
89;Yonne;2024;IFL_SPA_IND;Maladies inflammatoires ou rares ou infection VIH;Maladies inflammatoires chroniques;Spondylarthrite ankylosante ou maladies apparentées;1340;324290;0.414;VALEUR_PUBLIEE;CNAM2024
27;Bourgogne-Franche-Comté;2024;IFL_SPA_IND;Maladies inflammatoires ou rares ou infection VIH;Maladies inflammatoires chroniques;Spondylarthrite ankylosante ou maladies apparentées;10290;2729870;0.377;VALEUR_PUBLIEE;CNAM2024
21;Côte-d’Or;2024;RAR_CAT_CAT;Maladies inflammatoires ou rares ou infection VIH;Maladies rares;;1560;520310;0.299;VALEUR_PUBLIEE;CNAM2024
27;Bourgogne-Franche-Comté;2024;RAR_CAT_CAT;Maladies inflammatoires ou rares ou infection VIH;Maladies rares;;8910;2729870;0.327;VALEUR_PUBLIEE;CNAM2024
39;Jura;2024;NEU_LME_IND;Maladies neurologiques;Lésion médullaire;Lésion médullaire;490;255390;0.192;VALEUR_PUBLIEE;CNAM2024
58;Nièvre;2024;NEU_LME_IND;Maladies neurologiques;Lésion médullaire;Lésion médullaire;340;191990;0.176;VALEUR_PUBLIEE;CNAM2024
89;Yonne;2024;NEU_LME_IND;Maladies neurologiques;Lésion médullaire;Lésion médullaire;550;324290;0.168;VALEUR_PUBLIEE;CNAM2024
70;Haute-Saône;2024;NEU_PRK_IND;Maladies neurologiques;Maladie de Parkinson;Maladie de Parkinson;1290;228890;0.565;VALEUR_PUBLIEE;CNAM2024
71;Saône-et-Loire;2024;NEU_PRK_IND;Maladies neurologiques;Maladie de Parkinson;Maladie de Parkinson;3220;541060;0.596;VALEUR_PUBLIEE;CNAM2024
27;Bourgogne-Franche-Comté;2024;NEU_PRK_IND;Maladies neurologiques;Maladie de Parkinson;Maladie de Parkinson;14180;2729870;0.519;VALEUR_PUBLIEE;CNAM2024
25;Doubs;2024;NEU_DEM_CAT;Maladies neurologiques;Démences (dont maladie d'Alzheimer);Démences (dont maladie d'Alzheimer);5090;533290;0.955;VALEUR_PUBLIEE;CNAM2024
27;Bourgogne-Franche-Comté;2024;NEU_DEM_CAT;Maladies neurologiques;Démences (dont maladie d'Alzheimer);Démences (dont maladie d'Alzheimer);33030;2729870;1.21;VALEUR_PUBLIEE;CNAM2024
21;Côte-d’Or;2024;NEU_AUT_IND;Maladies neurologiques;Autres affections neurologiques;Autres affections neurologiques;1610;520310;0.31;VALEUR_PUBLIEE;CNAM2024
39;Jura;2024;NEU_AUT_IND;Maladies neurologiques;Autres affections neurologiques;Autres affections neurologiques;880;255390;0.346;VALEUR_PUBLIEE;CNAM2024
70;Haute-Saône;2024;NEU_AUT_IND;Maladies neurologiques;Autres affections neurologiques;Autres affections neurologiques;890;228890;0.39;VALEUR_PUBLIEE;CNAM2024
21;Côte-d’Or;2024;RAR_HTH_CAT;Maladies inflammatoires ou rares ou infection VIH;Maladies rares;Hémophilie ou troubles de l'hémostase graves;470;520310;0.089;VALEUR_PUBLIEE;CNAM2024
25;Doubs;2024;RAR_HTH_CAT;Maladies inflammatoires ou rares ou infection VIH;Maladies rares;Hémophilie ou troubles de l'hémostase graves;650;533290;0.122;VALEUR_PUBLIEE;CNAM2024
58;Nièvre;2024;RAR_HTH_CAT;Maladies inflammatoires ou rares ou infection VIH;Maladies rares;Hémophilie ou troubles de l'hémostase graves;230;191990;0.119;VALEUR_PUBLIEE;CNAM2024
89;Yonne;2024;RAR_HTH_CAT;Maladies inflammatoires ou rares ou infection VIH;Maladies rares;Hémophilie ou troubles de l'hémostase graves;440;324290;0.136;VALEUR_PUBLIEE;CNAM2024
21;Côte-d’Or;2024;RAR_MMH_IND;Maladies inflammatoires ou rares ou infection VIH;Maladies rares;Maladies métaboliques héréditaires ou amylose;1010;520310;0.193;VALEUR_PUBLIEE;CNAM2024
58;Nièvre;2024;RAR_MMH_IND;Maladies inflammatoires ou rares ou infection VIH;Maladies rares;Maladies métaboliques héréditaires ou amylose;380;191990;0.198;VALEUR_PUBLIEE;CNAM2024
89;Yonne;2024;RAR_MMH_IND;Maladies inflammatoires ou rares ou infection VIH;Maladies rares;Maladies métaboliques héréditaires ou amylose;800;324290;0.247;VALEUR_PUBLIEE;CNAM2024
90;Territoire de Belfort;2024;RAR_MMH_IND;Maladies inflammatoires ou rares ou infection VIH;Maladies rares;Maladies métaboliques héréditaires ou amylose;210;134660;0.156;VALEUR_PUBLIEE;CNAM2024
21;Côte-d’Or;2024;NEU_MMY_IND;Maladies neurologiques;Myopathie ou myasthénie;Myopathie ou myasthénie;400;520310;0.076;VALEUR_PUBLIEE;CNAM2024
58;Nièvre;2024;NEU_MMY_IND;Maladies neurologiques;Myopathie ou myasthénie;Myopathie ou myasthénie;150;191990;0.076;VALEUR_PUBLIEE;CNAM2024
70;Haute-Saône;2024;NEU_MMY_IND;Maladies neurologiques;Myopathie ou myasthénie;Myopathie ou myasthénie;210;228890;0.09;VALEUR_PUBLIEE;CNAM2024
71;Saône-et-Loire;2024;NEU_MMY_IND;Maladies neurologiques;Myopathie ou myasthénie;Myopathie ou myasthénie;470;541060;0.086;VALEUR_PUBLIEE;CNAM2024
89;Yonne;2024;NEU_MMY_IND;Maladies neurologiques;Myopathie ou myasthénie;Myopathie ou myasthénie;270;324290;0.082;VALEUR_PUBLIEE;CNAM2024
58;Nièvre;2024;CAN_SEI_SUR;Cancers;Cancer du sein de la femme;Cancer du sein de la femme sous surveillance;1900;100650;1.886;VALEUR_PUBLIEE;CNAM2024
70;Haute-Saône;2024;CAN_SEI_SUR;Cancers;Cancer du sein de la femme;Cancer du sein de la femme sous surveillance;1520;117280;1.298;VALEUR_PUBLIEE;CNAM2024
89;Yonne;2024;CAN_SEI_SUR;Cancers;Cancer du sein de la femme;Cancer du sein de la femme sous surveillance;2630;168290;1.565;VALEUR_PUBLIEE;CNAM2024
27;Bourgogne-Franche-Comté;2024;CAN_SEI_SUR;Cancers;Cancer du sein de la femme;Cancer du sein de la femme sous surveillance;20360;1414650;1.439;VALEUR_PUBLIEE;CNAM2024
70;Haute-Saône;2024;IRT_CAT_CAT;Insuffisance rénale chronique terminale;;;350;228890;0.152;VALEUR_PUBLIEE;CNAM2024
27;Bourgogne-Franche-Comté;2024;IRT_CAT_CAT;Insuffisance rénale chronique terminale;;;3950;2729870;0.145;VALEUR_PUBLIEE;CNAM2024
70;Haute-Saône;2024;CAN_PRO_ACT;Cancers;Cancer de la prostate;Cancer de la prostate actif;1240;111620;1.11;VALEUR_PUBLIEE;CNAM2024
70;Haute-Saône;2024;CAN_PRO_SUR;Cancers;Cancer de la prostate;Cancer de la prostate sous surveillance;1270;111620;1.136;VALEUR_PUBLIEE;CNAM2024
89;Yonne;2024;CAN_PRO_SUR;Cancers;Cancer de la prostate;Cancer de la prostate sous surveillance;2030;156000;1.3;VALEUR_PUBLIEE;CNAM2024
70;Haute-Saône;2024;IRT_TRE_AIG;Insuffisance rénale chronique terminale;Transplantation rénale;Transplantation rénale;;228890;;NON_DIFFUSE_OU_NON_DISPONIBLE;CNAM2024
21;Côte-d’Or;2024;CAN_SEI_CAT;Cancers;Cancer du sein de la femme;;6170;270310;2.281;VALEUR_PUBLIEE;CNAM2024
70;Haute-Saône;2024;CAN_SEI_CAT;Cancers;Cancer du sein de la femme;;2460;117280;2.101;VALEUR_PUBLIEE;CNAM2024
90;Territoire de Belfort;2024;CAN_SEI_CAT;Cancers;Cancer du sein de la femme;;1370;69480;1.976;VALEUR_PUBLIEE;CNAM2024
21;Côte-d’Or;2024;CAN_SEI_ACT;Cancers;Cancer du sein de la femme;Cancer du sein de la femme actif;2240;270310;0.829;VALEUR_PUBLIEE;CNAM2024
70;Haute-Saône;2024;CAN_SEI_ACT;Cancers;Cancer du sein de la femme;Cancer du sein de la femme actif;940;117280;0.803;VALEUR_PUBLIEE;CNAM2024
27;Bourgogne-Franche-Comté;2024;CAN_SEI_ACT;Cancers;Cancer du sein de la femme;Cancer du sein de la femme actif;11430;1414650;0.808;VALEUR_PUBLIEE;CNAM2024
21;Côte-d’Or;2024;MCV_ICA_CAT;Maladies cardioneurovasculaires;Insuffisance cardiaque;;6640;520310;1.276;VALEUR_PUBLIEE;CNAM2024
25;Doubs;2024;MCV_ICA_CAT;Maladies cardioneurovasculaires;Insuffisance cardiaque;;6170;533290;1.158;VALEUR_PUBLIEE;CNAM2024
39;Jura;2024;MCV_ICA_CAT;Maladies cardioneurovasculaires;Insuffisance cardiaque;;3710;255390;1.453;VALEUR_PUBLIEE;CNAM2024
70;Haute-Saône;2024;MCV_ICA_CAT;Maladies cardioneurovasculaires;Insuffisance cardiaque;;3480;228890;1.521;VALEUR_PUBLIEE;CNAM2024
71;Saône-et-Loire;2024;MCV_ICA_CAT;Maladies cardioneurovasculaires;Insuffisance cardiaque;;9090;541060;1.681;VALEUR_PUBLIEE;CNAM2024
89;Yonne;2024;MCV_ICA_CAT;Maladies cardioneurovasculaires;Insuffisance cardiaque;;5860;324290;1.806;VALEUR_PUBLIEE;CNAM2024
90;Territoire de Belfort;2024;MCV_ICA_CAT;Maladies cardioneurovasculaires;Insuffisance cardiaque;;1490;134660;1.109;VALEUR_PUBLIEE;CNAM2024
27;Bourgogne-Franche-Comté;2024;MCV_ICA_CAT;Maladies cardioneurovasculaires;Insuffisance cardiaque;;39860;2729870;1.46;VALEUR_PUBLIEE;CNAM2024
39;Jura;2024;MCV_SCO_CHR;Maladies cardioneurovasculaires;Maladie coronaire;Maladie coronaire chronique;10110;255390;3.96;VALEUR_PUBLIEE;CNAM2024
71;Saône-et-Loire;2024;MCV_SCO_CHR;Maladies cardioneurovasculaires;Maladie coronaire;Maladie coronaire chronique;22340;541060;4.129;VALEUR_PUBLIEE;CNAM2024
90;Territoire de Belfort;2024;MCV_SCO_CHR;Maladies cardioneurovasculaires;Maladie coronaire;Maladie coronaire chronique;5470;134660;4.063;VALEUR_PUBLIEE;CNAM2024
27;Bourgogne-Franche-Comté;2024;MCV_SCO_CHR;Maladies cardioneurovasculaires;Maladie coronaire;Maladie coronaire chronique;108940;2729870;3.991;VALEUR_PUBLIEE;CNAM2024
21;Côte-d’Or;2024;MCV_ICA_AIG;Maladies cardioneurovasculaires;Insuffisance cardiaque;Insuffisance cardiaque aiguë;1340;520310;0.258;VALEUR_PUBLIEE;CNAM2024
25;Doubs;2024;MCV_ICA_AIG;Maladies cardioneurovasculaires;Insuffisance cardiaque;Insuffisance cardiaque aiguë;1180;533290;0.22;VALEUR_PUBLIEE;CNAM2024
71;Saône-et-Loire;2024;MCV_ICA_AIG;Maladies cardioneurovasculaires;Insuffisance cardiaque;Insuffisance cardiaque aiguë;1840;541060;0.34;VALEUR_PUBLIEE;CNAM2024
21;Côte-d’Or;2024;CAN_CRE_SUR;Cancers;Cancer colorectal;Cancer colorectal sous surveillance;1510;520310;0.29;VALEUR_PUBLIEE;CNAM2024
70;Haute-Saône;2024;CAN_CRE_SUR;Cancers;Cancer colorectal;Cancer colorectal sous surveillance;690;228890;0.301;VALEUR_PUBLIEE;CNAM2024
89;Yonne;2024;CAN_CRE_SUR;Cancers;Cancer colorectal;Cancer colorectal sous surveillance;1060;324290;0.328;VALEUR_PUBLIEE;CNAM2024
90;Territoire de Belfort;2024;CAN_CRE_SUR;Cancers;Cancer colorectal;Cancer colorectal sous surveillance;370;134660;0.274;VALEUR_PUBLIEE;CNAM2024
21;Côte-d’Or;2024;CAN_PRO_CAT;Cancers;Cancer de la prostate;;4910;250000;1.962;VALEUR_PUBLIEE;CNAM2024
25;Doubs;2024;CAN_PRO_CAT;Cancers;Cancer de la prostate;;4690;258120;1.817;VALEUR_PUBLIEE;CNAM2024
70;Haute-Saône;2024;CAN_PRO_CAT;Cancers;Cancer de la prostate;;2510;111620;2.246;VALEUR_PUBLIEE;CNAM2024
27;Bourgogne-Franche-Comté;2024;CAN_PRO_CAT;Cancers;Cancer de la prostate;;28100;1315220;2.137;VALEUR_PUBLIEE;CNAM2024
25;Doubs;2024;CAN_BPU_ACT;Cancers;Cancer bronchopulmonaire;Cancer bronchopulmonaire actif;950;533290;0.178;VALEUR_PUBLIEE;CNAM2024
71;Saône-et-Loire;2024;CAN_BPU_ACT;Cancers;Cancer bronchopulmonaire;Cancer bronchopulmonaire actif;1190;541060;0.22;VALEUR_PUBLIEE;CNAM2024
89;Yonne;2024;CAN_BPU_ACT;Cancers;Cancer bronchopulmonaire;Cancer bronchopulmonaire actif;750;324290;0.232;VALEUR_PUBLIEE;CNAM2024
90;Territoire de Belfort;2024;CAN_BPU_ACT;Cancers;Cancer bronchopulmonaire;Cancer bronchopulmonaire actif;250;134660;0.186;VALEUR_PUBLIEE;CNAM2024
90;Territoire de Belfort;2024;CAN_BPU_CAT;Cancers;Cancer bronchopulmonaire;;380;134660;0.278;VALEUR_PUBLIEE;CNAM2024
21;Côte-d’Or;2024;IRT_DCH_CAT;Insuffisance rénale chronique terminale;Dialyse chronique;Dialyse chronique;370;520310;0.071;VALEUR_PUBLIEE;CNAM2024
70;Haute-Saône;2024;IRT_DCH_CAT;Insuffisance rénale chronique terminale;Dialyse chronique;Dialyse chronique;180;228890;0.08;VALEUR_PUBLIEE;CNAM2024
71;Saône-et-Loire;2024;IRT_DCH_CAT;Insuffisance rénale chronique terminale;Dialyse chronique;Dialyse chronique;400;541060;0.074;VALEUR_PUBLIEE;CNAM2024
27;Bourgogne-Franche-Comté;2024;IRT_DCH_CAT;Insuffisance rénale chronique terminale;Dialyse chronique;Dialyse chronique;2070;2729870;0.076;VALEUR_PUBLIEE;CNAM2024
58;Nièvre;2024;IRT_TRE_CHR;Insuffisance rénale chronique terminale;Suivi de transplantation rénale;Suivi de transplantation rénale;110;191990;0.058;VALEUR_PUBLIEE;CNAM2024
89;Yonne;2024;IRT_TRE_CHR;Insuffisance rénale chronique terminale;Suivi de transplantation rénale;Suivi de transplantation rénale;180;324290;0.057;VALEUR_PUBLIEE;CNAM2024
27;Bourgogne-Franche-Comté;2024;IRT_TRE_CHR;Insuffisance rénale chronique terminale;Suivi de transplantation rénale;Suivi de transplantation rénale;1730;2729870;0.063;VALEUR_PUBLIEE;CNAM2024
21;Côte-d’Or;2024;CAN_CRE_ACT;Cancers;Cancer colorectal;Cancer colorectal actif;1150;520310;0.221;VALEUR_PUBLIEE;CNAM2024
25;Doubs;2024;CAN_CRE_ACT;Cancers;Cancer colorectal;Cancer colorectal actif;1170;533290;0.219;VALEUR_PUBLIEE;CNAM2024
39;Jura;2024;CAN_CRE_ACT;Cancers;Cancer colorectal;Cancer colorectal actif;630;255390;0.246;VALEUR_PUBLIEE;CNAM2024
70;Haute-Saône;2024;CAN_CRE_ACT;Cancers;Cancer colorectal;Cancer colorectal actif;560;228890;0.246;VALEUR_PUBLIEE;CNAM2024
71;Saône-et-Loire;2024;CAN_CRE_ACT;Cancers;Cancer colorectal;Cancer colorectal actif;1530;541060;0.282;VALEUR_PUBLIEE;CNAM2024
39;Jura;2024;CAN_CRE_CAT;Cancers;Cancer colorectal;;1460;255390;0.571;VALEUR_PUBLIEE;CNAM2024
71;Saône-et-Loire;2024;CAN_CRE_CAT;Cancers;Cancer colorectal;;3430;541060;0.634;VALEUR_PUBLIEE;CNAM2024
27;Bourgogne-Franche-Comté;2024;CAN_CRE_CAT;Cancers;Cancer colorectal;;15510;2729870;0.568;VALEUR_PUBLIEE;CNAM2024
71;Saône-et-Loire;2024;MCV_CAT_CAT;Maladies cardioneurovasculaires;;;56630;541060;10.467;VALEUR_PUBLIEE;CNAM2024
90;Territoire de Belfort;2024;MCV_CAT_CAT;Maladies cardioneurovasculaires;;;12340;134660;9.163;VALEUR_PUBLIEE;CNAM2024
71;Saône-et-Loire;2024;CAN_BPU_SUR;Cancers;Cancer bronchopulmonaire;Cancer bronchopulmonaire sous surveillance;500;541060;0.093;VALEUR_PUBLIEE;CNAM2024
25;Doubs;2024;CAN_AUT_CAT;Cancers;Autres cancers;;14480;533290;2.716;VALEUR_PUBLIEE;CNAM2024
89;Yonne;2024;CAN_AUT_CAT;Cancers;Autres cancers;;11250;324290;3.469;VALEUR_PUBLIEE;CNAM2024
21;Côte-d’Or;2024;CAN_CAT_CAT;Cancers;;;29720;520310;5.712;VALEUR_PUBLIEE;CNAM2024
71;Saône-et-Loire;2024;CAN_CAT_CAT;Cancers;;;35280;541060;6.521;VALEUR_PUBLIEE;CNAM2024
89;Yonne;2024;CAN_CAT_CAT;Cancers;;;20560;324290;6.341;VALEUR_PUBLIEE;CNAM2024
90;Territoire de Belfort;2024;CAN_CAT_CAT;Cancers;;;6810;134660;5.056;VALEUR_PUBLIEE;CNAM2024
27;Bourgogne-Franche-Comté;2024;CAN_CAT_CAT;Cancers;;;163110;2729870;5.975;VALEUR_PUBLIEE;CNAM2024
71;Saône-et-Loire;2024;CAN_AUT_SUR;Cancers;Autres cancers;Autres cancers sous surveillance;9970;541060;1.843;VALEUR_PUBLIEE;CNAM2024
90;Territoire de Belfort;2024;CAN_AUT_SUR;Cancers;Autres cancers;Autres cancers sous surveillance;1900;134660;1.409;VALEUR_PUBLIEE;CNAM2024
21;Côte-d’Or;2024;ALD_CAT_CAT;Affections de longue durée (dont 31 et 32) pour d'autres causes;Affections de longue durée (dont 31 et 32) pour d'autres causes;Affections de longue durée (dont 31 et 32) pour d'autres causes;14500;520310;2.787;VALEUR_PUBLIEE;CNAM2024
39;Jura;2024;ALD_CAT_CAT;Affections de longue durée (dont 31 et 32) pour d'autres causes;Affections de longue durée (dont 31 et 32) pour d'autres causes;Affections de longue durée (dont 31 et 32) pour d'autres causes;5580;255390;2.186;VALEUR_PUBLIEE;CNAM2024
70;Haute-Saône;2024;ALD_CAT_CAT;Affections de longue durée (dont 31 et 32) pour d'autres causes;Affections de longue durée (dont 31 et 32) pour d'autres causes;Affections de longue durée (dont 31 et 32) pour d'autres causes;4880;228890;2.133;VALEUR_PUBLIEE;CNAM2024
25;Doubs;2024;IRV_CAT_CAT;Maladies inflammatoires ou rares ou infection VIH;;;11100;533290;2.08;VALEUR_PUBLIEE;CNAM2024
58;Nièvre;2024;IRV_CAT_CAT;Maladies inflammatoires ou rares ou infection VIH;;;4840;191990;2.519;VALEUR_PUBLIEE;CNAM2024
89;Yonne;2024;IRV_CAT_CAT;Maladies inflammatoires ou rares ou infection VIH;;;7740;324290;2.388;VALEUR_PUBLIEE;CNAM2024
21;Côte-d’Or;2024;INF_VIH_IND;Maladies inflammatoires ou rares ou infection VIH;Infection par le VIH;Infection par le VIH;830;520310;0.159;VALEUR_PUBLIEE;CNAM2024
58;Nièvre;2024;INF_VIH_IND;Maladies inflammatoires ou rares ou infection VIH;Infection par le VIH;Infection par le VIH;360;191990;0.188;VALEUR_PUBLIEE;CNAM2024
71;Saône-et-Loire;2024;INF_VIH_IND;Maladies inflammatoires ou rares ou infection VIH;Infection par le VIH;Infection par le VIH;790;541060;0.147;VALEUR_PUBLIEE;CNAM2024
27;Bourgogne-Franche-Comté;2024;INF_VIH_IND;Maladies inflammatoires ou rares ou infection VIH;Infection par le VIH;Infection par le VIH;3990;2729870;0.146;VALEUR_PUBLIEE;CNAM2024
21;Côte-d’Or;2024;IFL_CAT_CAT;Maladies inflammatoires ou rares ou infection VIH;Maladies inflammatoires chroniques;;8450;520310;1.624;VALEUR_PUBLIEE;CNAM2024
39;Jura;2024;IFL_CAT_CAT;Maladies inflammatoires ou rares ou infection VIH;Maladies inflammatoires chroniques;;4590;255390;1.797;VALEUR_PUBLIEE;CNAM2024
25;Doubs;2024;CAN_SEI_SUR;Cancers;Cancer du sein de la femme;Cancer du sein de la femme sous surveillance;3470;275170;1.261;VALEUR_PUBLIEE;CNAM2024
39;Jura;2024;CAN_SEI_SUR;Cancers;Cancer du sein de la femme;Cancer du sein de la femme sous surveillance;1790;132060;1.354;VALEUR_PUBLIEE;CNAM2024
71;Saône-et-Loire;2024;CAN_SEI_SUR;Cancers;Cancer du sein de la femme;Cancer du sein de la femme sous surveillance;4260;281410;1.512;VALEUR_PUBLIEE;CNAM2024
39;Jura;2024;PSY_ADD_CAT;Maladies psychiatriques;Troubles addictifs;Troubles addictifs;2960;255390;1.157;VALEUR_PUBLIEE;CNAM2024
71;Saône-et-Loire;2024;PSY_ADD_CAT;Maladies psychiatriques;Troubles addictifs;Troubles addictifs;7630;541060;1.409;VALEUR_PUBLIEE;CNAM2024
90;Territoire de Belfort;2024;PSY_ADD_CAT;Maladies psychiatriques;Troubles addictifs;Troubles addictifs;1280;134660;0.949;VALEUR_PUBLIEE;CNAM2024
27;Bourgogne-Franche-Comté;2024;PSY_ADD_CAT;Maladies psychiatriques;Troubles addictifs;Troubles addictifs;33830;2729870;1.239;VALEUR_PUBLIEE;CNAM2024
21;Côte-d’Or;2024;PSY_TNH_CAT;Maladies psychiatriques;Troubles névrotiques et de l'humeur;Troubles névrotiques et de l'humeur;12610;520310;2.424;VALEUR_PUBLIEE;CNAM2024
70;Haute-Saône;2024;PSY_TNH_CAT;Maladies psychiatriques;Troubles névrotiques et de l'humeur;Troubles névrotiques et de l'humeur;5280;228890;2.305;VALEUR_PUBLIEE;CNAM2024
89;Yonne;2024;PSY_TNH_CAT;Maladies psychiatriques;Troubles névrotiques et de l'humeur;Troubles névrotiques et de l'humeur;8570;324290;2.642;VALEUR_PUBLIEE;CNAM2024
25;Doubs;2024;PSY_AUT_IND;Maladies psychiatriques;Autres troubles psychiatriques;Autres troubles psychiatriques;2480;533290;0.464;VALEUR_PUBLIEE;CNAM2024
39;Jura;2024;PSY_AUT_IND;Maladies psychiatriques;Autres troubles psychiatriques;Autres troubles psychiatriques;1370;255390;0.534;VALEUR_PUBLIEE;CNAM2024
70;Haute-Saône;2024;PSY_AUT_IND;Maladies psychiatriques;Autres troubles psychiatriques;Autres troubles psychiatriques;1150;228890;0.5;VALEUR_PUBLIEE;CNAM2024
71;Saône-et-Loire;2024;PSY_AUT_IND;Maladies psychiatriques;Autres troubles psychiatriques;Autres troubles psychiatriques;3550;541060;0.656;VALEUR_PUBLIEE;CNAM2024
39;Jura;2024;NEU_SEP_IND;Maladies neurologiques;Sclérose en plaques;Sclérose en plaques;610;255390;0.237;VALEUR_PUBLIEE;CNAM2024
58;Nièvre;2024;NEU_SEP_IND;Maladies neurologiques;Sclérose en plaques;Sclérose en plaques;450;191990;0.233;VALEUR_PUBLIEE;CNAM2024
21;Côte-d’Or;2024;PSY_ENF_IND;Maladies psychiatriques;Troubles psychiatriques débutant dans l'enfance;Troubles psychiatriques débutant dans l'enfance;1970;520310;0.379;VALEUR_PUBLIEE;CNAM2024
25;Doubs;2024;PSY_ENF_IND;Maladies psychiatriques;Troubles psychiatriques débutant dans l'enfance;Troubles psychiatriques débutant dans l'enfance;1200;533290;0.225;VALEUR_PUBLIEE;CNAM2024
39;Jura;2024;PSY_ENF_IND;Maladies psychiatriques;Troubles psychiatriques débutant dans l'enfance;Troubles psychiatriques débutant dans l'enfance;910;255390;0.355;VALEUR_PUBLIEE;CNAM2024
27;Bourgogne-Franche-Comté;2024;PSY_ENF_IND;Maladies psychiatriques;Troubles psychiatriques débutant dans l'enfance;Troubles psychiatriques débutant dans l'enfance;8410;2729870;0.308;VALEUR_PUBLIEE;CNAM2024
39;Jura;2024;NEU_MMY_IND;Maladies neurologiques;Myopathie ou myasthénie;Myopathie ou myasthénie;210;255390;0.081;VALEUR_PUBLIEE;CNAM2024
90;Territoire de Belfort;2024;NEU_MMY_IND;Maladies neurologiques;Myopathie ou myasthénie;Myopathie ou myasthénie;130;134660;0.097;VALEUR_PUBLIEE;CNAM2024
25;Doubs;2024;POP_TOT_IND;Total consommants tous régimes;Total consommants tous régimes;Total consommants tous régimes;533290;533290;100.0;VALEUR_PUBLIEE;CNAM2024
39;Jura;2024;POP_TOT_IND;Total consommants tous régimes;Total consommants tous régimes;Total consommants tous régimes;255390;255390;100.0;VALEUR_PUBLIEE;CNAM2024
70;Haute-Saône;2024;POP_TOT_IND;Total consommants tous régimes;Total consommants tous régimes;Total consommants tous régimes;228890;228890;100.0;VALEUR_PUBLIEE;CNAM2024
21;Côte-d’Or;2024;HHP_CAT_INC;Hospitalisations hors pathologies repérées (avec ou sans pathologies, traitements ou maternité);Hospitalisations hors pathologies repérées (avec ou sans pathologies, traitements ou maternité);Hospitalisations hors pathologies repérées (avec ou sans pathologies, traitements ou maternité);80940;520310;15.556;VALEUR_PUBLIEE;CNAM2024
39;Jura;2024;HHP_CAT_INC;Hospitalisations hors pathologies repérées (avec ou sans pathologies, traitements ou maternité);Hospitalisations hors pathologies repérées (avec ou sans pathologies, traitements ou maternité);Hospitalisations hors pathologies repérées (avec ou sans pathologies, traitements ou maternité);39490;255390;15.464;VALEUR_PUBLIEE;CNAM2024
71;Saône-et-Loire;2024;HHP_CAT_INC;Hospitalisations hors pathologies repérées (avec ou sans pathologies, traitements ou maternité);Hospitalisations hors pathologies repérées (avec ou sans pathologies, traitements ou maternité);Hospitalisations hors pathologies repérées (avec ou sans pathologies, traitements ou maternité);94760;541060;17.513;VALEUR_PUBLIEE;CNAM2024
58;Nièvre;2024;MFP_CAT_EXC;Maladies du foie ou du pancréas (hors mucoviscidose);Maladies du foie ou du pancréas (hors mucoviscidose);Maladies du foie ou du pancréas (hors mucoviscidose);2050;191990;1.068;VALEUR_PUBLIEE;CNAM2024
70;Haute-Saône;2024;MFP_CAT_EXC;Maladies du foie ou du pancréas (hors mucoviscidose);Maladies du foie ou du pancréas (hors mucoviscidose);Maladies du foie ou du pancréas (hors mucoviscidose);2080;228890;0.909;VALEUR_PUBLIEE;CNAM2024
89;Yonne;2024;MFP_CAT_EXC;Maladies du foie ou du pancréas (hors mucoviscidose);Maladies du foie ou du pancréas (hors mucoviscidose);Maladies du foie ou du pancréas (hors mucoviscidose);3280;324290;1.012;VALEUR_PUBLIEE;CNAM2024
90;Territoire de Belfort;2024;MFP_CAT_EXC;Maladies du foie ou du pancréas (hors mucoviscidose);Maladies du foie ou du pancréas (hors mucoviscidose);Maladies du foie ou du pancréas (hors mucoviscidose);1200;134660;0.888;VALEUR_PUBLIEE;CNAM2024
25;Doubs;2024;TPS_ADR_EXC;Traitements psychotropes (hors pathologies);Traitements antidépresseurs ou thymorégulateurs (hors pathologies);Traitements antidépresseurs ou thymorégulateurs (hors pathologies);31940;533290;5.99;VALEUR_PUBLIEE;CNAM2024
70;Haute-Saône;2024;TPS_ADR_EXC;Traitements psychotropes (hors pathologies);Traitements antidépresseurs ou thymorégulateurs (hors pathologies);Traitements antidépresseurs ou thymorégulateurs (hors pathologies);15160;228890;6.621;VALEUR_PUBLIEE;CNAM2024
70;Haute-Saône;2024;TPS_ANX_EXC;Traitements psychotropes (hors pathologies);Traitements anxiolytiques (hors pathologies);Traitements anxiolytiques (hors pathologies);13390;228890;5.849;VALEUR_PUBLIEE;CNAM2024
21;Côte-d’Or;2024;TPS_HYP_EXC;Traitements psychotropes (hors pathologies);Traitements hypnotiques (hors pathologies);Traitements hypnotiques (hors pathologies);7370;520310;1.417;VALEUR_PUBLIEE;CNAM2024
89;Yonne;2024;TPS_HYP_EXC;Traitements psychotropes (hors pathologies);Traitements hypnotiques (hors pathologies);Traitements hypnotiques (hors pathologies);5420;324290;1.67;VALEUR_PUBLIEE;CNAM2024
25;Doubs;2024;TPS_NLE_EXC;Traitements psychotropes (hors pathologies);Traitements neuroleptiques (hors pathologies);Traitements neuroleptiques (hors pathologies);2860;533290;0.536;VALEUR_PUBLIEE;CNAM2024
39;Jura;2024;TPS_NLE_EXC;Traitements psychotropes (hors pathologies);Traitements neuroleptiques (hors pathologies);Traitements neuroleptiques (hors pathologies);1530;255390;0.599;VALEUR_PUBLIEE;CNAM2024
90;Territoire de Belfort;2024;TPS_NLE_EXC;Traitements psychotropes (hors pathologies);Traitements neuroleptiques (hors pathologies);Traitements neuroleptiques (hors pathologies);780;134660;0.576;VALEUR_PUBLIEE;CNAM2024
70;Haute-Saône;2024;MCV_AUT_IND;Maladies cardioneurovasculaires;Autres affections cardiovasculaires;Autres affections cardiovasculaires;1910;228890;0.836;VALEUR_PUBLIEE;CNAM2024
90;Territoire de Belfort;2024;MCV_AUT_IND;Maladies cardioneurovasculaires;Autres affections cardiovasculaires;Autres affections cardiovasculaires;900;134660;0.668;VALEUR_PUBLIEE;CNAM2024
27;Bourgogne-Franche-Comté;2024;MCV_AUT_IND;Maladies cardioneurovasculaires;Autres affections cardiovasculaires;Autres affections cardiovasculaires;19530;2729870;0.715;VALEUR_PUBLIEE;CNAM2024
21;Côte-d’Or;2024;MCV_EPU_IND;Maladies cardioneurovasculaires;Embolie pulmonaire;Embolie pulmonaire;330;520310;0.063;VALEUR_PUBLIEE;CNAM2024
39;Jura;2024;MCV_EPU_IND;Maladies cardioneurovasculaires;Embolie pulmonaire;Embolie pulmonaire;290;255390;0.112;VALEUR_PUBLIEE;CNAM2024
71;Saône-et-Loire;2024;MCV_EPU_IND;Maladies cardioneurovasculaires;Embolie pulmonaire;Embolie pulmonaire;590;541060;0.109;VALEUR_PUBLIEE;CNAM2024
89;Yonne;2024;MCV_EPU_IND;Maladies cardioneurovasculaires;Embolie pulmonaire;Embolie pulmonaire;330;324290;0.101;VALEUR_PUBLIEE;CNAM2024
27;Bourgogne-Franche-Comté;2024;MCV_AVC_CHR;Maladies cardioneurovasculaires;Accident vasculaire cérébral;Séquelle d'accident vasculaire cérébral;38430;2729870;1.408;VALEUR_PUBLIEE;CNAM2024
21;Côte-d’Or;2024;CAN_PRO_ACT;Cancers;Cancer de la prostate;Cancer de la prostate actif;2250;250000;0.902;VALEUR_PUBLIEE;CNAM2024
58;Nièvre;2024;CAN_PRO_ACT;Cancers;Cancer de la prostate;Cancer de la prostate actif;1110;91340;1.211;VALEUR_PUBLIEE;CNAM2024
89;Yonne;2024;CAN_PRO_ACT;Cancers;Cancer de la prostate;Cancer de la prostate actif;1780;156000;1.144;VALEUR_PUBLIEE;CNAM2024
27;Bourgogne-Franche-Comté;2024;CAN_PRO_ACT;Cancers;Cancer de la prostate;Cancer de la prostate actif;12990;1315220;0.988;VALEUR_PUBLIEE;CNAM2024
39;Jura;2024;CAN_PRO_SUR;Cancers;Cancer de la prostate;Cancer de la prostate sous surveillance;1360;123330;1.1;VALEUR_PUBLIEE;CNAM2024
58;Nièvre;2024;CAN_PRO_SUR;Cancers;Cancer de la prostate;Cancer de la prostate sous surveillance;1110;91340;1.219;VALEUR_PUBLIEE;CNAM2024
90;Territoire de Belfort;2024;CAN_PRO_SUR;Cancers;Cancer de la prostate;Cancer de la prostate sous surveillance;670;65170;1.023;VALEUR_PUBLIEE;CNAM2024
27;Bourgogne-Franche-Comté;2024;CAN_PRO_SUR;Cancers;Cancer de la prostate;Cancer de la prostate sous surveillance;15110;1315220;1.149;VALEUR_PUBLIEE;CNAM2024
58;Nièvre;2024;MCV_AVC_CAT;Maladies cardioneurovasculaires;Accident vasculaire cérébral;;3530;191990;1.839;VALEUR_PUBLIEE;CNAM2024
70;Haute-Saône;2024;MCV_AVC_CAT;Maladies cardioneurovasculaires;Accident vasculaire cérébral;;4200;228890;1.834;VALEUR_PUBLIEE;CNAM2024
89;Yonne;2024;MCV_AVC_CAT;Maladies cardioneurovasculaires;Accident vasculaire cérébral;;5160;324290;1.59;VALEUR_PUBLIEE;CNAM2024
21;Côte-d’Or;2024;MCV_AVC_AIG;Maladies cardioneurovasculaires;Accident vasculaire cérébral;Accident vasculaire cérébral aigu;930;520310;0.178;VALEUR_PUBLIEE;CNAM2024
25;Doubs;2024;MCV_AVC_AIG;Maladies cardioneurovasculaires;Accident vasculaire cérébral;Accident vasculaire cérébral aigu;940;533290;0.176;VALEUR_PUBLIEE;CNAM2024
90;Territoire de Belfort;2024;MCV_AVC_AIG;Maladies cardioneurovasculaires;Accident vasculaire cérébral;Accident vasculaire cérébral aigu;230;134660;0.172;VALEUR_PUBLIEE;CNAM2024
89;Yonne;2024;MCV_ICA_CHR;Maladies cardioneurovasculaires;Insuffisance cardiaque;Insuffisance cardiaque chronique;4660;324290;1.436;VALEUR_PUBLIEE;CNAM2024
21;Côte-d’Or;2024;IRT_CAT_CAT;Insuffisance rénale chronique terminale;;;700;520310;0.135;VALEUR_PUBLIEE;CNAM2024
58;Nièvre;2024;IRT_CAT_CAT;Insuffisance rénale chronique terminale;;;310;191990;0.164;VALEUR_PUBLIEE;CNAM2024
71;Saône-et-Loire;2024;IRT_CAT_CAT;Insuffisance rénale chronique terminale;;;810;541060;0.149;VALEUR_PUBLIEE;CNAM2024
58;Nièvre;2024;CAN_CRE_ACT;Cancers;Cancer colorectal;Cancer colorectal actif;680;191990;0.356;VALEUR_PUBLIEE;CNAM2024
27;Bourgogne-Franche-Comté;2024;CAN_CRE_ACT;Cancers;Cancer colorectal;Cancer colorectal actif;6900;2729870;0.253;VALEUR_PUBLIEE;CNAM2024
21;Côte-d’Or;2024;MCV_SCO_CHR;Maladies cardioneurovasculaires;Maladie coronaire;Maladie coronaire chronique;18700;520310;3.594;VALEUR_PUBLIEE;CNAM2024
70;Haute-Saône;2024;MCV_SCO_CHR;Maladies cardioneurovasculaires;Maladie coronaire;Maladie coronaire chronique;9640;228890;4.212;VALEUR_PUBLIEE;CNAM2024
89;Yonne;2024;MCV_SCO_CHR;Maladies cardioneurovasculaires;Maladie coronaire;Maladie coronaire chronique;13070;324290;4.029;VALEUR_PUBLIEE;CNAM2024
39;Jura;2024;CAN_AUT_ACT;Cancers;Autres cancers;Autres cancers actifs;4890;255390;1.915;VALEUR_PUBLIEE;CNAM2024
70;Haute-Saône;2024;CAN_AUT_ACT;Cancers;Autres cancers;Autres cancers actifs;4110;228890;1.794;VALEUR_PUBLIEE;CNAM2024
27;Bourgogne-Franche-Comté;2024;CAN_AUT_ACT;Cancers;Autres cancers;Autres cancers actifs;46500;2729870;1.703;VALEUR_PUBLIEE;CNAM2024
21;Côte-d’Or;2024;CAN_AUT_SUR;Cancers;Autres cancers;Autres cancers sous surveillance;8670;520310;1.667;VALEUR_PUBLIEE;CNAM2024
25;Doubs;2024;CAN_AUT_SUR;Cancers;Autres cancers;Autres cancers sous surveillance;7150;533290;1.34;VALEUR_PUBLIEE;CNAM2024
39;Jura;2024;CAN_AUT_SUR;Cancers;Autres cancers;Autres cancers sous surveillance;4450;255390;1.741;VALEUR_PUBLIEE;CNAM2024
58;Nièvre;2024;CAN_AUT_SUR;Cancers;Autres cancers;Autres cancers sous surveillance;4220;191990;2.2;VALEUR_PUBLIEE;CNAM2024
89;Yonne;2024;CAN_AUT_SUR;Cancers;Autres cancers;Autres cancers sous surveillance;5500;324290;1.695;VALEUR_PUBLIEE;CNAM2024
39;Jura;2024;DIA_CAT_CAT;Diabète;Diabète;Diabète;17540;255390;6.866;VALEUR_PUBLIEE;CNAM2024
58;Nièvre;2024;DIA_CAT_CAT;Diabète;Diabète;Diabète;19170;191990;9.982;VALEUR_PUBLIEE;CNAM2024
70;Haute-Saône;2024;DIA_CAT_CAT;Diabète;Diabète;Diabète;18320;228890;8.003;VALEUR_PUBLIEE;CNAM2024
71;Saône-et-Loire;2024;DIA_CAT_CAT;Diabète;Diabète;Diabète;43850;541060;8.104;VALEUR_PUBLIEE;CNAM2024
27;Bourgogne-Franche-Comté;2024;DIA_CAT_CAT;Diabète;Diabète;Diabète;204540;2729870;7.493;VALEUR_PUBLIEE;CNAM2024
39;Jura;2024;INF_COV_HOS;Hospitalisation pour Covid-19;Hospitalisation pour Covid-19;Hospitalisation pour Covid-19;380;255390;0.15;VALEUR_PUBLIEE;CNAM2024
58;Nièvre;2024;INF_COV_HOS;Hospitalisation pour Covid-19;Hospitalisation pour Covid-19;Hospitalisation pour Covid-19;400;191990;0.207;VALEUR_PUBLIEE;CNAM2024
70;Haute-Saône;2024;INF_COV_HOS;Hospitalisation pour Covid-19;Hospitalisation pour Covid-19;Hospitalisation pour Covid-19;320;228890;0.138;VALEUR_PUBLIEE;CNAM2024
89;Yonne;2024;INF_COV_HOS;Hospitalisation pour Covid-19;Hospitalisation pour Covid-19;Hospitalisation pour Covid-19;610;324290;0.188;VALEUR_PUBLIEE;CNAM2024
90;Territoire de Belfort;2024;INF_COV_HOS;Hospitalisation pour Covid-19;Hospitalisation pour Covid-19;Hospitalisation pour Covid-19;120;134660;0.087;VALEUR_PUBLIEE;CNAM2024
27;Bourgogne-Franche-Comté;2024;INF_COV_HOS;Hospitalisation pour Covid-19;Hospitalisation pour Covid-19;Hospitalisation pour Covid-19;4100;2729870;0.15;VALEUR_PUBLIEE;CNAM2024
21;Côte-d’Or;2024;MCV_CAT_CAT;Maladies cardioneurovasculaires;;;46050;520310;8.851;VALEUR_PUBLIEE;CNAM2024
25;Doubs;2024;MCV_CAT_CAT;Maladies cardioneurovasculaires;;;46390;533290;8.699;VALEUR_PUBLIEE;CNAM2024
58;Nièvre;2024;MCV_CAT_CAT;Maladies cardioneurovasculaires;;;22810;191990;11.881;VALEUR_PUBLIEE;CNAM2024
70;Haute-Saône;2024;MCV_CAT_CAT;Maladies cardioneurovasculaires;;;24250;228890;10.596;VALEUR_PUBLIEE;CNAM2024
89;Yonne;2024;MCV_CAT_CAT;Maladies cardioneurovasculaires;;;32870;324290;10.136;VALEUR_PUBLIEE;CNAM2024
27;Bourgogne-Franche-Comté;2024;MCV_CAT_CAT;Maladies cardioneurovasculaires;;;266860;2729870;9.775;VALEUR_PUBLIEE;CNAM2024
27;Bourgogne-Franche-Comté;2024;IFL_MIC_IND;Maladies inflammatoires ou rares ou infection VIH;Maladies inflammatoires chroniques;Maladies inflammatoires chroniques intestinales;13690;2729870;0.502;VALEUR_PUBLIEE;CNAM2024
39;Jura;2024;MCV_ICA_AIG;Maladies cardioneurovasculaires;Insuffisance cardiaque;Insuffisance cardiaque aiguë;830;255390;0.325;VALEUR_PUBLIEE;CNAM2024
89;Yonne;2024;MCV_ICA_AIG;Maladies cardioneurovasculaires;Insuffisance cardiaque;Insuffisance cardiaque aiguë;1200;324290;0.37;VALEUR_PUBLIEE;CNAM2024
27;Bourgogne-Franche-Comté;2024;MCV_ICA_AIG;Maladies cardioneurovasculaires;Insuffisance cardiaque;Insuffisance cardiaque aiguë;8090;2729870;0.296;VALEUR_PUBLIEE;CNAM2024
21;Côte-d’Or;2024;IFL_AUT_IND;Maladies inflammatoires ou rares ou infection VIH;Maladies inflammatoires chroniques;Autres maladies inflammatoires chroniques;2110;520310;0.405;VALEUR_PUBLIEE;CNAM2024
58;Nièvre;2024;IFL_AUT_IND;Maladies inflammatoires ou rares ou infection VIH;Maladies inflammatoires chroniques;Autres maladies inflammatoires chroniques;910;191990;0.474;VALEUR_PUBLIEE;CNAM2024
70;Haute-Saône;2024;IFL_AUT_IND;Maladies inflammatoires ou rares ou infection VIH;Maladies inflammatoires chroniques;Autres maladies inflammatoires chroniques;1090;228890;0.474;VALEUR_PUBLIEE;CNAM2024
89;Yonne;2024;IFL_AUT_IND;Maladies inflammatoires ou rares ou infection VIH;Maladies inflammatoires chroniques;Autres maladies inflammatoires chroniques;1180;324290;0.364;VALEUR_PUBLIEE;CNAM2024
89;Yonne;2024;MCV_SCO_AIG;Maladies cardioneurovasculaires;Maladie coronaire;Syndrome coronaire aigu;620;324290;0.192;VALEUR_PUBLIEE;CNAM2024
70;Haute-Saône;2024;MCV_MVA_IND;Maladies cardioneurovasculaires;Maladie valvulaire;Maladie valvulaire;1880;228890;0.82;VALEUR_PUBLIEE;CNAM2024
71;Saône-et-Loire;2024;MCV_MVA_IND;Maladies cardioneurovasculaires;Maladie valvulaire;Maladie valvulaire;5940;541060;1.098;VALEUR_PUBLIEE;CNAM2024
89;Yonne;2024;MCV_MVA_IND;Maladies cardioneurovasculaires;Maladie valvulaire;Maladie valvulaire;2800;324290;0.862;VALEUR_PUBLIEE;CNAM2024
21;Côte-d’Or;2024;IFL_PRM_IND;Maladies inflammatoires ou rares ou infection VIH;Maladies inflammatoires chroniques;Polyarthrite rhumatoïde ou maladies apparentées;2370;520310;0.455;VALEUR_PUBLIEE;CNAM2024
71;Saône-et-Loire;2024;IFL_PRM_IND;Maladies inflammatoires ou rares ou infection VIH;Maladies inflammatoires chroniques;Polyarthrite rhumatoïde ou maladies apparentées;3570;541060;0.66;VALEUR_PUBLIEE;CNAM2024
90;Territoire de Belfort;2024;IFL_PRM_IND;Maladies inflammatoires ou rares ou infection VIH;Maladies inflammatoires chroniques;Polyarthrite rhumatoïde ou maladies apparentées;840;134660;0.627;VALEUR_PUBLIEE;CNAM2024
27;Bourgogne-Franche-Comté;2024;IFL_PRM_IND;Maladies inflammatoires ou rares ou infection VIH;Maladies inflammatoires chroniques;Polyarthrite rhumatoïde ou maladies apparentées;15400;2729870;0.564;VALEUR_PUBLIEE;CNAM2024
58;Nièvre;2024;MCV_TRC_IND;Maladies cardioneurovasculaires;Troubles du rythme ou de la conduction cardiaque;Troubles du rythme ou de la conduction cardiaque;8620;191990;4.49;VALEUR_PUBLIEE;CNAM2024
70;Haute-Saône;2024;MCV_TRC_IND;Maladies cardioneurovasculaires;Troubles du rythme ou de la conduction cardiaque;Troubles du rythme ou de la conduction cardiaque;8730;228890;3.814;VALEUR_PUBLIEE;CNAM2024
21;Côte-d’Or;2024;IFL_SPA_IND;Maladies inflammatoires ou rares ou infection VIH;Maladies inflammatoires chroniques;Spondylarthrite ankylosante ou maladies apparentées;1750;520310;0.336;VALEUR_PUBLIEE;CNAM2024
39;Jura;2024;IFL_SPA_IND;Maladies inflammatoires ou rares ou infection VIH;Maladies inflammatoires chroniques;Spondylarthrite ankylosante ou maladies apparentées;1090;255390;0.427;VALEUR_PUBLIEE;CNAM2024
58;Nièvre;2024;IFL_SPA_IND;Maladies inflammatoires ou rares ou infection VIH;Maladies inflammatoires chroniques;Spondylarthrite ankylosante ou maladies apparentées;960;191990;0.497;VALEUR_PUBLIEE;CNAM2024
90;Territoire de Belfort;2024;IFL_SPA_IND;Maladies inflammatoires ou rares ou infection VIH;Maladies inflammatoires chroniques;Spondylarthrite ankylosante ou maladies apparentées;540;134660;0.398;VALEUR_PUBLIEE;CNAM2024
25;Doubs;2024;RAR_CAT_CAT;Maladies inflammatoires ou rares ou infection VIH;Maladies rares;;1600;533290;0.299;VALEUR_PUBLIEE;CNAM2024
39;Jura;2024;RAR_CAT_CAT;Maladies inflammatoires ou rares ou infection VIH;Maladies rares;;830;255390;0.323;VALEUR_PUBLIEE;CNAM2024
90;Territoire de Belfort;2024;RAR_CAT_CAT;Maladies inflammatoires ou rares ou infection VIH;Maladies rares;;390;134660;0.286;VALEUR_PUBLIEE;CNAM2024
71;Saône-et-Loire;2024;RAR_MUC_IND;Maladies inflammatoires ou rares ou infection VIH;Maladies rares;Mucoviscidose;80;541060;0.014;VALEUR_PUBLIEE;CNAM2024
90;Territoire de Belfort;2024;RAR_MUC_IND;Maladies inflammatoires ou rares ou infection VIH;Maladies rares;Mucoviscidose;20;134660;0.016;VALEUR_PUBLIEE;CNAM2024
27;Bourgogne-Franche-Comté;2024;RAR_MUC_IND;Maladies inflammatoires ou rares ou infection VIH;Maladies rares;Mucoviscidose;440;2729870;0.016;VALEUR_PUBLIEE;CNAM2024
25;Doubs;2024;NEU_CAT_CAT;Maladies neurologiques;;;14940;533290;2.801;VALEUR_PUBLIEE;CNAM2024
70;Haute-Saône;2024;NEU_CAT_CAT;Maladies neurologiques;;;7420;228890;3.242;VALEUR_PUBLIEE;CNAM2024
71;Saône-et-Loire;2024;NEU_CAT_CAT;Maladies neurologiques;;;18820;541060;3.477;VALEUR_PUBLIEE;CNAM2024
90;Territoire de Belfort;2024;NEU_CAT_CAT;Maladies neurologiques;;;4220;134660;3.135;VALEUR_PUBLIEE;CNAM2024
71;Saône-et-Loire;2024;NEU_AUT_IND;Maladies neurologiques;Autres affections neurologiques;Autres affections neurologiques;1960;541060;0.363;VALEUR_PUBLIEE;CNAM2024
90;Territoire de Belfort;2024;NEU_AUT_IND;Maladies neurologiques;Autres affections neurologiques;Autres affections neurologiques;510;134660;0.379;VALEUR_PUBLIEE;CNAM2024
27;Bourgogne-Franche-Comté;2024;NEU_AUT_IND;Maladies neurologiques;Autres affections neurologiques;Autres affections neurologiques;9500;2729870;0.348;VALEUR_PUBLIEE;CNAM2024
70;Haute-Saône;2024;RAR_HTH_CAT;Maladies inflammatoires ou rares ou infection VIH;Maladies rares;Hémophilie ou troubles de l'hémostase graves;390;228890;0.17;VALEUR_PUBLIEE;CNAM2024
27;Bourgogne-Franche-Comté;2024;RAR_HTH_CAT;Maladies inflammatoires ou rares ou infection VIH;Maladies rares;Hémophilie ou troubles de l'hémostase graves;3230;2729870;0.118;VALEUR_PUBLIEE;CNAM2024
21;Côte-d’Or;2024;NEU_LME_IND;Maladies neurologiques;Lésion médullaire;Lésion médullaire;790;520310;0.151;VALEUR_PUBLIEE;CNAM2024
71;Saône-et-Loire;2024;NEU_LME_IND;Maladies neurologiques;Lésion médullaire;Lésion médullaire;870;541060;0.161;VALEUR_PUBLIEE;CNAM2024
90;Territoire de Belfort;2024;NEU_LME_IND;Maladies neurologiques;Lésion médullaire;Lésion médullaire;180;134660;0.133;VALEUR_PUBLIEE;CNAM2024
27;Bourgogne-Franche-Comté;2024;NEU_LME_IND;Maladies neurologiques;Lésion médullaire;Lésion médullaire;4390;2729870;0.161;VALEUR_PUBLIEE;CNAM2024
58;Nièvre;2024;NEU_PRK_IND;Maladies neurologiques;Maladie de Parkinson;Maladie de Parkinson;980;191990;0.51;VALEUR_PUBLIEE;CNAM2024
89;Yonne;2024;NEU_PRK_IND;Maladies neurologiques;Maladie de Parkinson;Maladie de Parkinson;1640;324290;0.506;VALEUR_PUBLIEE;CNAM2024
90;Territoire de Belfort;2024;NEU_PRK_IND;Maladies neurologiques;Maladie de Parkinson;Maladie de Parkinson;690;134660;0.515;VALEUR_PUBLIEE;CNAM2024
25;Doubs;2024;RAR_MMH_IND;Maladies inflammatoires ou rares ou infection VIH;Maladies rares;Maladies métaboliques héréditaires ou amylose;840;533290;0.157;VALEUR_PUBLIEE;CNAM2024
27;Bourgogne-Franche-Comté;2024;RAR_MMH_IND;Maladies inflammatoires ou rares ou infection VIH;Maladies rares;Maladies métaboliques héréditaires ou amylose;5270;2729870;0.193;VALEUR_PUBLIEE;CNAM2024
58;Nièvre;2024;PSY_PSC_IND;Maladies psychiatriques;Troubles psychotiques;Troubles psychotiques;1720;191990;0.894;VALEUR_PUBLIEE;CNAM2024
71;Saône-et-Loire;2024;PSY_PSC_IND;Maladies psychiatriques;Troubles psychotiques;Troubles psychotiques;4180;541060;0.773;VALEUR_PUBLIEE;CNAM2024
89;Yonne;2024;PSY_PSC_IND;Maladies psychiatriques;Troubles psychotiques;Troubles psychotiques;2470;324290;0.76;VALEUR_PUBLIEE;CNAM2024
21;Côte-d’Or;2024;POP_TOT_ABS;Pas de pathologie repérée, traitement, maternité, hospitalisation ou traitement antalgique ou anti-inflammatoire;Pas de pathologie repérée, traitement, maternité, hospitalisation ou traitement antalgique ou anti-inflammatoire;Pas de pathologie repérée, traitement, maternité, hospitalisation ou traitement antalgique ou anti-inflammatoire;270020;520310;51.896;VALEUR_PUBLIEE;CNAM2024
71;Saône-et-Loire;2024;POP_TOT_ABS;Pas de pathologie repérée, traitement, maternité, hospitalisation ou traitement antalgique ou anti-inflammatoire;Pas de pathologie repérée, traitement, maternité, hospitalisation ou traitement antalgique ou anti-inflammatoire;Pas de pathologie repérée, traitement, maternité, hospitalisation ou traitement antalgique ou anti-inflammatoire;259990;541060;48.053;VALEUR_PUBLIEE;CNAM2024
90;Territoire de Belfort;2024;POP_TOT_ABS;Pas de pathologie repérée, traitement, maternité, hospitalisation ou traitement antalgique ou anti-inflammatoire;Pas de pathologie repérée, traitement, maternité, hospitalisation ou traitement antalgique ou anti-inflammatoire;Pas de pathologie repérée, traitement, maternité, hospitalisation ou traitement antalgique ou anti-inflammatoire;71950;134660;53.436;VALEUR_PUBLIEE;CNAM2024
39;Jura;2024;NEU_EPI_IND;Maladies neurologiques;Épilepsie;Épilepsie;2250;255390;0.879;VALEUR_PUBLIEE;CNAM2024
58;Nièvre;2024;NEU_EPI_IND;Maladies neurologiques;Épilepsie;Épilepsie;1790;191990;0.934;VALEUR_PUBLIEE;CNAM2024
21;Côte-d’Or;2024;PSY_CAT_CAT;Maladies psychiatriques;;;23700;520310;4.555;VALEUR_PUBLIEE;CNAM2024
58;Nièvre;2024;PSY_CAT_CAT;Maladies psychiatriques;;;10790;191990;5.618;VALEUR_PUBLIEE;CNAM2024
27;Bourgogne-Franche-Comté;2024;PSY_CAT_CAT;Maladies psychiatriques;;;124990;2729870;4.579;VALEUR_PUBLIEE;CNAM2024
21;Côte-d’Or;2024;TFC_CAT_EXC;Traitements du risque vasculaire (hors pathologies);;;75890;520310;14.586;VALEUR_PUBLIEE;CNAM2024
39;Jura;2024;TFC_CAT_EXC;Traitements du risque vasculaire (hors pathologies);;;39670;255390;15.535;VALEUR_PUBLIEE;CNAM2024
70;Haute-Saône;2024;TFC_CAT_EXC;Traitements du risque vasculaire (hors pathologies);;;37910;228890;16.564;VALEUR_PUBLIEE;CNAM2024
89;Yonne;2024;TFC_CAT_EXC;Traitements du risque vasculaire (hors pathologies);;;51480;324290;15.874;VALEUR_PUBLIEE;CNAM2024
90;Territoire de Belfort;2024;TFC_CAT_EXC;Traitements du risque vasculaire (hors pathologies);;;17970;134660;13.344;VALEUR_PUBLIEE;CNAM2024
25;Doubs;2024;TFC_HTA_EXC;Traitements du risque vasculaire (hors pathologies);Traitements antihypertenseurs (hors pathologies);Traitements antihypertenseurs (hors pathologies);56440;533290;10.583;VALEUR_PUBLIEE;CNAM2024
70;Haute-Saône;2024;TFC_HTA_EXC;Traitements du risque vasculaire (hors pathologies);Traitements antihypertenseurs (hors pathologies);Traitements antihypertenseurs (hors pathologies);31890;228890;13.931;VALEUR_PUBLIEE;CNAM2024
27;Bourgogne-Franche-Comté;2024;TFC_HTA_EXC;Traitements du risque vasculaire (hors pathologies);Traitements antihypertenseurs (hors pathologies);Traitements antihypertenseurs (hors pathologies);352320;2729870;12.906;VALEUR_PUBLIEE;CNAM2024
39;Jura;2024;MAT_CAT_INC;Maternité (avec ou sans pathologies);Maternité (avec ou sans pathologies);Maternité (avec ou sans pathologies);3440;132060;2.604;VALEUR_PUBLIEE;CNAM2024
58;Nièvre;2024;MAT_CAT_INC;Maternité (avec ou sans pathologies);Maternité (avec ou sans pathologies);Maternité (avec ou sans pathologies);2210;100650;2.192;VALEUR_PUBLIEE;CNAM2024
70;Haute-Saône;2024;MAT_CAT_INC;Maternité (avec ou sans pathologies);Maternité (avec ou sans pathologies);Maternité (avec ou sans pathologies);2990;117280;2.545;VALEUR_PUBLIEE;CNAM2024
89;Yonne;2024;MAT_CAT_INC;Maternité (avec ou sans pathologies);Maternité (avec ou sans pathologies);Maternité (avec ou sans pathologies);4330;168290;2.572;VALEUR_PUBLIEE;CNAM2024
27;Bourgogne-Franche-Comté;2024;MAT_CAT_INC;Maternité (avec ou sans pathologies);Maternité (avec ou sans pathologies);Maternité (avec ou sans pathologies);37750;1414650;2.669;VALEUR_PUBLIEE;CNAM2024
71;Saône-et-Loire;2024;TFC_LIP_EXC;Traitements du risque vasculaire (hors pathologies);Traitements hypolipémiants (hors pathologies);Traitements hypolipémiants (hors pathologies);36000;541060;6.654;VALEUR_PUBLIEE;CNAM2024
90;Territoire de Belfort;2024;TFC_LIP_EXC;Traitements du risque vasculaire (hors pathologies);Traitements hypolipémiants (hors pathologies);Traitements hypolipémiants (hors pathologies);8600;134660;6.385;VALEUR_PUBLIEE;CNAM2024
27;Bourgogne-Franche-Comté;2024;TFC_LIP_EXC;Traitements du risque vasculaire (hors pathologies);Traitements hypolipémiants (hors pathologies);Traitements hypolipémiants (hors pathologies);182300;2729870;6.678;VALEUR_PUBLIEE;CNAM2024
58;Nièvre;2024;TPS_CAT_EXC;Traitements psychotropes (hors pathologies);;;22110;191990;11.518;VALEUR_PUBLIEE;CNAM2024
70;Haute-Saône;2024;TPS_CAT_EXC;Traitements psychotropes (hors pathologies);;;25130;228890;10.978;VALEUR_PUBLIEE;CNAM2024
25;Doubs;2024;RES_CAT_EXC;Maladies respiratoires chroniques (hors mucoviscidose);Maladies respiratoires chroniques (hors mucoviscidose);Maladies respiratoires chroniques (hors mucoviscidose);29770;533290;5.583;VALEUR_PUBLIEE;CNAM2024
70;Haute-Saône;2024;RES_CAT_EXC;Maladies respiratoires chroniques (hors mucoviscidose);Maladies respiratoires chroniques (hors mucoviscidose);Maladies respiratoires chroniques (hors mucoviscidose);15980;228890;6.983;VALEUR_PUBLIEE;CNAM2024
71;Saône-et-Loire;2024;RES_CAT_EXC;Maladies respiratoires chroniques (hors mucoviscidose);Maladies respiratoires chroniques (hors mucoviscidose);Maladies respiratoires chroniques (hors mucoviscidose);35640;541060;6.586;VALEUR_PUBLIEE;CNAM2024
90;Territoire de Belfort;2024;RES_CAT_EXC;Maladies respiratoires chroniques (hors mucoviscidose);Maladies respiratoires chroniques (hors mucoviscidose);Maladies respiratoires chroniques (hors mucoviscidose);9160;134660;6.803;VALEUR_PUBLIEE;CNAM2024
39;Jura;2024;CAN_CRE_SUR;Cancers;Cancer colorectal;Cancer colorectal sous surveillance;830;255390;0.325;VALEUR_PUBLIEE;CNAM2024
71;Saône-et-Loire;2024;CAN_CRE_SUR;Cancers;Cancer colorectal;Cancer colorectal sous surveillance;1900;541060;0.352;VALEUR_PUBLIEE;CNAM2024
39;Jura;2024;CAN_PRO_CAT;Cancers;Cancer de la prostate;;2600;123330;2.111;VALEUR_PUBLIEE;CNAM2024
89;Yonne;2024;CAN_PRO_CAT;Cancers;Cancer de la prostate;;3810;156000;2.444;VALEUR_PUBLIEE;CNAM2024
89;Yonne;2024;CAN_BPU_SUR;Cancers;Cancer bronchopulmonaire;Cancer bronchopulmonaire sous surveillance;360;324290;0.11;VALEUR_PUBLIEE;CNAM2024
90;Territoire de Belfort;2024;CAN_BPU_SUR;Cancers;Cancer bronchopulmonaire;Cancer bronchopulmonaire sous surveillance;130;134660;0.093;VALEUR_PUBLIEE;CNAM2024
27;Bourgogne-Franche-Comté;2024;CAN_BPU_SUR;Cancers;Cancer bronchopulmonaire;Cancer bronchopulmonaire sous surveillance;2470;2729870;0.09;VALEUR_PUBLIEE;CNAM2024
25;Doubs;2024;CAN_CRE_CAT;Cancers;Cancer colorectal;;2570;533290;0.481;VALEUR_PUBLIEE;CNAM2024
58;Nièvre;2024;CAN_CRE_CAT;Cancers;Cancer colorectal;;1520;191990;0.793;VALEUR_PUBLIEE;CNAM2024
90;Territoire de Belfort;2024;CAN_CRE_CAT;Cancers;Cancer colorectal;;630;134660;0.47;VALEUR_PUBLIEE;CNAM2024
25;Doubs;2024;IRT_DCH_CAT;Insuffisance rénale chronique terminale;Dialyse chronique;Dialyse chronique;340;533290;0.063;VALEUR_PUBLIEE;CNAM2024
90;Territoire de Belfort;2024;IRT_DCH_CAT;Insuffisance rénale chronique terminale;Dialyse chronique;Dialyse chronique;120;134660;0.085;VALEUR_PUBLIEE;CNAM2024
21;Côte-d’Or;2024;IRT_TRE_CHR;Insuffisance rénale chronique terminale;Suivi de transplantation rénale;Suivi de transplantation rénale;300;520310;0.058;VALEUR_PUBLIEE;CNAM2024
25;Doubs;2024;IRT_TRE_CHR;Insuffisance rénale chronique terminale;Suivi de transplantation rénale;Suivi de transplantation rénale;360;533290;0.067;VALEUR_PUBLIEE;CNAM2024
39;Jura;2024;IRT_TRE_CHR;Insuffisance rénale chronique terminale;Suivi de transplantation rénale;Suivi de transplantation rénale;160;255390;0.061;VALEUR_PUBLIEE;CNAM2024
70;Haute-Saône;2024;IRT_TRE_CHR;Insuffisance rénale chronique terminale;Suivi de transplantation rénale;Suivi de transplantation rénale;150;228890;0.067;VALEUR_PUBLIEE;CNAM2024
90;Territoire de Belfort;2024;IRT_TRE_CHR;Insuffisance rénale chronique terminale;Suivi de transplantation rénale;Suivi de transplantation rénale;100;134660;0.072;VALEUR_PUBLIEE;CNAM2024
21;Côte-d’Or;2024;CAN_BPU_ACT;Cancers;Cancer bronchopulmonaire;Cancer bronchopulmonaire actif;910;520310;0.174;VALEUR_PUBLIEE;CNAM2024
39;Jura;2024;CAN_BPU_ACT;Cancers;Cancer bronchopulmonaire;Cancer bronchopulmonaire actif;530;255390;0.207;VALEUR_PUBLIEE;CNAM2024
27;Bourgogne-Franche-Comté;2024;CAN_BPU_ACT;Cancers;Cancer bronchopulmonaire;Cancer bronchopulmonaire actif;5640;2729870;0.207;VALEUR_PUBLIEE;CNAM2024
21;Côte-d’Or;2024;CAN_BPU_CAT;Cancers;Cancer bronchopulmonaire;;1280;520310;0.246;VALEUR_PUBLIEE;CNAM2024
25;Doubs;2024;CAN_BPU_CAT;Cancers;Cancer bronchopulmonaire;;1400;533290;0.262;VALEUR_PUBLIEE;CNAM2024
39;Jura;2024;CAN_BPU_CAT;Cancers;Cancer bronchopulmonaire;;730;255390;0.287;VALEUR_PUBLIEE;CNAM2024
71;Saône-et-Loire;2024;CAN_BPU_CAT;Cancers;Cancer bronchopulmonaire;;1700;541060;0.313;VALEUR_PUBLIEE;CNAM2024
89;Yonne;2024;CAN_BPU_CAT;Cancers;Cancer bronchopulmonaire;;1110;324290;0.342;VALEUR_PUBLIEE;CNAM2024
27;Bourgogne-Franche-Comté;2024;CAN_BPU_CAT;Cancers;Cancer bronchopulmonaire;;8110;2729870;0.297;VALEUR_PUBLIEE;CNAM2024
39;Jura;2024;CAN_SEI_CAT;Cancers;Cancer du sein de la femme;;2820;132060;2.133;VALEUR_PUBLIEE;CNAM2024
58;Nièvre;2024;CAN_SEI_CAT;Cancers;Cancer du sein de la femme;;2790;100650;2.774;VALEUR_PUBLIEE;CNAM2024
89;Yonne;2024;CAN_SEI_CAT;Cancers;Cancer du sein de la femme;;4020;168290;2.389;VALEUR_PUBLIEE;CNAM2024
39;Jura;2024;CAN_SEI_ACT;Cancers;Cancer du sein de la femme;Cancer du sein de la femme actif;1030;132060;0.779;VALEUR_PUBLIEE;CNAM2024
58;Nièvre;2024;CAN_SEI_ACT;Cancers;Cancer du sein de la femme;Cancer du sein de la femme actif;890;100650;0.888;VALEUR_PUBLIEE;CNAM2024
71;Saône-et-Loire;2024;CAN_SEI_ACT;Cancers;Cancer du sein de la femme;Cancer du sein de la femme actif;2380;281410;0.845;VALEUR_PUBLIEE;CNAM2024
89;Yonne;2024;CAN_SEI_ACT;Cancers;Cancer du sein de la femme;Cancer du sein de la femme actif;1390;168290;0.824;VALEUR_PUBLIEE;CNAM2024
90;Territoire de Belfort;2024;CAN_SEI_ACT;Cancers;Cancer du sein de la femme;Cancer du sein de la femme actif;510;69480;0.731;VALEUR_PUBLIEE;CNAM2024
21;Côte-d’Or;2024;IRT_TRE_AIG;Insuffisance rénale chronique terminale;Transplantation rénale;Transplantation rénale;30;520310;0.007;VALEUR_PUBLIEE;CNAM2024
58;Nièvre;2024;IRT_TRE_AIG;Insuffisance rénale chronique terminale;Transplantation rénale;Transplantation rénale;;191990;;NON_DIFFUSE_OU_NON_DISPONIBLE;CNAM2024
27;Bourgogne-Franche-Comté;2024;IRT_TRE_AIG;Insuffisance rénale chronique terminale;Transplantation rénale;Transplantation rénale;140;2729870;0.005;VALEUR_PUBLIEE;CNAM2024
25;Doubs;2024;ALD_CAT_CAT;Affections de longue durée (dont 31 et 32) pour d'autres causes;Affections de longue durée (dont 31 et 32) pour d'autres causes;Affections de longue durée (dont 31 et 32) pour d'autres causes;9630;533290;1.805;VALEUR_PUBLIEE;CNAM2024
58;Nièvre;2024;ALD_CAT_CAT;Affections de longue durée (dont 31 et 32) pour d'autres causes;Affections de longue durée (dont 31 et 32) pour d'autres causes;Affections de longue durée (dont 31 et 32) pour d'autres causes;5660;191990;2.947;VALEUR_PUBLIEE;CNAM2024
71;Saône-et-Loire;2024;ALD_CAT_CAT;Affections de longue durée (dont 31 et 32) pour d'autres causes;Affections de longue durée (dont 31 et 32) pour d'autres causes;Affections de longue durée (dont 31 et 32) pour d'autres causes;12050;541060;2.227;VALEUR_PUBLIEE;CNAM2024
89;Yonne;2024;ALD_CAT_CAT;Affections de longue durée (dont 31 et 32) pour d'autres causes;Affections de longue durée (dont 31 et 32) pour d'autres causes;Affections de longue durée (dont 31 et 32) pour d'autres causes;9200;324290;2.835;VALEUR_PUBLIEE;CNAM2024
21;Côte-d’Or;2024;CAN_AUT_CAT;Cancers;Autres cancers;;16960;520310;3.26;VALEUR_PUBLIEE;CNAM2024
39;Jura;2024;CAN_AUT_CAT;Cancers;Autres cancers;;9340;255390;3.655;VALEUR_PUBLIEE;CNAM2024
58;Nièvre;2024;CAN_AUT_CAT;Cancers;Autres cancers;;8320;191990;4.336;VALEUR_PUBLIEE;CNAM2024
70;Haute-Saône;2024;CAN_AUT_CAT;Cancers;Autres cancers;;8040;228890;3.511;VALEUR_PUBLIEE;CNAM2024
71;Saône-et-Loire;2024;CAN_AUT_CAT;Cancers;Autres cancers;;20150;541060;3.724;VALEUR_PUBLIEE;CNAM2024
27;Bourgogne-Franche-Comté;2024;CAN_AUT_CAT;Cancers;Autres cancers;;92280;2729870;3.381;VALEUR_PUBLIEE;CNAM2024
25;Doubs;2024;CAN_CAT_CAT;Cancers;;;26640;533290;4.996;VALEUR_PUBLIEE;CNAM2024
70;Haute-Saône;2024;CAN_CAT_CAT;Cancers;;;13910;228890;6.079;VALEUR_PUBLIEE;CNAM2024
