code_insee;nom;code_ght;regle_rattachement;date_effet;code_source
21001;Agencourt;;NON_VALIDE;;COG2026
21002;Agey;;NON_VALIDE;;COG2026
21003;Ahuy;;NON_VALIDE;;COG2026
21004;Aignay-le-Duc;;NON_VALIDE;;COG2026
21005;Aiserey;;NON_VALIDE;;COG2026
21006;Aisey-sur-Seine;;NON_VALIDE;;COG2026
21007;Aisy-sous-Thil;;NON_VALIDE;;COG2026
21008;Alise-Sainte-Reine;;NON_VALIDE;;COG2026
21009;Allerey;;NON_VALIDE;;COG2026
21010;Aloxe-Corton;;NON_VALIDE;;COG2026
21011;Ampilly-les-Bordes;;NON_VALIDE;;COG2026
21012;Ampilly-le-Sec;;NON_VALIDE;;COG2026
21013;Ancey;;NON_VALIDE;;COG2026
21014;Antheuil;;NON_VALIDE;;COG2026
21015;Antigny-la-Ville;;NON_VALIDE;;COG2026
21016;Arceau;;NON_VALIDE;;COG2026
21017;Arcenant;;NON_VALIDE;;COG2026
21018;Arcey;;NON_VALIDE;;COG2026
21020;Arconcey;;NON_VALIDE;;COG2026
21021;Arc-sur-Tille;;NON_VALIDE;;COG2026
21022;Argilly;;NON_VALIDE;;COG2026
21023;Arnay-le-Duc;;NON_VALIDE;;COG2026
21024;Arnay-sous-Vitteaux;;NON_VALIDE;;COG2026
21025;Arrans;;NON_VALIDE;;COG2026
21026;Asnières-en-Montagne;;NON_VALIDE;;COG2026
21027;Asnières-lès-Dijon;;NON_VALIDE;;COG2026
21028;Athée;;NON_VALIDE;;COG2026
21029;Athie;;NON_VALIDE;;COG2026
21030;Aubaine;;NON_VALIDE;;COG2026
21031;Aubigny-en-Plaine;;NON_VALIDE;;COG2026
21032;Aubigny-la-Ronce;;NON_VALIDE;;COG2026
21033;Aubigny-lès-Sombernon;;NON_VALIDE;;COG2026
21034;Autricourt;;NON_VALIDE;;COG2026
21035;Auvillars-sur-Saône;;NON_VALIDE;;COG2026
21036;Auxant;;NON_VALIDE;;COG2026
21037;Auxey-Duresses;;NON_VALIDE;;COG2026
21038;Auxonne;;NON_VALIDE;;COG2026
21039;Avelanges;;NON_VALIDE;;COG2026
21040;Avosnes;;NON_VALIDE;;COG2026
21041;Avot;;NON_VALIDE;;COG2026
21042;Bagnot;;NON_VALIDE;;COG2026
21043;Baigneux-les-Juifs;;NON_VALIDE;;COG2026
21044;Balot;;NON_VALIDE;;COG2026
21045;Barbirey-sur-Ouche;;NON_VALIDE;;COG2026
21046;Bard-le-Régulier;;NON_VALIDE;;COG2026
21047;Bard-lès-Époisses;;NON_VALIDE;;COG2026
21048;Barges;;NON_VALIDE;;COG2026
21049;Barjon;;NON_VALIDE;;COG2026
21050;Baubigny;;NON_VALIDE;;COG2026
21051;Baulme-la-Roche;;NON_VALIDE;;COG2026
21052;Beaulieu;;NON_VALIDE;;COG2026
21053;Beaumont-sur-Vingeanne;;NON_VALIDE;;COG2026
21054;Beaune;;NON_VALIDE;;COG2026
21055;Beaunotte;;NON_VALIDE;;COG2026
21056;Beire-le-Châtel;;NON_VALIDE;;COG2026
21057;Beire-le-Fort;;NON_VALIDE;;COG2026
21058;Belan-sur-Ource;;NON_VALIDE;;COG2026
21059;Bellefond;;NON_VALIDE;;COG2026
21060;Belleneuve;;NON_VALIDE;;COG2026
21061;Bellenod-sur-Seine;;NON_VALIDE;;COG2026
21062;Bellenot-sous-Pouilly;;NON_VALIDE;;COG2026
21063;Beneuvre;;NON_VALIDE;;COG2026
21064;Benoisey;;NON_VALIDE;;COG2026
21065;Bessey-en-Chaume;;NON_VALIDE;;COG2026
21066;Bessey-la-Cour;;NON_VALIDE;;COG2026
21067;Bessey-lès-Cîteaux;;NON_VALIDE;;COG2026
21068;Beurey-Bauguay;;NON_VALIDE;;COG2026
21069;Beurizot;;NON_VALIDE;;COG2026
21070;Bévy;;NON_VALIDE;;COG2026
21071;Bèze;;NON_VALIDE;;COG2026
21072;Bézouotte;;NON_VALIDE;;COG2026
21074;Billey;;NON_VALIDE;;COG2026
21075;Billy-lès-Chanceaux;;NON_VALIDE;;COG2026
21076;Binges;;NON_VALIDE;;COG2026
21077;Bissey-la-Côte;;NON_VALIDE;;COG2026
21078;Bissey-la-Pierre;;NON_VALIDE;;COG2026
21079;Blagny-sur-Vingeanne;;NON_VALIDE;;COG2026
21080;Blaisy-Bas;;NON_VALIDE;;COG2026
21081;Blaisy-Haut;;NON_VALIDE;;COG2026
21082;Blancey;;NON_VALIDE;;COG2026
21083;Blanot;;NON_VALIDE;;COG2026
21084;Source-Seine;;NON_VALIDE;;COG2026
21085;Bligny-le-Sec;;NON_VALIDE;;COG2026
21086;Bligny-lès-Beaune;;NON_VALIDE;;COG2026
21087;Bligny-sur-Ouche;;NON_VALIDE;;COG2026
21088;Boncourt-le-Bois;;NON_VALIDE;;COG2026
21089;Bonnencontre;;NON_VALIDE;;COG2026
21090;Boudreville;;NON_VALIDE;;COG2026
21091;Bouhey;;NON_VALIDE;;COG2026
21092;Bouilland;;NON_VALIDE;;COG2026
21093;Bouix;;NON_VALIDE;;COG2026
21094;Bourberain;;NON_VALIDE;;COG2026
21095;Bousselange;;NON_VALIDE;;COG2026
21096;Boussenois;;NON_VALIDE;;COG2026
21097;Boussey;;NON_VALIDE;;COG2026
21098;Boux-sous-Salmaise;;NON_VALIDE;;COG2026
21099;Bouze-lès-Beaune;;NON_VALIDE;;COG2026
21100;Brain;;NON_VALIDE;;COG2026
21101;Braux;;NON_VALIDE;;COG2026
21102;Brazey-en-Morvan;;NON_VALIDE;;COG2026
21103;Brazey-en-Plaine;;NON_VALIDE;;COG2026
21104;Brémur-et-Vaurois;;NON_VALIDE;;COG2026
21105;Bressey-sur-Tille;;NON_VALIDE;;COG2026
21106;Bretenière;;NON_VALIDE;;COG2026
21107;Bretigny;;NON_VALIDE;;COG2026
21108;Brianny;;NON_VALIDE;;COG2026
21109;Brion-sur-Ource;;NON_VALIDE;;COG2026
21110;Brochon;;NON_VALIDE;;COG2026
21111;Brognon;;NON_VALIDE;;COG2026
21112;Broin;;NON_VALIDE;;COG2026
21113;Broindon;;NON_VALIDE;;COG2026
21114;Buffon;;NON_VALIDE;;COG2026
21115;Buncey;;NON_VALIDE;;COG2026
21116;Bure-les-Templiers;;NON_VALIDE;;COG2026
21117;Busseaut;;NON_VALIDE;;COG2026
21118;Busserotte-et-Montenaille;;NON_VALIDE;;COG2026
21119;Bussières;;NON_VALIDE;;COG2026
21120;La Bussière-sur-Ouche;;NON_VALIDE;;COG2026
21121;Bussy-la-Pesle;;NON_VALIDE;;COG2026
21122;Bussy-le-Grand;;NON_VALIDE;;COG2026
21123;Buxerolles;;NON_VALIDE;;COG2026
21124;Censerey;;NON_VALIDE;;COG2026
21125;Cérilly;;NON_VALIDE;;COG2026
21126;Cessey-sur-Tille;;NON_VALIDE;;COG2026
21127;Chaignay;;NON_VALIDE;;COG2026
21128;Chailly-sur-Armançon;;NON_VALIDE;;COG2026
21129;Chambain;;NON_VALIDE;;COG2026
21130;Chambeire;;NON_VALIDE;;COG2026
21131;Chamblanc;;NON_VALIDE;;COG2026
21132;Chambœuf;;NON_VALIDE;;COG2026
21133;Chambolle-Musigny;;NON_VALIDE;;COG2026
21134;Chamesson;;NON_VALIDE;;COG2026
21135;Champagne-sur-Vingeanne;;NON_VALIDE;;COG2026
21136;Champagny;;NON_VALIDE;;COG2026
21137;Champ-d'Oiseau;;NON_VALIDE;;COG2026
21138;Champdôtre;;NON_VALIDE;;COG2026
21139;Champeau-en-Morvan;;NON_VALIDE;;COG2026
21140;Champignolles;;NON_VALIDE;;COG2026
21141;Champrenault;;NON_VALIDE;;COG2026
21142;Chanceaux;;NON_VALIDE;;COG2026
21143;Channay;;NON_VALIDE;;COG2026
21144;Charencey;;NON_VALIDE;;COG2026
21145;Charigny;;NON_VALIDE;;COG2026
21146;Charmes;;NON_VALIDE;;COG2026
21147;Charny;;NON_VALIDE;;COG2026
21148;Charrey-sur-Saône;;NON_VALIDE;;COG2026
21149;Charrey-sur-Seine;;NON_VALIDE;;COG2026
21150;Chassagne-Montrachet;;NON_VALIDE;;COG2026
21151;Chassey;;NON_VALIDE;;COG2026
21152;Châteauneuf;;NON_VALIDE;;COG2026
21153;Châtellenot;;NON_VALIDE;;COG2026
21154;Châtillon-sur-Seine;;NON_VALIDE;;COG2026
21155;Chaudenay-la-Ville;;NON_VALIDE;;COG2026
21156;Chaudenay-le-Château;;NON_VALIDE;;COG2026
21157;Chaugey;;NON_VALIDE;;COG2026
21158;Chaume-et-Courchamp;;NON_VALIDE;;COG2026
21159;La Chaume;;NON_VALIDE;;COG2026
21160;Chaume-lès-Baigneux;;NON_VALIDE;;COG2026
21161;Chaumont-le-Bois;;NON_VALIDE;;COG2026
21162;Chaux;;NON_VALIDE;;COG2026
21163;Chazeuil;;NON_VALIDE;;COG2026
21164;Chazilly;;NON_VALIDE;;COG2026
21165;Chemin-d'Aisey;;NON_VALIDE;;COG2026
21166;Chenôve;;NON_VALIDE;;COG2026
21167;Cheuge;;NON_VALIDE;;COG2026
21168;Chevannay;;NON_VALIDE;;COG2026
21169;Chevannes;;NON_VALIDE;;COG2026
21170;Chevigny-en-Valière;;NON_VALIDE;;COG2026
21171;Chevigny-Saint-Sauveur;;NON_VALIDE;;COG2026
21172;Chivres;;NON_VALIDE;;COG2026
21173;Chorey-les-Beaune;;NON_VALIDE;;COG2026
21175;Cirey-lès-Pontailler;;NON_VALIDE;;COG2026
21176;Civry-en-Montagne;;NON_VALIDE;;COG2026
21177;Clamerey;;NON_VALIDE;;COG2026
21178;Valforêt;;NON_VALIDE;;COG2026
21179;Clénay;;NON_VALIDE;;COG2026
21180;Cléry;;NON_VALIDE;;COG2026
21181;Clomot;;NON_VALIDE;;COG2026
21182;Collonges-lès-Bévy;;NON_VALIDE;;COG2026
21183;Collonges-et-Premières;;NON_VALIDE;;COG2026
21184;Colombier;;NON_VALIDE;;COG2026
21185;Combertault;;NON_VALIDE;;COG2026
21186;Comblanchien;;NON_VALIDE;;COG2026
21187;Commarin;;NON_VALIDE;;COG2026
21189;Corberon;;NON_VALIDE;;COG2026
21190;Corcelles-les-Arts;;NON_VALIDE;;COG2026
21191;Corcelles-lès-Cîteaux;;NON_VALIDE;;COG2026
21192;Corcelles-les-Monts;;NON_VALIDE;;COG2026
21193;Corgengoux;;NON_VALIDE;;COG2026
21194;Corgoloin;;NON_VALIDE;;COG2026
21195;Cormot-Vauchignon;;NON_VALIDE;;COG2026
21196;Corpeau;;NON_VALIDE;;COG2026
21197;Corpoyer-la-Chapelle;;NON_VALIDE;;COG2026
21198;Corrombles;;NON_VALIDE;;COG2026
21199;Corsaint;;NON_VALIDE;;COG2026
21200;Couchey;;NON_VALIDE;;COG2026
21201;Coulmier-le-Sec;;NON_VALIDE;;COG2026
21202;Courban;;NON_VALIDE;;COG2026
21203;Courcelles-Frémoy;;NON_VALIDE;;COG2026
21204;Courcelles-lès-Montbard;;NON_VALIDE;;COG2026
21205;Courcelles-lès-Semur;;NON_VALIDE;;COG2026
21207;Courlon;;NON_VALIDE;;COG2026
21208;Courtivron;;NON_VALIDE;;COG2026
21209;Couternon;;NON_VALIDE;;COG2026
21210;Créancey;;NON_VALIDE;;COG2026
21211;Crécey-sur-Tille;;NON_VALIDE;;COG2026
21212;Crépand;;NON_VALIDE;;COG2026
21214;Crugey;;NON_VALIDE;;COG2026
21215;Cuiserey;;NON_VALIDE;;COG2026
21216;Culètre;;NON_VALIDE;;COG2026
21217;Curley;;NON_VALIDE;;COG2026
21218;Curtil-Saint-Seine;;NON_VALIDE;;COG2026
21219;Curtil-Vergy;;NON_VALIDE;;COG2026
21220;Cussey-les-Forges;;NON_VALIDE;;COG2026
21221;Cussy-la-Colonne;;NON_VALIDE;;COG2026
21222;Cussy-le-Châtel;;NON_VALIDE;;COG2026
21223;Daix;;NON_VALIDE;;COG2026
21224;Dampierre-en-Montagne;;NON_VALIDE;;COG2026
21225;Dampierre-et-Flée;;NON_VALIDE;;COG2026
21226;Darcey;;NON_VALIDE;;COG2026
21227;Darois;;NON_VALIDE;;COG2026
21228;Détain-et-Bruant;;NON_VALIDE;;COG2026
21229;Diancey;;NON_VALIDE;;COG2026
21230;Diénay;;NON_VALIDE;;COG2026
21231;Dijon;;NON_VALIDE;;COG2026
21232;Dompierre-en-Morvan;;NON_VALIDE;;COG2026
21233;Drambon;;NON_VALIDE;;COG2026
21234;Drée;;NON_VALIDE;;COG2026
21235;Duesme;;NON_VALIDE;;COG2026
21236;Ébaty;;NON_VALIDE;;COG2026
21237;Échalot;;NON_VALIDE;;COG2026
21238;Échannay;;NON_VALIDE;;COG2026
21239;Échenon;;NON_VALIDE;;COG2026
21240;Échevannes;;NON_VALIDE;;COG2026
21241;Échevronne;;NON_VALIDE;;COG2026
21242;Échigey;;NON_VALIDE;;COG2026
21243;Écutigny;;NON_VALIDE;;COG2026
21244;Éguilly;;NON_VALIDE;;COG2026
21245;Épagny;;NON_VALIDE;;COG2026
21246;Épernay-sous-Gevrey;;NON_VALIDE;;COG2026
21247;Époisses;;NON_VALIDE;;COG2026
21248;Éringes;;NON_VALIDE;;COG2026
21249;Esbarres;;NON_VALIDE;;COG2026
21250;Essarois;;NON_VALIDE;;COG2026
21251;Essey;;NON_VALIDE;;COG2026
21252;Étais;;NON_VALIDE;;COG2026
21253;Étalante;;NON_VALIDE;;COG2026
21254;L'Étang-Vergy;;NON_VALIDE;;COG2026
21255;Étaules;;NON_VALIDE;;COG2026
21256;Étevaux;;NON_VALIDE;;COG2026
21257;Étormay;;NON_VALIDE;;COG2026
21258;Étrochey;;NON_VALIDE;;COG2026
21259;Fain-lès-Montbard;;NON_VALIDE;;COG2026
21260;Fain-lès-Moutiers;;NON_VALIDE;;COG2026
21261;Fauverney;;NON_VALIDE;;COG2026
21262;Faverolles-lès-Lucey;;NON_VALIDE;;COG2026
21263;Fénay;;NON_VALIDE;;COG2026
21264;Le Fête;;NON_VALIDE;;COG2026
21265;Fixin;;NON_VALIDE;;COG2026
21266;Flacey;;NON_VALIDE;;COG2026
21267;Flagey-Echézeaux;;NON_VALIDE;;COG2026
21268;Flagey-lès-Auxonne;;NON_VALIDE;;COG2026
21269;Flammerans;;NON_VALIDE;;COG2026
21270;Flavignerot;;NON_VALIDE;;COG2026
21271;Flavigny-sur-Ozerain;;NON_VALIDE;;COG2026
21272;Le Val-Larrey;;NON_VALIDE;;COG2026
21273;Fleurey-sur-Ouche;;NON_VALIDE;;COG2026
21274;Foissy;;NON_VALIDE;;COG2026
21275;Foncegrive;;NON_VALIDE;;COG2026
21276;Fontaines-en-Duesmois;;NON_VALIDE;;COG2026
21277;Fontaine-Française;;NON_VALIDE;;COG2026
21278;Fontaine-lès-Dijon;;NON_VALIDE;;COG2026
21279;Fontaines-les-Sèches;;NON_VALIDE;;COG2026
21280;Fontangy;;NON_VALIDE;;COG2026
21281;Fontenelle;;NON_VALIDE;;COG2026
21282;Forléans;;NON_VALIDE;;COG2026
21283;Fraignot-et-Vesvrotte;;NON_VALIDE;;COG2026
21284;Francheville;;NON_VALIDE;;COG2026
21285;Franxault;;NON_VALIDE;;COG2026
21286;Frénois;;NON_VALIDE;;COG2026
21287;Fresnes;;NON_VALIDE;;COG2026
21288;Frôlois;;NON_VALIDE;;COG2026
21289;Fussey;;NON_VALIDE;;COG2026
21290;Gemeaux;;NON_VALIDE;;COG2026
21291;Genay;;NON_VALIDE;;COG2026
21292;Genlis;;NON_VALIDE;;COG2026
21293;Gergueil;;NON_VALIDE;;COG2026
21294;Gerland;;NON_VALIDE;;COG2026
21295;Gevrey-Chambertin;;NON_VALIDE;;COG2026
21296;Gevrolles;;NON_VALIDE;;COG2026
21297;Gilly-lès-Cîteaux;;NON_VALIDE;;COG2026
21298;Gissey-le-Vieil;;NON_VALIDE;;COG2026
21299;Gissey-sous-Flavigny;;NON_VALIDE;;COG2026
21300;Gissey-sur-Ouche;;NON_VALIDE;;COG2026
21301;Glanon;;NON_VALIDE;;COG2026
21302;Gomméville;;NON_VALIDE;;COG2026
21303;Les Goulles;;NON_VALIDE;;COG2026
21304;Grancey-le-Château-Neuvelle;;NON_VALIDE;;COG2026
21305;Grancey-sur-Ource;;NON_VALIDE;;COG2026
21306;Grenant-lès-Sombernon;;NON_VALIDE;;COG2026
21307;Grésigny-Sainte-Reine;;NON_VALIDE;;COG2026
21308;Grignon;;NON_VALIDE;;COG2026
21309;Griselles;;NON_VALIDE;;COG2026
21310;Grosbois-en-Montagne;;NON_VALIDE;;COG2026
21311;Grosbois-lès-Tichey;;NON_VALIDE;;COG2026
21312;Gurgy-la-Ville;;NON_VALIDE;;COG2026
21313;Gurgy-le-Château;;NON_VALIDE;;COG2026
21314;Hauteroche;;NON_VALIDE;;COG2026
21315;Hauteville-lès-Dijon;;NON_VALIDE;;COG2026
21316;Heuilley-sur-Saône;;NON_VALIDE;;COG2026
21317;Is-sur-Tille;;NON_VALIDE;;COG2026
21319;Izeure;;NON_VALIDE;;COG2026
21320;Izier;;NON_VALIDE;;COG2026
21321;Jailly-les-Moulins;;NON_VALIDE;;COG2026
21322;Jallanges;;NON_VALIDE;;COG2026
21323;Jancigny;;NON_VALIDE;;COG2026
21324;Jeux-lès-Bard;;NON_VALIDE;;COG2026
21325;Jouey;;NON_VALIDE;;COG2026
21326;Jours-lès-Baigneux;;NON_VALIDE;;COG2026
21327;Val-Mont;;NON_VALIDE;;COG2026
21328;Juillenay;;NON_VALIDE;;COG2026
21329;Juilly;;NON_VALIDE;;COG2026
21330;Labergement-Foigney;;NON_VALIDE;;COG2026
21331;Labergement-lès-Auxonne;;NON_VALIDE;;COG2026
21332;Labergement-lès-Seurre;;NON_VALIDE;;COG2026
21333;Labruyère;;NON_VALIDE;;COG2026
21334;Lacanche;;NON_VALIDE;;COG2026
21335;Lacour-d'Arcenay;;NON_VALIDE;;COG2026
21336;Laignes;;NON_VALIDE;;COG2026
21337;Lamarche-sur-Saône;;NON_VALIDE;;COG2026
21338;Lamargelle;;NON_VALIDE;;COG2026
21339;Lantenay;;NON_VALIDE;;COG2026
21340;Lanthes;;NON_VALIDE;;COG2026
21341;Lantilly;;NON_VALIDE;;COG2026
21342;Laperrière-sur-Saône;;NON_VALIDE;;COG2026
21343;Larrey;;NON_VALIDE;;COG2026
21344;Lechâtelet;;NON_VALIDE;;COG2026
21345;Léry;;NON_VALIDE;;COG2026
21346;Leuglay;;NON_VALIDE;;COG2026
21347;Levernois;;NON_VALIDE;;COG2026
21348;Licey-sur-Vingeanne;;NON_VALIDE;;COG2026
21349;Liernais;;NON_VALIDE;;COG2026
21350;Lignerolles;;NON_VALIDE;;COG2026
21351;Longchamp;;NON_VALIDE;;COG2026
21352;Longeault-Pluvault;;NON_VALIDE;;COG2026
21353;Longecourt-en-Plaine;;NON_VALIDE;;COG2026
21354;Longecourt-lès-Culêtre;;NON_VALIDE;;COG2026
21355;Longvic;;NON_VALIDE;;COG2026
21356;Losne;;NON_VALIDE;;COG2026
21357;Louesme;;NON_VALIDE;;COG2026
21358;Lucenay-le-Duc;;NON_VALIDE;;COG2026
21359;Lucey;;NON_VALIDE;;COG2026
21360;Lusigny-sur-Ouche;;NON_VALIDE;;COG2026
21361;Lux;;NON_VALIDE;;COG2026
21362;Maconge;;NON_VALIDE;;COG2026
21363;Magnien;;NON_VALIDE;;COG2026
21364;Magny-Lambert;;NON_VALIDE;;COG2026
21365;Magny-la-Ville;;NON_VALIDE;;COG2026
21366;Magny-lès-Aubigny;;NON_VALIDE;;COG2026
21367;Magny-Montarlot;;NON_VALIDE;;COG2026
21368;Magny-lès-Villers;;NON_VALIDE;;COG2026
21369;Magny-Saint-Médard;;NON_VALIDE;;COG2026
21370;Magny-sur-Tille;;NON_VALIDE;;COG2026
21371;Les Maillys;;NON_VALIDE;;COG2026
21372;Maisey-le-Duc;;NON_VALIDE;;COG2026
21373;Mâlain;;NON_VALIDE;;COG2026
21374;Maligny;;NON_VALIDE;;COG2026
21375;Manlay;;NON_VALIDE;;COG2026
21376;Marandeuil;;NON_VALIDE;;COG2026
21377;Marcellois;;NON_VALIDE;;COG2026
21378;Marcenay;;NON_VALIDE;;COG2026
21379;Marcheseuil;;NON_VALIDE;;COG2026
21380;Marcigny-sous-Thil;;NON_VALIDE;;COG2026
21381;Marcilly-et-Dracy;;NON_VALIDE;;COG2026
21382;Marcilly-Ogny;;NON_VALIDE;;COG2026
21383;Marcilly-sur-Tille;;NON_VALIDE;;COG2026
21384;Marey-lès-Fussey;;NON_VALIDE;;COG2026
21385;Marey-sur-Tille;;NON_VALIDE;;COG2026
21386;Marigny-le-Cahouët;;NON_VALIDE;;COG2026
21387;Marigny-lès-Reullée;;NON_VALIDE;;COG2026
21388;Marliens;;NON_VALIDE;;COG2026
21389;Marmagne;;NON_VALIDE;;COG2026
21390;Marsannay-la-Côte;;NON_VALIDE;;COG2026
21391;Marsannay-le-Bois;;NON_VALIDE;;COG2026
21392;Martrois;;NON_VALIDE;;COG2026
21393;Massingy;;NON_VALIDE;;COG2026
21394;Massingy-lès-Semur;;NON_VALIDE;;COG2026
21395;Massingy-lès-Vitteaux;;NON_VALIDE;;COG2026
21396;Mauvilly;;NON_VALIDE;;COG2026
21397;Mavilly-Mandelot;;NON_VALIDE;;COG2026
21398;Maxilly-sur-Saône;;NON_VALIDE;;COG2026
21399;Meilly-sur-Rouvres;;NON_VALIDE;;COG2026
21400;Le Meix;;NON_VALIDE;;COG2026
21401;Meloisey;;NON_VALIDE;;COG2026
21402;Menesble;;NON_VALIDE;;COG2026
21403;Ménessaire;;NON_VALIDE;;COG2026
21404;Ménétreux-le-Pitois;;NON_VALIDE;;COG2026
21405;Merceuil;;NON_VALIDE;;COG2026
21406;Mesmont;;NON_VALIDE;;COG2026
21407;Messanges;;NON_VALIDE;;COG2026
21408;Messigny-et-Vantoux;;NON_VALIDE;;COG2026
21409;Meuilley;;NON_VALIDE;;COG2026
21410;Meulson;;NON_VALIDE;;COG2026
21411;Meursanges;;NON_VALIDE;;COG2026
21412;Meursault;;NON_VALIDE;;COG2026
21413;Millery;;NON_VALIDE;;COG2026
21414;Mimeure;;NON_VALIDE;;COG2026
21415;Minot;;NON_VALIDE;;COG2026
21416;Mirebeau-sur-Bèze;;NON_VALIDE;;COG2026
21417;Missery;;NON_VALIDE;;COG2026
21418;Moitron;;NON_VALIDE;;COG2026
21419;Molesme;;NON_VALIDE;;COG2026
21420;Molinot;;NON_VALIDE;;COG2026
21421;Moloy;;NON_VALIDE;;COG2026
21422;Molphey;;NON_VALIDE;;COG2026
21423;Montagny-lès-Beaune;;NON_VALIDE;;COG2026
21424;Montagny-lès-Seurre;;NON_VALIDE;;COG2026
21425;Montbard;;NON_VALIDE;;COG2026
21426;Montberthault;;NON_VALIDE;;COG2026
21427;Montceau-et-Écharnant;;NON_VALIDE;;COG2026
21428;Monthelie;;NON_VALIDE;;COG2026
21429;Montigny-Montfort;;NON_VALIDE;;COG2026
21430;Montigny-Saint-Barthélemy;;NON_VALIDE;;COG2026
21431;Montigny-sur-Armançon;;NON_VALIDE;;COG2026
21432;Montigny-sur-Aube;;NON_VALIDE;;COG2026
21433;Montigny-Mornay-Villeneuve-sur-Vingeanne;;NON_VALIDE;;COG2026
21434;Montlay-en-Auxois;;NON_VALIDE;;COG2026
21435;Montliot-et-Courcelles;;NON_VALIDE;;COG2026
21436;Montmain;;NON_VALIDE;;COG2026
21437;Montmançon;;NON_VALIDE;;COG2026
21438;Montmoyen;;NON_VALIDE;;COG2026
21439;Montoillot;;NON_VALIDE;;COG2026
21440;Montot;;NON_VALIDE;;COG2026
21441;Mont-Saint-Jean;;NON_VALIDE;;COG2026
21442;Morey-Saint-Denis;;NON_VALIDE;;COG2026
21444;Mosson;;NON_VALIDE;;COG2026
21445;La Motte-Ternant;;NON_VALIDE;;COG2026
21446;Moutiers-Saint-Jean;;NON_VALIDE;;COG2026
21447;Musigny;;NON_VALIDE;;COG2026
21448;Mussy-la-Fosse;;NON_VALIDE;;COG2026
21449;Nan-sous-Thil;;NON_VALIDE;;COG2026
21450;Nantoux;;NON_VALIDE;;COG2026
21451;Nesle-et-Massoult;;NON_VALIDE;;COG2026
21452;Neuilly-Crimolois;;NON_VALIDE;;COG2026
21454;Nicey;;NON_VALIDE;;COG2026
21455;Nod-sur-Seine;;NON_VALIDE;;COG2026
21456;Nogent-lès-Montbard;;NON_VALIDE;;COG2026
21457;Noidan;;NON_VALIDE;;COG2026
21458;Noiron-sous-Gevrey;;NON_VALIDE;;COG2026
21459;Noiron-sur-Bèze;;NON_VALIDE;;COG2026
21460;Noiron-sur-Seine;;NON_VALIDE;;COG2026
21461;Nolay;;NON_VALIDE;;COG2026
21462;Norges-la-Ville;;NON_VALIDE;;COG2026
21463;Normier;;NON_VALIDE;;COG2026
21464;Nuits-Saint-Georges;;NON_VALIDE;;COG2026
21465;Obtrée;;NON_VALIDE;;COG2026
21466;Oigny;;NON_VALIDE;;COG2026
21467;Oisilly;;NON_VALIDE;;COG2026
21468;Orain;;NON_VALIDE;;COG2026
21469;Orgeux;;NON_VALIDE;;COG2026
21470;Origny;;NON_VALIDE;;COG2026
21471;Orret;;NON_VALIDE;;COG2026
21472;Orville;;NON_VALIDE;;COG2026
21473;Ouges;;NON_VALIDE;;COG2026
21474;Pagny-la-Ville;;NON_VALIDE;;COG2026
21475;Pagny-le-Château;;NON_VALIDE;;COG2026
21476;Painblanc;;NON_VALIDE;;COG2026
21477;Panges;;NON_VALIDE;;COG2026
21478;Pasques;;NON_VALIDE;;COG2026
21479;Pellerey;;NON_VALIDE;;COG2026
21480;Pernand-Vergelesses;;NON_VALIDE;;COG2026
21481;Perrigny-lès-Dijon;;NON_VALIDE;;COG2026
21482;Perrigny-sur-l'Ognon;;NON_VALIDE;;COG2026
21483;Pichanges;;NON_VALIDE;;COG2026
21484;Planay;;NON_VALIDE;;COG2026
21485;Plombières-lès-Dijon;;NON_VALIDE;;COG2026
21487;Pluvet;;NON_VALIDE;;COG2026
21488;Poinçon-lès-Larrey;;NON_VALIDE;;COG2026
21489;Poiseul-la-Grange;;NON_VALIDE;;COG2026
21490;Poiseul-la-Ville-et-Laperrière;;NON_VALIDE;;COG2026
21491;Poiseul-lès-Saulx;;NON_VALIDE;;COG2026
21492;Pommard;;NON_VALIDE;;COG2026
21493;Poncey-lès-Athée;;NON_VALIDE;;COG2026
21494;Poncey-sur-l'Ignon;;NON_VALIDE;;COG2026
21495;Pont;;NON_VALIDE;;COG2026
21496;Pontailler-sur-Saône;;NON_VALIDE;;COG2026
21497;Pont-et-Massène;;NON_VALIDE;;COG2026
21498;Posanges;;NON_VALIDE;;COG2026
21499;Pothières;;NON_VALIDE;;COG2026
21500;Pouillenay;;NON_VALIDE;;COG2026
21501;Pouilly-en-Auxois;;NON_VALIDE;;COG2026
21502;Pouilly-sur-Saône;;NON_VALIDE;;COG2026
21503;Pouilly-sur-Vingeanne;;NON_VALIDE;;COG2026
21504;Prâlon;;NON_VALIDE;;COG2026
21505;Précy-sous-Thil;;NON_VALIDE;;COG2026
21506;Premeaux-Prissey;;NON_VALIDE;;COG2026
21508;Prenois;;NON_VALIDE;;COG2026
21510;Prusly-sur-Ource;;NON_VALIDE;;COG2026
21511;Puits;;NON_VALIDE;;COG2026
21512;Puligny-Montrachet;;NON_VALIDE;;COG2026
21514;Quemigny-sur-Seine;;NON_VALIDE;;COG2026
21515;Quetigny;;NON_VALIDE;;COG2026
21516;Quincerot;;NON_VALIDE;;COG2026
21517;Quincey;;NON_VALIDE;;COG2026
21518;Quincy-le-Vicomte;;NON_VALIDE;;COG2026
21519;Recey-sur-Ource;;NON_VALIDE;;COG2026
21520;Remilly-en-Montagne;;NON_VALIDE;;COG2026
21521;Remilly-sur-Tille;;NON_VALIDE;;COG2026
21522;Renève;;NON_VALIDE;;COG2026
21523;Reulle-Vergy;;NON_VALIDE;;COG2026
21524;Riel-les-Eaux;;NON_VALIDE;;COG2026
21525;La Roche-en-Brenil;;NON_VALIDE;;COG2026
21526;Rochefort-sur-Brévon;;NON_VALIDE;;COG2026
21527;La Rochepot;;NON_VALIDE;;COG2026
21528;La Roche-Vanneau;;NON_VALIDE;;COG2026
21529;Roilly;;NON_VALIDE;;COG2026
21530;Rougemont;;NON_VALIDE;;COG2026
21531;Rouvray;;NON_VALIDE;;COG2026
21532;Rouvres-en-Plaine;;NON_VALIDE;;COG2026
21533;Rouvres-sous-Meilly;;NON_VALIDE;;COG2026
21534;Ruffey-lès-Beaune;;NON_VALIDE;;COG2026
21535;Ruffey-lès-Echirey;;NON_VALIDE;;COG2026
21536;Sacquenay;;NON_VALIDE;;COG2026
21537;Saffres;;NON_VALIDE;;COG2026
21538;Saint-Andeux;;NON_VALIDE;;COG2026
21539;Saint-Anthot;;NON_VALIDE;;COG2026
21540;Saint-Apollinaire;;NON_VALIDE;;COG2026
21541;Saint-Aubin;;NON_VALIDE;;COG2026
21542;Saint-Bernard;;NON_VALIDE;;COG2026
21543;Saint-Broing-les-Moines;;NON_VALIDE;;COG2026
21544;Sainte-Colombe-en-Auxois;;NON_VALIDE;;COG2026
21545;Sainte-Colombe-sur-Seine;;NON_VALIDE;;COG2026
21546;Saint-Didier;;NON_VALIDE;;COG2026
21547;Saint-Euphrône;;NON_VALIDE;;COG2026
21548;Saint-Germain-de-Modéon;;NON_VALIDE;;COG2026
21549;Saint-Germain-le-Rocheux;;NON_VALIDE;;COG2026
21550;Saint-Germain-lès-Senailly;;NON_VALIDE;;COG2026
21552;Saint-Hélier;;NON_VALIDE;;COG2026
21553;Saint-Jean-de-Bœuf;;NON_VALIDE;;COG2026
21554;Saint-Jean-de-Losne;;NON_VALIDE;;COG2026
21555;Saint-Julien;;NON_VALIDE;;COG2026
21556;Saint-Léger-Triey;;NON_VALIDE;;COG2026
21557;Saint-Marc-sur-Seine;;NON_VALIDE;;COG2026
21558;Sainte-Marie-la-Blanche;;NON_VALIDE;;COG2026
21559;Sainte-Marie-sur-Ouche;;NON_VALIDE;;COG2026
21560;Saint-Martin-de-la-Mer;;NON_VALIDE;;COG2026
21561;Saint-Martin-du-Mont;;NON_VALIDE;;COG2026
21562;Saint-Maurice-sur-Vingeanne;;NON_VALIDE;;COG2026
21563;Saint-Mesmin;;NON_VALIDE;;COG2026
21564;Saint-Nicolas-lès-Cîteaux;;NON_VALIDE;;COG2026
21565;Saint-Philibert;;NON_VALIDE;;COG2026
21566;Saint-Pierre-en-Vaux;;NON_VALIDE;;COG2026
21567;Saint-Prix-lès-Arnay;;NON_VALIDE;;COG2026
21568;Saint-Rémy;;NON_VALIDE;;COG2026
21569;Saint-Romain;;NON_VALIDE;;COG2026
21570;Sainte-Sabine;;NON_VALIDE;;COG2026
21571;Saint-Sauveur;;NON_VALIDE;;COG2026
21572;Saint-Seine-en-Bâche;;NON_VALIDE;;COG2026
21573;Saint-Seine-l'Abbaye;;NON_VALIDE;;COG2026
21574;Saint-Seine-sur-Vingeanne;;NON_VALIDE;;COG2026
21575;Saint-Symphorien-sur-Saône;;NON_VALIDE;;COG2026
21576;Saint-Thibault;;NON_VALIDE;;COG2026
21577;Saint-Usage;;NON_VALIDE;;COG2026
21578;Saint-Victor-sur-Ouche;;NON_VALIDE;;COG2026
21579;Salives;;NON_VALIDE;;COG2026
21580;Salmaise;;NON_VALIDE;;COG2026
21581;Samerey;;NON_VALIDE;;COG2026
21582;Santenay;;NON_VALIDE;;COG2026
21583;Santosse;;NON_VALIDE;;COG2026
21584;Saulieu;;NON_VALIDE;;COG2026
21585;Saulon-la-Chapelle;;NON_VALIDE;;COG2026
21586;Saulon-la-Rue;;NON_VALIDE;;COG2026
21587;Saulx-le-Duc;;NON_VALIDE;;COG2026
21588;Saussey;;NON_VALIDE;;COG2026
21589;Saussy;;NON_VALIDE;;COG2026
21590;Savigny-lès-Beaune;;NON_VALIDE;;COG2026
21591;Savigny-le-Sec;;NON_VALIDE;;COG2026
21592;Savigny-sous-Mâlain;;NON_VALIDE;;COG2026
21593;Savilly;;NON_VALIDE;;COG2026
21594;Savoisy;;NON_VALIDE;;COG2026
21595;Savolles;;NON_VALIDE;;COG2026
21596;Savouges;;NON_VALIDE;;COG2026
21597;Segrois;;NON_VALIDE;;COG2026
21598;Seigny;;NON_VALIDE;;COG2026
21599;Selongey;;NON_VALIDE;;COG2026
21600;Semarey;;NON_VALIDE;;COG2026
21601;Semezanges;;NON_VALIDE;;COG2026
21602;Semond;;NON_VALIDE;;COG2026
21603;Semur-en-Auxois;;NON_VALIDE;;COG2026
21604;Senailly;;NON_VALIDE;;COG2026
21605;Sennecey-lès-Dijon;;NON_VALIDE;;COG2026
21606;Ladoix-Serrigny;;NON_VALIDE;;COG2026
21607;Seurre;;NON_VALIDE;;COG2026
21608;Sincey-lès-Rouvray;;NON_VALIDE;;COG2026
21609;Soirans;;NON_VALIDE;;COG2026
21610;Soissons-sur-Nacey;;NON_VALIDE;;COG2026
21611;Sombernon;;NON_VALIDE;;COG2026
21612;Souhey;;NON_VALIDE;;COG2026
21613;Soussey-sur-Brionne;;NON_VALIDE;;COG2026
21614;Spoy;;NON_VALIDE;;COG2026
21615;Sussey;;NON_VALIDE;;COG2026
21616;Tailly;;NON_VALIDE;;COG2026
21617;Talant;;NON_VALIDE;;COG2026
21618;Talmay;;NON_VALIDE;;COG2026
21619;Tanay;;NON_VALIDE;;COG2026
21620;Tarsul;;NON_VALIDE;;COG2026
21622;Tart-le-Bas;;NON_VALIDE;;COG2026
21623;Tart;;NON_VALIDE;;COG2026
21624;Tellecey;;NON_VALIDE;;COG2026
21625;Ternant;;NON_VALIDE;;COG2026
21626;Terrefondrée;;NON_VALIDE;;COG2026
21627;Thenissey;;NON_VALIDE;;COG2026
21628;Thoires;;NON_VALIDE;;COG2026
21629;Thoisy-la-Berchère;;NON_VALIDE;;COG2026
21630;Thoisy-le-Désert;;NON_VALIDE;;COG2026
21631;Thomirey;;NON_VALIDE;;COG2026
21632;Thorey-en-Plaine;;NON_VALIDE;;COG2026
21633;Thorey-sous-Charny;;NON_VALIDE;;COG2026
21634;Thorey-sur-Ouche;;NON_VALIDE;;COG2026
21635;Thoste;;NON_VALIDE;;COG2026
21636;Thury;;NON_VALIDE;;COG2026
21637;Tichey;;NON_VALIDE;;COG2026
21638;Til-Châtel;;NON_VALIDE;;COG2026
21639;Tillenay;;NON_VALIDE;;COG2026
21640;Torcy-et-Pouligny;;NON_VALIDE;;COG2026
21641;Touillon;;NON_VALIDE;;COG2026
21642;Toutry;;NON_VALIDE;;COG2026
21643;Tréclun;;NON_VALIDE;;COG2026
21644;Trochères;;NON_VALIDE;;COG2026
21645;Trouhans;;NON_VALIDE;;COG2026
21646;Trouhaut;;NON_VALIDE;;COG2026
21647;Trugny;;NON_VALIDE;;COG2026
21648;Turcey;;NON_VALIDE;;COG2026
21649;Uncey-le-Franc;;NON_VALIDE;;COG2026
21650;Urcy;;NON_VALIDE;;COG2026
21651;Val-Suzon;;NON_VALIDE;;COG2026
21652;Vandenesse-en-Auxois;;NON_VALIDE;;COG2026
21653;Vannaire;;NON_VALIDE;;COG2026
21655;Vanvey;;NON_VALIDE;;COG2026
21656;Varanges;;NON_VALIDE;;COG2026
21657;Varois-et-Chaignot;;NON_VALIDE;;COG2026
21659;Vaux-Saules;;NON_VALIDE;;COG2026
21660;Veilly;;NON_VALIDE;;COG2026
21661;Velars-sur-Ouche;;NON_VALIDE;;COG2026
21662;Velogny;;NON_VALIDE;;COG2026
21663;Venarey-les-Laumes;;NON_VALIDE;;COG2026
21664;Verdonnet;;NON_VALIDE;;COG2026
21665;Vernois-lès-Vesvres;;NON_VALIDE;;COG2026
21666;Vernot;;NON_VALIDE;;COG2026
21667;Véronnes;;NON_VALIDE;;COG2026
21669;Verrey-sous-Drée;;NON_VALIDE;;COG2026
21670;Verrey-sous-Salmaise;;NON_VALIDE;;COG2026
21671;Vertault;;NON_VALIDE;;COG2026
21672;Vesvres;;NON_VALIDE;;COG2026
21673;Veuvey-sur-Ouche;;NON_VALIDE;;COG2026
21674;Veuxhaulles-sur-Aube;;NON_VALIDE;;COG2026
21675;Vianges;;NON_VALIDE;;COG2026
21676;Vic-de-Chassenay;;NON_VALIDE;;COG2026
21677;Vic-des-Prés;;NON_VALIDE;;COG2026
21678;Vic-sous-Thil;;NON_VALIDE;;COG2026
21679;Vieilmoulin;;NON_VALIDE;;COG2026
21680;Vielverge;;NON_VALIDE;;COG2026
21681;Vieux-Château;;NON_VALIDE;;COG2026
21682;Viévigne;;NON_VALIDE;;COG2026
21683;Viévy;;NON_VALIDE;;COG2026
21684;Vignoles;;NON_VALIDE;;COG2026
21685;Villaines-en-Duesmois;;NON_VALIDE;;COG2026
21686;Villaines-les-Prévôtes;;NON_VALIDE;;COG2026
21687;Villargoix;;NON_VALIDE;;COG2026
21688;Villars-Fontaine;;NON_VALIDE;;COG2026
21689;Villars-et-Villenotte;;NON_VALIDE;;COG2026
21690;Villeberny;;NON_VALIDE;;COG2026
21691;Villebichot;;NON_VALIDE;;COG2026
21692;Villecomte;;NON_VALIDE;;COG2026
21693;Villedieu;;NON_VALIDE;;COG2026
21694;Villeferry;;NON_VALIDE;;COG2026
21695;La Villeneuve-les-Convers;;NON_VALIDE;;COG2026
21696;Villeneuve-sous-Charigny;;NON_VALIDE;;COG2026
21698;Villers-la-Faye;;NON_VALIDE;;COG2026
21699;Villers-les-Pots;;NON_VALIDE;;COG2026
21700;Villers-Patras;;NON_VALIDE;;COG2026
21701;Villers-Rotin;;NON_VALIDE;;COG2026
21702;Villey-sur-Tille;;NON_VALIDE;;COG2026
21703;Villiers-en-Morvan;;NON_VALIDE;;COG2026
21704;Villiers-le-Duc;;NON_VALIDE;;COG2026
21705;Villotte-Saint-Seine;;NON_VALIDE;;COG2026
21706;Villotte-sur-Ource;;NON_VALIDE;;COG2026
21707;Villy-en-Auxois;;NON_VALIDE;;COG2026
21708;Villy-le-Moutier;;NON_VALIDE;;COG2026
21709;Viserny;;NON_VALIDE;;COG2026
21710;Vitteaux;;NON_VALIDE;;COG2026
21711;Vix;;NON_VALIDE;;COG2026
21712;Volnay;;NON_VALIDE;;COG2026
21713;Vonges;;NON_VALIDE;;COG2026
21714;Vosne-Romanée;;NON_VALIDE;;COG2026
21715;Voudenay;;NON_VALIDE;;COG2026
21716;Vougeot;;NON_VALIDE;;COG2026
21717;Voulaines-les-Templiers;;NON_VALIDE;;COG2026
25001;Abbans-Dessous;;NON_VALIDE;;COG2026
25002;Abbans-Dessus;;NON_VALIDE;;COG2026
25003;Abbenans;;NON_VALIDE;;COG2026
25004;Abbévillers;;NON_VALIDE;;COG2026
25005;Accolans;;NON_VALIDE;;COG2026
25006;Adam-lès-Passavant;;NON_VALIDE;;COG2026
25007;Adam-lès-Vercel;;NON_VALIDE;;COG2026
25008;Aibre;;NON_VALIDE;;COG2026
25009;Aïssey;;NON_VALIDE;;COG2026
25011;Allenjoie;;NON_VALIDE;;COG2026
25012;Les Alliés;;NON_VALIDE;;COG2026
25013;Allondans;;NON_VALIDE;;COG2026
25014;Amagney;;NON_VALIDE;;COG2026
25015;Amancey;;NON_VALIDE;;COG2026
25016;Amathay-Vésigneux;;NON_VALIDE;;COG2026
25017;Amondans;;NON_VALIDE;;COG2026
25018;Anteuil;;NON_VALIDE;;COG2026
25019;Appenans;;NON_VALIDE;;COG2026
25020;Arbouans;;NON_VALIDE;;COG2026
25021;Arc-et-Senans;;NON_VALIDE;;COG2026
25022;Arcey;;NON_VALIDE;;COG2026
25024;Arçon;;NON_VALIDE;;COG2026
25025;Arc-sous-Cicon;;NON_VALIDE;;COG2026
25026;Arc-sous-Montenot;;NON_VALIDE;;COG2026
25029;Aubonne;;NON_VALIDE;;COG2026
25030;Audeux;;NON_VALIDE;;COG2026
25031;Audincourt;;NON_VALIDE;;COG2026
25032;Autechaux;;NON_VALIDE;;COG2026
25033;Autechaux-Roide;;NON_VALIDE;;COG2026
25035;Les Auxons;;NON_VALIDE;;COG2026
25036;Avanne-Aveney;;NON_VALIDE;;COG2026
25038;Avilley;;NON_VALIDE;;COG2026
25039;Avoudrey;;NON_VALIDE;;COG2026
25040;Badevel;;NON_VALIDE;;COG2026
25041;Bannans;;NON_VALIDE;;COG2026
25042;Le Barboux;;NON_VALIDE;;COG2026
25043;Bart;;NON_VALIDE;;COG2026
25044;Bartherans;;NON_VALIDE;;COG2026
25045;Battenans-les-Mines;;NON_VALIDE;;COG2026
25046;Battenans-Varin;;NON_VALIDE;;COG2026
25047;Baume-les-Dames;;NON_VALIDE;;COG2026
25048;Bavans;;NON_VALIDE;;COG2026
25049;Belfays;;NON_VALIDE;;COG2026
25050;Le Bélieu;;NON_VALIDE;;COG2026
25051;Belleherbe;;NON_VALIDE;;COG2026
25052;Belmont;;NON_VALIDE;;COG2026
25053;Belvoir;;NON_VALIDE;;COG2026
25054;Berche;;NON_VALIDE;;COG2026
25055;Berthelange;;NON_VALIDE;;COG2026
25056;Besançon;;NON_VALIDE;;COG2026
25057;Bethoncourt;;NON_VALIDE;;COG2026
25058;Beure;;NON_VALIDE;;COG2026
25059;Beutal;;NON_VALIDE;;COG2026
25060;Val-d'Usiers;;NON_VALIDE;;COG2026
25061;Bief;;NON_VALIDE;;COG2026
25062;Le Bizot;;NON_VALIDE;;COG2026
25063;Blamont;;NON_VALIDE;;COG2026
25065;Blarians;;NON_VALIDE;;COG2026
25066;Blussangeaux;;NON_VALIDE;;COG2026
25067;Blussans;;NON_VALIDE;;COG2026
25070;Bolandoz;;NON_VALIDE;;COG2026
25071;Bondeval;;NON_VALIDE;;COG2026
25072;Bonnal;;NON_VALIDE;;COG2026
25073;Bonnay;;NON_VALIDE;;COG2026
25074;Bonnétage;;NON_VALIDE;;COG2026
25075;Bonnevaux;;NON_VALIDE;;COG2026
25077;La Bosse;;NON_VALIDE;;COG2026
25078;Bouclans;;NON_VALIDE;;COG2026
25079;Boujailles;;NON_VALIDE;;COG2026
25082;Bourguignon;;NON_VALIDE;;COG2026
25083;Bournois;;NON_VALIDE;;COG2026
25084;Boussières;;NON_VALIDE;;COG2026
25085;Bouverans;;NON_VALIDE;;COG2026
25086;Braillans;;NON_VALIDE;;COG2026
25087;Branne;;NON_VALIDE;;COG2026
25088;Breconchaux;;NON_VALIDE;;COG2026
25089;Bremondans;;NON_VALIDE;;COG2026
25090;Brères;;NON_VALIDE;;COG2026
25091;Les Bréseux;;NON_VALIDE;;COG2026
25092;La Bretenière;;NON_VALIDE;;COG2026
25093;Bretigney;;NON_VALIDE;;COG2026
25094;Bretigney-Notre-Dame;;NON_VALIDE;;COG2026
25095;Bretonvillers;;NON_VALIDE;;COG2026
25096;Brey-et-Maison-du-Bois;;NON_VALIDE;;COG2026
25097;Brognard;;NON_VALIDE;;COG2026
25098;Buffard;;NON_VALIDE;;COG2026
25099;Bugny;;NON_VALIDE;;COG2026
25100;Bulle;;NON_VALIDE;;COG2026
25101;Burgille;;NON_VALIDE;;COG2026
25102;Burnevillers;;NON_VALIDE;;COG2026
25103;Busy;;NON_VALIDE;;COG2026
25104;By;;NON_VALIDE;;COG2026
25105;Byans-sur-Doubs;;NON_VALIDE;;COG2026
25106;Cademène;;NON_VALIDE;;COG2026
25107;Cendrey;;NON_VALIDE;;COG2026
25108;Cernay-l'Église;;NON_VALIDE;;COG2026
25109;Cessey;;NON_VALIDE;;COG2026
25110;Chaffois;;NON_VALIDE;;COG2026
25111;Chalèze;;NON_VALIDE;;COG2026
25112;Chalezeule;;NON_VALIDE;;COG2026
25113;Chamesey;;NON_VALIDE;;COG2026
25114;Chamesol;;NON_VALIDE;;COG2026
25115;Champagney;;NON_VALIDE;;COG2026
25116;Champlive;;NON_VALIDE;;COG2026
25117;Champoux;;NON_VALIDE;;COG2026
25119;Champvans-les-Moulins;;NON_VALIDE;;COG2026
25120;Chantrans;;NON_VALIDE;;COG2026
25121;Chapelle-des-Bois;;NON_VALIDE;;COG2026
25122;Chapelle-d'Huin;;NON_VALIDE;;COG2026
25124;Charmauvillers;;NON_VALIDE;;COG2026
25125;Charmoille;;NON_VALIDE;;COG2026
25126;Charnay;;NON_VALIDE;;COG2026
25127;Charquemont;;NON_VALIDE;;COG2026
25129;Chassagne-Saint-Denis;;NON_VALIDE;;COG2026
25130;Châteauvieux-les-Fossés;;NON_VALIDE;;COG2026
25131;Châtelblanc;;NON_VALIDE;;COG2026
25132;Châtillon-Guyotte;;NON_VALIDE;;COG2026
25133;Châtillon-le-Duc;;NON_VALIDE;;COG2026
25136;Chaucenne;;NON_VALIDE;;COG2026
25138;Les Terres-de-Chaux;;NON_VALIDE;;COG2026
25139;La Chaux;;NON_VALIDE;;COG2026
25141;Chaux-lès-Passavant;;NON_VALIDE;;COG2026
25142;Chaux-Neuve;;NON_VALIDE;;COG2026
25143;Chay;;NON_VALIDE;;COG2026
25145;Chazot;;NON_VALIDE;;COG2026
25147;Chemaudin et Vaux;;NON_VALIDE;;COG2026
25148;La Chenalotte;;NON_VALIDE;;COG2026
25149;Chenecey-Buillon;;NON_VALIDE;;COG2026
25150;Chevigney-sur-l'Ognon;;NON_VALIDE;;COG2026
25151;Chevigney-lès-Vercel;;NON_VALIDE;;COG2026
25152;La Chevillotte;;NON_VALIDE;;COG2026
25153;Chevroz;;NON_VALIDE;;COG2026
25154;Chouzelot;;NON_VALIDE;;COG2026
25155;Cléron;;NON_VALIDE;;COG2026
25156;Pays-de-Clerval;;NON_VALIDE;;COG2026
25157;La Cluse-et-Mijoux;;NON_VALIDE;;COG2026
25159;Colombier-Fontaine;;NON_VALIDE;;COG2026
25160;Les Combes;;NON_VALIDE;;COG2026
25161;Consolation-Maisonnettes;;NON_VALIDE;;COG2026
25162;Corcelles-Ferrières;;NON_VALIDE;;COG2026
25163;Corcelle-Mieslot;;NON_VALIDE;;COG2026
25164;Corcondray;;NON_VALIDE;;COG2026
25166;Côtebrune;;NON_VALIDE;;COG2026
25170;Courcelles-lès-Montbéliard;;NON_VALIDE;;COG2026
25171;Courcelles;;NON_VALIDE;;COG2026
25172;Courchapon;;NON_VALIDE;;COG2026
25173;Cour-Saint-Maurice;;NON_VALIDE;;COG2026
25174;Courtefontaine;;NON_VALIDE;;COG2026
25175;Courtetain-et-Salans;;NON_VALIDE;;COG2026
25176;Courvières;;NON_VALIDE;;COG2026
25177;Crosey-le-Grand;;NON_VALIDE;;COG2026
25178;Crosey-le-Petit;;NON_VALIDE;;COG2026
25179;Le Crouzet;;NON_VALIDE;;COG2026
25180;Crouzet-Migette;;NON_VALIDE;;COG2026
25181;Cubrial;;NON_VALIDE;;COG2026
25182;Cubry;;NON_VALIDE;;COG2026
25183;Cusance;;NON_VALIDE;;COG2026
25184;Cuse-et-Adrisans;;NON_VALIDE;;COG2026
25185;Cussey-sur-Lison;;NON_VALIDE;;COG2026
25186;Cussey-sur-l'Ognon;;NON_VALIDE;;COG2026
25187;Dambelin;;NON_VALIDE;;COG2026
25188;Dambenois;;NON_VALIDE;;COG2026
25189;Dammartin-les-Templiers;;NON_VALIDE;;COG2026
25190;Dampierre-les-Bois;;NON_VALIDE;;COG2026
25191;Dampierre-sur-le-Doubs;;NON_VALIDE;;COG2026
25192;Dampjoux;;NON_VALIDE;;COG2026
25193;Damprichard;;NON_VALIDE;;COG2026
25194;Dannemarie;;NON_VALIDE;;COG2026
25195;Dannemarie-sur-Crète;;NON_VALIDE;;COG2026
25196;Dasle;;NON_VALIDE;;COG2026
25197;Deluz;;NON_VALIDE;;COG2026
25198;Désandans;;NON_VALIDE;;COG2026
25199;Déservillers;;NON_VALIDE;;COG2026
25200;Devecey;;NON_VALIDE;;COG2026
25201;Dommartin;;NON_VALIDE;;COG2026
25202;Dompierre-les-Tilleuls;;NON_VALIDE;;COG2026
25203;Domprel;;NON_VALIDE;;COG2026
25204;Doubs;;NON_VALIDE;;COG2026
25207;Dung;;NON_VALIDE;;COG2026
25208;Durnes;;NON_VALIDE;;COG2026
25209;Échay;;NON_VALIDE;;COG2026
25210;Échenans;;NON_VALIDE;;COG2026
25211;Échevannes;;NON_VALIDE;;COG2026
25212;École-Valentin;;NON_VALIDE;;COG2026
25213;Les Écorces;;NON_VALIDE;;COG2026
25214;Écot;;NON_VALIDE;;COG2026
25215;L'Écouvotte;;NON_VALIDE;;COG2026
25216;Écurcey;;NON_VALIDE;;COG2026
25217;Émagny;;NON_VALIDE;;COG2026
25218;Épenouse;;NON_VALIDE;;COG2026
25219;Épenoy;;NON_VALIDE;;COG2026
25220;Épeugney;;NON_VALIDE;;COG2026
25221;Esnans;;NON_VALIDE;;COG2026
25222;Étalans;;NON_VALIDE;;COG2026
25223;Éternoz-Vallée-du-Lison;;NON_VALIDE;;COG2026
25224;Étouvans;;NON_VALIDE;;COG2026
25225;Étrabonne;;NON_VALIDE;;COG2026
25226;Étrappe;;NON_VALIDE;;COG2026
25227;Étray;;NON_VALIDE;;COG2026
25228;Étupes;;NON_VALIDE;;COG2026
25229;Évillers;;NON_VALIDE;;COG2026
25230;Exincourt;;NON_VALIDE;;COG2026
25231;Eysson;;NON_VALIDE;;COG2026
25232;Faimbe;;NON_VALIDE;;COG2026
25233;Fallerans;;NON_VALIDE;;COG2026
25234;Ferrières-le-Lac;;NON_VALIDE;;COG2026
25235;Ferrières-les-Bois;;NON_VALIDE;;COG2026
25236;Fertans;;NON_VALIDE;;COG2026
25237;Fesches-le-Châtel;;NON_VALIDE;;COG2026
25238;Fessevillers;;NON_VALIDE;;COG2026
25239;Feule;;NON_VALIDE;;COG2026
25240;Les Fins;;NON_VALIDE;;COG2026
25241;Flagey;;NON_VALIDE;;COG2026
25242;Flagey-Rigney;;NON_VALIDE;;COG2026
25243;Flangebouche;;NON_VALIDE;;COG2026
25244;Fleurey;;NON_VALIDE;;COG2026
25245;Fontain;;NON_VALIDE;;COG2026
25246;Fontaine-lès-Clerval;;NON_VALIDE;;COG2026
25247;Fontenelle-Montby;;NON_VALIDE;;COG2026
25248;Les Fontenelles;;NON_VALIDE;;COG2026
25249;Fontenotte;;NON_VALIDE;;COG2026
25251;Fourbanne;;NON_VALIDE;;COG2026
25252;Fourcatier-et-Maison-Neuve;;NON_VALIDE;;COG2026
25253;Fourg;;NON_VALIDE;;COG2026
25254;Les Fourgs;;NON_VALIDE;;COG2026
25255;Fournet-Blancheroche;;NON_VALIDE;;COG2026
25256;Frambouhans;;NON_VALIDE;;COG2026
25257;Franey;;NON_VALIDE;;COG2026
25258;Franois;;NON_VALIDE;;COG2026
25259;Frasne;;NON_VALIDE;;COG2026
25261;Froidevaux;;NON_VALIDE;;COG2026
25262;Fuans;;NON_VALIDE;;COG2026
25263;Gellin;;NON_VALIDE;;COG2026
25264;Gémonval;;NON_VALIDE;;COG2026
25265;Geneuille;;NON_VALIDE;;COG2026
25266;Geney;;NON_VALIDE;;COG2026
25267;Gennes;;NON_VALIDE;;COG2026
25268;Germéfontaine;;NON_VALIDE;;COG2026
25269;Germondans;;NON_VALIDE;;COG2026
25270;Gevresin;;NON_VALIDE;;COG2026
25271;Gilley;;NON_VALIDE;;COG2026
25273;Glamondans;;NON_VALIDE;;COG2026
25274;Glay;;NON_VALIDE;;COG2026
25275;Glère;;NON_VALIDE;;COG2026
25276;Gondenans-Montby;;NON_VALIDE;;COG2026
25277;Gondenans-les-Moulins;;NON_VALIDE;;COG2026
25278;Gonsans;;NON_VALIDE;;COG2026
25279;Gouhelans;;NON_VALIDE;;COG2026
25280;Goumois;;NON_VALIDE;;COG2026
25281;Goux-lès-Dambelin;;NON_VALIDE;;COG2026
25283;Goux-sous-Landet;;NON_VALIDE;;COG2026
25284;Grand-Charmont;;NON_VALIDE;;COG2026
25285;Grand'Combe-Châteleu;;NON_VALIDE;;COG2026
25286;Grand'Combe-des-Bois;;NON_VALIDE;;COG2026
25287;Grandfontaine;;NON_VALIDE;;COG2026
25288;Fournets-Luisans;;NON_VALIDE;;COG2026
25289;Grandfontaine-sur-Creuse;;NON_VALIDE;;COG2026
25290;La Grange;;NON_VALIDE;;COG2026
25293;Granges-Narboz;;NON_VALIDE;;COG2026
25295;Les Grangettes;;NON_VALIDE;;COG2026
25296;Les Gras;;NON_VALIDE;;COG2026
25298;Grosbois;;NON_VALIDE;;COG2026
25299;Guillon-les-Bains;;NON_VALIDE;;COG2026
25300;Guyans-Durnes;;NON_VALIDE;;COG2026
25301;Guyans-Vennes;;NON_VALIDE;;COG2026
25304;Hérimoncourt;;NON_VALIDE;;COG2026
25305;L'Hôpital-du-Grosbois;;NON_VALIDE;;COG2026
25306;L'Hôpital-Saint-Lieffroy;;NON_VALIDE;;COG2026
25307;Les Hôpitaux-Neufs;;NON_VALIDE;;COG2026
25308;Les Hôpitaux-Vieux;;NON_VALIDE;;COG2026
25309;Houtaud;;NON_VALIDE;;COG2026
25310;Huanne-Montmartin;;NON_VALIDE;;COG2026
25311;Hyémondans;;NON_VALIDE;;COG2026
25312;Hyèvre-Magny;;NON_VALIDE;;COG2026
25313;Hyèvre-Paroisse;;NON_VALIDE;;COG2026
25314;Indevillers;;NON_VALIDE;;COG2026
25315;L'Isle-sur-le-Doubs;;NON_VALIDE;;COG2026
25316;Issans;;NON_VALIDE;;COG2026
25317;Jallerange;;NON_VALIDE;;COG2026
25318;Jougne;;NON_VALIDE;;COG2026
25320;Labergement-Sainte-Marie;;NON_VALIDE;;COG2026
25321;Villers-le-Lac;;NON_VALIDE;;COG2026
25322;Laire;;NON_VALIDE;;COG2026
25323;Laissey;;NON_VALIDE;;COG2026
25324;Lanans;;NON_VALIDE;;COG2026
25325;Landresse;;NON_VALIDE;;COG2026
25326;Lantenne-Vertière;;NON_VALIDE;;COG2026
25327;Lanthenans;;NON_VALIDE;;COG2026
25328;Larnod;;NON_VALIDE;;COG2026
25329;Laval-le-Prieuré;;NON_VALIDE;;COG2026
25330;Lavans-Quingey;;NON_VALIDE;;COG2026
25331;Lavans-Vuillafans;;NON_VALIDE;;COG2026
25332;Lavernay;;NON_VALIDE;;COG2026
25333;Laviron;;NON_VALIDE;;COG2026
25334;Levier;;NON_VALIDE;;COG2026
25335;Liebvillers;;NON_VALIDE;;COG2026
25336;Liesle;;NON_VALIDE;;COG2026
25338;Lizine;;NON_VALIDE;;COG2026
25339;Lods;;NON_VALIDE;;COG2026
25340;Lombard;;NON_VALIDE;;COG2026
25341;Lomont-sur-Crête;;NON_VALIDE;;COG2026
25342;Longechaux;;NON_VALIDE;;COG2026
25343;Longemaison;;NON_VALIDE;;COG2026
25344;Longevelle-lès-Russey;;NON_VALIDE;;COG2026
25345;Longevelle-sur-Doubs;;NON_VALIDE;;COG2026
25346;Longeville;;NON_VALIDE;;COG2026
25348;Longevilles-Mont-d'Or;;NON_VALIDE;;COG2026
25349;Loray;;NON_VALIDE;;COG2026
25350;Lougres;;NON_VALIDE;;COG2026
25351;Le Luhier;;NON_VALIDE;;COG2026
25354;Luxiol;;NON_VALIDE;;COG2026
25355;Magny-Châtelard;;NON_VALIDE;;COG2026
25356;Maîche;;NON_VALIDE;;COG2026
25357;Maisons-du-Bois-Lièvremont;;NON_VALIDE;;COG2026
25359;Malans;;NON_VALIDE;;COG2026
25360;Malbrans;;NON_VALIDE;;COG2026
25361;Malbuisson;;NON_VALIDE;;COG2026
25362;Malpas;;NON_VALIDE;;COG2026
25364;Mamirolle;;NON_VALIDE;;COG2026
25365;Mancenans;;NON_VALIDE;;COG2026
25366;Mancenans-Lizerne;;NON_VALIDE;;COG2026
25367;Mandeure;;NON_VALIDE;;COG2026
25368;Marchaux-Chaudefontaine;;NON_VALIDE;;COG2026
25369;Marvelise;;NON_VALIDE;;COG2026
25370;Mathay;;NON_VALIDE;;COG2026
25371;Mazerolles-le-Salin;;NON_VALIDE;;COG2026
25372;Médière;;NON_VALIDE;;COG2026
25373;Le Mémont;;NON_VALIDE;;COG2026
25374;Mercey-le-Grand;;NON_VALIDE;;COG2026
25375;Les Monts-Ronds;;NON_VALIDE;;COG2026
25376;Mérey-Vieilley;;NON_VALIDE;;COG2026
25377;Mésandans;;NON_VALIDE;;COG2026
25378;Meslières;;NON_VALIDE;;COG2026
25379;Mesmay;;NON_VALIDE;;COG2026
25380;Métabief;;NON_VALIDE;;COG2026
25381;Miserey-Salines;;NON_VALIDE;;COG2026
25382;Moncey;;NON_VALIDE;;COG2026
25383;Moncley;;NON_VALIDE;;COG2026
25384;Mondon;;NON_VALIDE;;COG2026
25385;Montagney-Servigney;;NON_VALIDE;;COG2026
25386;Montancy;;NON_VALIDE;;COG2026
25387;Montandon;;NON_VALIDE;;COG2026
25388;Montbéliard;;NON_VALIDE;;COG2026
25389;Montbéliardot;;NON_VALIDE;;COG2026
25390;Pays-de-Montbenoît;;NON_VALIDE;;COG2026
25391;Mont-de-Laval;;NON_VALIDE;;COG2026
25392;Mont-de-Vougney;;NON_VALIDE;;COG2026
25393;Montécheroux;;NON_VALIDE;;COG2026
25394;Montenois;;NON_VALIDE;;COG2026
25395;Montfaucon;;NON_VALIDE;;COG2026
25397;Montferrand-le-Château;;NON_VALIDE;;COG2026
25400;Montgesoye;;NON_VALIDE;;COG2026
25401;Montivernage;;NON_VALIDE;;COG2026
25402;Montjoie-le-Château;;NON_VALIDE;;COG2026
25403;Montlebon;;NON_VALIDE;;COG2026
25404;Montmahoux;;NON_VALIDE;;COG2026
25405;Montperreux;;NON_VALIDE;;COG2026
25406;Montrond-le-Château;;NON_VALIDE;;COG2026
25408;Montussaint;;NON_VALIDE;;COG2026
25410;Morre;;NON_VALIDE;;COG2026
25411;Morteau;;NON_VALIDE;;COG2026
25413;Mouthe;;NON_VALIDE;;COG2026
25414;Le Moutherot;;NON_VALIDE;;COG2026
25415;Mouthier-Haute-Pierre;;NON_VALIDE;;COG2026
25416;Myon;;NON_VALIDE;;COG2026
25417;Naisey-les-Granges;;NON_VALIDE;;COG2026
25418;Nancray;;NON_VALIDE;;COG2026
25419;Nans;;NON_VALIDE;;COG2026
25420;Nans-sous-Sainte-Anne;;NON_VALIDE;;COG2026
25421;Narbief;;NON_VALIDE;;COG2026
25422;Neuchâtel-Urtière;;NON_VALIDE;;COG2026
25424;Les Premiers Sapins;;NON_VALIDE;;COG2026
25425;Noël-Cerneux;;NON_VALIDE;;COG2026
25426;Noirefontaine;;NON_VALIDE;;COG2026
25427;Noironte;;NON_VALIDE;;COG2026
25428;Nommay;;NON_VALIDE;;COG2026
25429;Novillars;;NON_VALIDE;;COG2026
25430;Ollans;;NON_VALIDE;;COG2026
25431;Onans;;NON_VALIDE;;COG2026
25432;Orchamps-Vennes;;NON_VALIDE;;COG2026
25433;Orgeans-Blanchefontaine;;NON_VALIDE;;COG2026
25434;Ornans;;NON_VALIDE;;COG2026
25435;Orsans;;NON_VALIDE;;COG2026
25436;Orve;;NON_VALIDE;;COG2026
25437;Osse;;NON_VALIDE;;COG2026
25438;Osselle-Routelle;;NON_VALIDE;;COG2026
25439;Ougney-Douvot;;NON_VALIDE;;COG2026
25440;Ouhans;;NON_VALIDE;;COG2026
25441;Ouvans;;NON_VALIDE;;COG2026
25442;Oye-et-Pallet;;NON_VALIDE;;COG2026
25443;Palantine;;NON_VALIDE;;COG2026
25444;Palise;;NON_VALIDE;;COG2026
25445;Paroy;;NON_VALIDE;;COG2026
25446;Passavant;;NON_VALIDE;;COG2026
25447;Passonfontaine;;NON_VALIDE;;COG2026
25448;Pelousey;;NON_VALIDE;;COG2026
25449;Péseux;;NON_VALIDE;;COG2026
25450;Pessans;;NON_VALIDE;;COG2026
25451;Petite-Chaux;;NON_VALIDE;;COG2026
25452;Pierrefontaine-lès-Blamont;;NON_VALIDE;;COG2026
25453;Pierrefontaine-les-Varans;;NON_VALIDE;;COG2026
25454;Pirey;;NON_VALIDE;;COG2026
25455;Placey;;NON_VALIDE;;COG2026
25456;Plaimbois-du-Miroir;;NON_VALIDE;;COG2026
25457;Plaimbois-Vennes;;NON_VALIDE;;COG2026
25458;Les Plains-et-Grands-Essarts;;NON_VALIDE;;COG2026
25459;La Planée;;NON_VALIDE;;COG2026
25460;Le Val;;NON_VALIDE;;COG2026
25461;Pompierre-sur-Doubs;;NON_VALIDE;;COG2026
25462;Pontarlier;;NON_VALIDE;;COG2026
25463;Pont-de-Roide-Vermondans;;NON_VALIDE;;COG2026
25464;Les Pontets;;NON_VALIDE;;COG2026
25465;Pont-les-Moulins;;NON_VALIDE;;COG2026
25466;Pouilley-Français;;NON_VALIDE;;COG2026
25467;Pouilley-les-Vignes;;NON_VALIDE;;COG2026
25468;Pouligney-Lusans;;NON_VALIDE;;COG2026
25469;Présentevillers;;NON_VALIDE;;COG2026
25470;La Prétière;;NON_VALIDE;;COG2026
25471;Provenchère;;NON_VALIDE;;COG2026
25472;Puessans;;NON_VALIDE;;COG2026
25473;Pugey;;NON_VALIDE;;COG2026
25474;Le Puy;;NON_VALIDE;;COG2026
25475;Quingey;;NON_VALIDE;;COG2026
25476;Rahon;;NON_VALIDE;;COG2026
25477;Rancenay;;NON_VALIDE;;COG2026
25478;Randevillers;;NON_VALIDE;;COG2026
25479;Rang;;NON_VALIDE;;COG2026
25481;Raynans;;NON_VALIDE;;COG2026
25482;Recologne;;NON_VALIDE;;COG2026
25483;Reculfoz;;NON_VALIDE;;COG2026
25485;Rémondans-Vaivre;;NON_VALIDE;;COG2026
25486;Remoray-Boujeons;;NON_VALIDE;;COG2026
25487;Renédale;;NON_VALIDE;;COG2026
25488;Rennes-sur-Loue;;NON_VALIDE;;COG2026
25489;Reugney;;NON_VALIDE;;COG2026
25490;Rigney;;NON_VALIDE;;COG2026
25491;Rignosot;;NON_VALIDE;;COG2026
25492;Rillans;;NON_VALIDE;;COG2026
25493;La Rivière-Drugeon;;NON_VALIDE;;COG2026
25494;Rochejean;;NON_VALIDE;;COG2026
25495;Roche-lez-Beaupré;;NON_VALIDE;;COG2026
25496;Roche-lès-Clerval;;NON_VALIDE;;COG2026
25497;Roches-lès-Blamont;;NON_VALIDE;;COG2026
25498;Rognon;;NON_VALIDE;;COG2026
25499;Romain;;NON_VALIDE;;COG2026
25500;Ronchaux;;NON_VALIDE;;COG2026
25501;Rondefontaine;;NON_VALIDE;;COG2026
25502;Roset-Fluans;;NON_VALIDE;;COG2026
25503;Rosières-sur-Barbèche;;NON_VALIDE;;COG2026
25504;Rosureux;;NON_VALIDE;;COG2026
25505;Rougemont;;NON_VALIDE;;COG2026
25506;Rougemontot;;NON_VALIDE;;COG2026
25507;Rouhe;;NON_VALIDE;;COG2026
25508;Roulans;;NON_VALIDE;;COG2026
25510;Ruffey-le-Château;;NON_VALIDE;;COG2026
25511;Rurey;;NON_VALIDE;;COG2026
25512;Le Russey;;NON_VALIDE;;COG2026
25513;Sainte-Anne;;NON_VALIDE;;COG2026
25514;Saint-Antoine;;NON_VALIDE;;COG2026
25515;Sainte-Colombe;;NON_VALIDE;;COG2026
25516;Saint-Georges-Armont;;NON_VALIDE;;COG2026
25517;Saint-Gorgon-Main;;NON_VALIDE;;COG2026
25518;Saint-Hilaire;;NON_VALIDE;;COG2026
25519;Saint-Hippolyte;;NON_VALIDE;;COG2026
25520;Saint-Juan;;NON_VALIDE;;COG2026
25521;Saint-Julien-lès-Montbéliard;;NON_VALIDE;;COG2026
25522;Saint-Julien-lès-Russey;;NON_VALIDE;;COG2026
25523;Sainte-Marie;;NON_VALIDE;;COG2026
25524;Saint-Maurice-Colombier;;NON_VALIDE;;COG2026
25525;Saint-Point-Lac;;NON_VALIDE;;COG2026
25526;Sainte-Suzanne;;NON_VALIDE;;COG2026
25527;Saint-Vit;;NON_VALIDE;;COG2026
25528;Samson;;NON_VALIDE;;COG2026
25529;Sancey;;NON_VALIDE;;COG2026
25532;Saône;;NON_VALIDE;;COG2026
25534;Sarrageois;;NON_VALIDE;;COG2026
25535;Saules;;NON_VALIDE;;COG2026
25536;Sauvagney;;NON_VALIDE;;COG2026
25537;Scey-Maisières;;NON_VALIDE;;COG2026
25538;Séchin;;NON_VALIDE;;COG2026
25539;Seloncourt;;NON_VALIDE;;COG2026
25540;Semondans;;NON_VALIDE;;COG2026
25541;Septfontaines;;NON_VALIDE;;COG2026
25542;Serre-les-Sapins;;NON_VALIDE;;COG2026
25544;Servin;;NON_VALIDE;;COG2026
25545;Silley-Amancey;;NON_VALIDE;;COG2026
25546;Silley-Bléfond;;NON_VALIDE;;COG2026
25547;Sochaux;;NON_VALIDE;;COG2026
25548;Solemont;;NON_VALIDE;;COG2026
25550;La Sommette;;NON_VALIDE;;COG2026
25551;Soulce-Cernay;;NON_VALIDE;;COG2026
25552;Sourans;;NON_VALIDE;;COG2026
25553;Soye;;NON_VALIDE;;COG2026
25554;Surmont;;NON_VALIDE;;COG2026
25555;Taillecourt;;NON_VALIDE;;COG2026
25556;Tallans;;NON_VALIDE;;COG2026
25557;Tallenay;;NON_VALIDE;;COG2026
25558;Tarcenay-Foucherans;;NON_VALIDE;;COG2026
25559;Thiébouhans;;NON_VALIDE;;COG2026
25560;Thise;;NON_VALIDE;;COG2026
25561;Thoraise;;NON_VALIDE;;COG2026
25562;Thulay;;NON_VALIDE;;COG2026
25563;Thurey-le-Mont;;NON_VALIDE;;COG2026
25564;Torpes;;NON_VALIDE;;COG2026
25565;Touillon-et-Loutelet;;NON_VALIDE;;COG2026
25566;La Tour-de-Sçay;;NON_VALIDE;;COG2026
25567;Tournans;;NON_VALIDE;;COG2026
25569;Trépot;;NON_VALIDE;;COG2026
25570;Tressandans;;NON_VALIDE;;COG2026
25571;Trévillers;;NON_VALIDE;;COG2026
25572;Trouvans;;NON_VALIDE;;COG2026
25573;Urtière;;NON_VALIDE;;COG2026
25574;Uzelle;;NON_VALIDE;;COG2026
25575;Vaire;;NON_VALIDE;;COG2026
25578;Valdahon;;NON_VALIDE;;COG2026
25579;Val-de-Roulans;;NON_VALIDE;;COG2026
25580;Valentigney;;NON_VALIDE;;COG2026
25582;Valleroy;;NON_VALIDE;;COG2026
25583;Valonne;;NON_VALIDE;;COG2026
25584;Valoreille;;NON_VALIDE;;COG2026
25586;Vandoncourt;;NON_VALIDE;;COG2026
25588;Vaucluse;;NON_VALIDE;;COG2026
25589;Vauclusotte;;NON_VALIDE;;COG2026
25590;Vaudrivillers;;NON_VALIDE;;COG2026
25591;Vaufrey;;NON_VALIDE;;COG2026
25592;Vaux-et-Chantegrue;;NON_VALIDE;;COG2026
25594;Velesmes-Essarts;;NON_VALIDE;;COG2026
25595;Vellerot-lès-Belvoir;;NON_VALIDE;;COG2026
25596;Vellerot-lès-Vercel;;NON_VALIDE;;COG2026
25597;Vellevans;;NON_VALIDE;;COG2026
25598;Venise;;NON_VALIDE;;COG2026
25599;Vennans;;NON_VALIDE;;COG2026
25600;Vennes;;NON_VALIDE;;COG2026
25601;Vercel-Villedieu-le-Camp;;NON_VALIDE;;COG2026
25602;Vergranne;;NON_VALIDE;;COG2026
25604;Verne;;NON_VALIDE;;COG2026
25605;Vernierfontaine;;NON_VALIDE;;COG2026
25607;Vernois-lès-Belvoir;;NON_VALIDE;;COG2026
25608;Le Vernoy;;NON_VALIDE;;COG2026
25609;Verrières-de-Joux;;NON_VALIDE;;COG2026
25611;La Vèze;;NON_VALIDE;;COG2026
25612;Vieilley;;NON_VALIDE;;COG2026
25613;Viéthorey;;NON_VALIDE;;COG2026
25614;Vieux-Charmont;;NON_VALIDE;;COG2026
25615;Villars-lès-Blamont;;NON_VALIDE;;COG2026
25616;Villars-Saint-Georges;;NON_VALIDE;;COG2026
25617;Villars-sous-Dampjoux;;NON_VALIDE;;COG2026
25618;Villars-sous-Écot;;NON_VALIDE;;COG2026
25619;Les Villedieu;;NON_VALIDE;;COG2026
25621;Villeneuve-d'Amont;;NON_VALIDE;;COG2026
25622;Villers-Buzon;;NON_VALIDE;;COG2026
25623;Villers-Chief;;NON_VALIDE;;COG2026
25624;Villers-Grélot;;NON_VALIDE;;COG2026
25625;Villers-la-Combe;;NON_VALIDE;;COG2026
25626;Villers-Saint-Martin;;NON_VALIDE;;COG2026
25627;Villers-sous-Chalamont;;NON_VALIDE;;COG2026
25629;Voillans;;NON_VALIDE;;COG2026
25630;Voires;;NON_VALIDE;;COG2026
25631;Vorges-les-Pins;;NON_VALIDE;;COG2026
25632;Voujeaucourt;;NON_VALIDE;;COG2026
25633;Vuillafans;;NON_VALIDE;;COG2026
25634;Vuillecin;;NON_VALIDE;;COG2026
25635;Vyt-lès-Belvoir;;NON_VALIDE;;COG2026
39001;Abergement-la-Ronce;;NON_VALIDE;;COG2026
39002;Abergement-le-Grand;;NON_VALIDE;;COG2026
39003;Abergement-le-Petit;;NON_VALIDE;;COG2026
39004;Abergement-lès-Thésy;;NON_VALIDE;;COG2026
39006;Aiglepierre;;NON_VALIDE;;COG2026
39007;Alièze;;NON_VALIDE;;COG2026
39008;Amange;;NON_VALIDE;;COG2026
39009;Andelot-en-Montagne;;NON_VALIDE;;COG2026
39010;Andelot-Morval;;NON_VALIDE;;COG2026
39011;Annoire;;NON_VALIDE;;COG2026
39013;Arbois;;NON_VALIDE;;COG2026
39014;Archelange;;NON_VALIDE;;COG2026
39015;Ardon;;NON_VALIDE;;COG2026
39016;Arinthod;;NON_VALIDE;;COG2026
39017;Arlay;;NON_VALIDE;;COG2026
39018;Aromas;;NON_VALIDE;;COG2026
39019;Les Arsures;;NON_VALIDE;;COG2026
39020;Arsure-Arsurette;;NON_VALIDE;;COG2026
39021;La Chailleuse;;NON_VALIDE;;COG2026
39022;Asnans-Beauvoisin;;NON_VALIDE;;COG2026
39024;Audelange;;NON_VALIDE;;COG2026
39025;Augea;;NON_VALIDE;;COG2026
39026;Augerans;;NON_VALIDE;;COG2026
39027;Augisey;;NON_VALIDE;;COG2026
39028;Aumont;;NON_VALIDE;;COG2026
39029;Aumur;;NON_VALIDE;;COG2026
39030;Authume;;NON_VALIDE;;COG2026
39031;Auxange;;NON_VALIDE;;COG2026
39032;Avignon-lès-Saint-Claude;;NON_VALIDE;;COG2026
39034;Balaiseaux;;NON_VALIDE;;COG2026
39035;Balanod;;NON_VALIDE;;COG2026
39037;Bans;;NON_VALIDE;;COG2026
39038;Barésia-sur-l'Ain;;NON_VALIDE;;COG2026
39039;La Barre;;NON_VALIDE;;COG2026
39040;Barretaine;;NON_VALIDE;;COG2026
39041;Baume-les-Messieurs;;NON_VALIDE;;COG2026
39042;Baverans;;NON_VALIDE;;COG2026
39043;Beaufort-Orbagna;;NON_VALIDE;;COG2026
39045;Beffia;;NON_VALIDE;;COG2026
39046;Bellecombe;;NON_VALIDE;;COG2026
39047;Bellefontaine;;NON_VALIDE;;COG2026
39048;Belmont;;NON_VALIDE;;COG2026
39049;Bersaillin;;NON_VALIDE;;COG2026
39050;Besain;;NON_VALIDE;;COG2026
39051;Biarne;;NON_VALIDE;;COG2026
39052;Bief-des-Maisons;;NON_VALIDE;;COG2026
39053;Bief-du-Fourg;;NON_VALIDE;;COG2026
39054;Biefmorin;;NON_VALIDE;;COG2026
39055;Billecul;;NON_VALIDE;;COG2026
39056;Bletterans;;NON_VALIDE;;COG2026
39057;Blois-sur-Seille;;NON_VALIDE;;COG2026
39058;Blye;;NON_VALIDE;;COG2026
39059;Bois-d'Amont;;NON_VALIDE;;COG2026
39060;Bois-de-Gand;;NON_VALIDE;;COG2026
39061;Boissia;;NON_VALIDE;;COG2026
39062;La Boissière;;NON_VALIDE;;COG2026
39063;Bonlieu;;NON_VALIDE;;COG2026
39065;Bonnefontaine;;NON_VALIDE;;COG2026
39066;Bornay;;NON_VALIDE;;COG2026
39068;Les Bouchoux;;NON_VALIDE;;COG2026
39070;Bourg-de-Sirod;;NON_VALIDE;;COG2026
39072;Bracon;;NON_VALIDE;;COG2026
39073;Brainans;;NON_VALIDE;;COG2026
39074;Brans;;NON_VALIDE;;COG2026
39076;La Bretenière;;NON_VALIDE;;COG2026
39077;Bretenières;;NON_VALIDE;;COG2026
39078;Brevans;;NON_VALIDE;;COG2026
39079;Briod;;NON_VALIDE;;COG2026
39080;Broissia;;NON_VALIDE;;COG2026
39081;Buvilly;;NON_VALIDE;;COG2026
39083;Censeau;;NON_VALIDE;;COG2026
39084;Cernans;;NON_VALIDE;;COG2026
39085;Cerniébaud;;NON_VALIDE;;COG2026
39086;Cernon;;NON_VALIDE;;COG2026
39088;Cesancey;;NON_VALIDE;;COG2026
39090;Chaînée-des-Coupis;;NON_VALIDE;;COG2026
39091;Les Chalesmes;;NON_VALIDE;;COG2026
39092;Chambéria;;NON_VALIDE;;COG2026
39093;Chamblay;;NON_VALIDE;;COG2026
39094;Chamole;;NON_VALIDE;;COG2026
39095;Champagne-sur-Loue;;NON_VALIDE;;COG2026
39096;Champagney;;NON_VALIDE;;COG2026
39097;Champagnole;;NON_VALIDE;;COG2026
39099;Champdivers;;NON_VALIDE;;COG2026
39100;Champrougier;;NON_VALIDE;;COG2026
39101;Champvans;;NON_VALIDE;;COG2026
39102;Chancia;;NON_VALIDE;;COG2026
39103;La Chapelle-sur-Furieuse;;NON_VALIDE;;COG2026
39104;Chapelle-Voland;;NON_VALIDE;;COG2026
39105;Chapois;;NON_VALIDE;;COG2026
39106;Charchilla;;NON_VALIDE;;COG2026
39107;Charcier;;NON_VALIDE;;COG2026
39108;Charency;;NON_VALIDE;;COG2026
39109;Charézier;;NON_VALIDE;;COG2026
39110;La Charme;;NON_VALIDE;;COG2026
39111;Charnod;;NON_VALIDE;;COG2026
39112;La Chassagne;;NON_VALIDE;;COG2026
39114;Château-Chalon;;NON_VALIDE;;COG2026
39116;La Châtelaine;;NON_VALIDE;;COG2026
39117;Chatelay;;NON_VALIDE;;COG2026
39118;Châtel-de-Joux;;NON_VALIDE;;COG2026
39119;Le Chateley;;NON_VALIDE;;COG2026
39120;Châtelneuf;;NON_VALIDE;;COG2026
39121;Châtenois;;NON_VALIDE;;COG2026
39122;Châtillon;;NON_VALIDE;;COG2026
39124;Chaumergy;;NON_VALIDE;;COG2026
39126;La Chaumusse;;NON_VALIDE;;COG2026
39127;Chaussenans;;NON_VALIDE;;COG2026
39128;Chaussin;;NON_VALIDE;;COG2026
39129;Chaux-des-Crotenay;;NON_VALIDE;;COG2026
39130;Nanchez;;NON_VALIDE;;COG2026
39131;La Chaux-du-Dombief;;NON_VALIDE;;COG2026
39132;La Chaux-en-Bresse;;NON_VALIDE;;COG2026
39133;Chaux-Champagny;;NON_VALIDE;;COG2026
39134;Chavéria;;NON_VALIDE;;COG2026
39136;Chemenot;;NON_VALIDE;;COG2026
39137;Saint-Hymetière-sur-Valouse;;NON_VALIDE;;COG2026
39138;Chemin;;NON_VALIDE;;COG2026
39139;Chêne-Bernard;;NON_VALIDE;;COG2026
39140;Chêne-Sec;;NON_VALIDE;;COG2026
39141;Chevigny;;NON_VALIDE;;COG2026
39142;Chevreaux;;NON_VALIDE;;COG2026
39143;Chevrotaine;;NON_VALIDE;;COG2026
39145;Chille;;NON_VALIDE;;COG2026
39146;Chilly-le-Vignoble;;NON_VALIDE;;COG2026
39147;Chilly-sur-Salins;;NON_VALIDE;;COG2026
39149;Chissey-sur-Loue;;NON_VALIDE;;COG2026
39150;Choisey;;NON_VALIDE;;COG2026
39151;Choux;;NON_VALIDE;;COG2026
39153;Cize;;NON_VALIDE;;COG2026
39154;Clairvaux-les-Lacs;;NON_VALIDE;;COG2026
39155;Clucy;;NON_VALIDE;;COG2026
39156;Cogna;;NON_VALIDE;;COG2026
39157;Coiserette;;NON_VALIDE;;COG2026
39159;Colonne;;NON_VALIDE;;COG2026
39160;Commenailles;;NON_VALIDE;;COG2026
39162;Condamine;;NON_VALIDE;;COG2026
39163;Condes;;NON_VALIDE;;COG2026
39164;Conliège;;NON_VALIDE;;COG2026
39165;Conte;;NON_VALIDE;;COG2026
39166;Cornod;;NON_VALIDE;;COG2026
39167;Cosges;;NON_VALIDE;;COG2026
39168;Courbette;;NON_VALIDE;;COG2026
39169;Courbouzon;;NON_VALIDE;;COG2026
39170;Courlans;;NON_VALIDE;;COG2026
39171;Courlaoux;;NON_VALIDE;;COG2026
39172;Courtefontaine;;NON_VALIDE;;COG2026
39173;Cousance;;NON_VALIDE;;COG2026
39174;Coyrière;;NON_VALIDE;;COG2026
39175;Coyron;;NON_VALIDE;;COG2026
39176;Cramans;;NON_VALIDE;;COG2026
39177;Hauteroche;;NON_VALIDE;;COG2026
39178;Crans;;NON_VALIDE;;COG2026
39179;Crenans;;NON_VALIDE;;COG2026
39180;Cressia;;NON_VALIDE;;COG2026
39182;Crissey;;NON_VALIDE;;COG2026
39183;Crotenay;;NON_VALIDE;;COG2026
39184;Les Crozets;;NON_VALIDE;;COG2026
39185;Cuisia;;NON_VALIDE;;COG2026
39187;Cuvier;;NON_VALIDE;;COG2026
39188;Dammartin-Marpain;;NON_VALIDE;;COG2026
39189;Damparis;;NON_VALIDE;;COG2026
39190;Dampierre;;NON_VALIDE;;COG2026
39191;Darbonnay;;NON_VALIDE;;COG2026
39192;Denezières;;NON_VALIDE;;COG2026
39193;Le Deschaux;;NON_VALIDE;;COG2026
39194;Desnes;;NON_VALIDE;;COG2026
39196;Les Deux-Fays;;NON_VALIDE;;COG2026
39197;Digna;;NON_VALIDE;;COG2026
39198;Dole;;NON_VALIDE;;COG2026
39199;Domblans;;NON_VALIDE;;COG2026
39200;Dompierre-sur-Mont;;NON_VALIDE;;COG2026
39201;Doucier;;NON_VALIDE;;COG2026
39202;Dournon;;NON_VALIDE;;COG2026
39203;Doye;;NON_VALIDE;;COG2026
39204;Dramelay;;NON_VALIDE;;COG2026
39205;Éclans-Nenon;;NON_VALIDE;;COG2026
39206;Écleux;;NON_VALIDE;;COG2026
39207;Écrille;;NON_VALIDE;;COG2026
39208;Entre-deux-Monts;;NON_VALIDE;;COG2026
39209;Val-d'Épy;;NON_VALIDE;;COG2026
39210;Équevillon;;NON_VALIDE;;COG2026
39211;Les Essards-Taignevaux;;NON_VALIDE;;COG2026
39214;Esserval-Tartre;;NON_VALIDE;;COG2026
39216;Étival;;NON_VALIDE;;COG2026
39217;L'Étoile;;NON_VALIDE;;COG2026
39218;Étrepigney;;NON_VALIDE;;COG2026
39219;Évans;;NON_VALIDE;;COG2026
39220;Falletans;;NON_VALIDE;;COG2026
39221;La Favière;;NON_VALIDE;;COG2026
39222;Fay-en-Montagne;;NON_VALIDE;;COG2026
39223;La Ferté;;NON_VALIDE;;COG2026
39225;Le Fied;;NON_VALIDE;;COG2026
39227;Foncine-le-Bas;;NON_VALIDE;;COG2026
39228;Foncine-le-Haut;;NON_VALIDE;;COG2026
39229;Fontainebrux;;NON_VALIDE;;COG2026
39230;Fontenu;;NON_VALIDE;;COG2026
39232;Fort-du-Plasne;;NON_VALIDE;;COG2026
39233;Foucherans;;NON_VALIDE;;COG2026
39234;Foulenay;;NON_VALIDE;;COG2026
39235;Fraisans;;NON_VALIDE;;COG2026
39236;Francheville;;NON_VALIDE;;COG2026
39237;Fraroz;;NON_VALIDE;;COG2026
39238;Frasne-les-Meulières;;NON_VALIDE;;COG2026
39239;La Frasnée;;NON_VALIDE;;COG2026
39240;Le Frasnois;;NON_VALIDE;;COG2026
39241;Frébuans;;NON_VALIDE;;COG2026
39244;Frontenay;;NON_VALIDE;;COG2026
39245;Gatey;;NON_VALIDE;;COG2026
39246;Gendrey;;NON_VALIDE;;COG2026
39247;Genod;;NON_VALIDE;;COG2026
39248;Geraise;;NON_VALIDE;;COG2026
39249;Germigney;;NON_VALIDE;;COG2026
39250;Geruge;;NON_VALIDE;;COG2026
39251;Gevingey;;NON_VALIDE;;COG2026
39252;Gevry;;NON_VALIDE;;COG2026
39253;Gigny;;NON_VALIDE;;COG2026
39254;Gillois;;NON_VALIDE;;COG2026
39255;Gizia;;NON_VALIDE;;COG2026
39258;Grande-Rivière Château;;NON_VALIDE;;COG2026
39259;Grange-de-Vaivre;;NON_VALIDE;;COG2026
39261;Graye-et-Charnay;;NON_VALIDE;;COG2026
39262;Gredisans;;NON_VALIDE;;COG2026
39263;Grozon;;NON_VALIDE;;COG2026
39265;Hautecour;;NON_VALIDE;;COG2026
39266;Les Hays;;NON_VALIDE;;COG2026
39267;Ivory;;NON_VALIDE;;COG2026
39268;Ivrey;;NON_VALIDE;;COG2026
39269;Jeurre;;NON_VALIDE;;COG2026
39270;Jouhe;;NON_VALIDE;;COG2026
39271;Lac-des-Rouges-Truites;;NON_VALIDE;;COG2026
39272;Ladoye-sur-Seille;;NON_VALIDE;;COG2026
39273;Montlainsia;;NON_VALIDE;;COG2026
39274;Lajoux;;NON_VALIDE;;COG2026
39275;Lamoura;;NON_VALIDE;;COG2026
39277;Le Larderet;;NON_VALIDE;;COG2026
39278;Largillay-Marsonnay;;NON_VALIDE;;COG2026
39279;Larnaud;;NON_VALIDE;;COG2026
39280;Larrivoire;;NON_VALIDE;;COG2026
39281;Le Latet;;NON_VALIDE;;COG2026
39282;La Latette;;NON_VALIDE;;COG2026
39283;Lavancia-Epercy;;NON_VALIDE;;COG2026
39284;Lavangeot;;NON_VALIDE;;COG2026
39285;Lavans-lès-Dole;;NON_VALIDE;;COG2026
39286;Lavans-lès-Saint-Claude;;NON_VALIDE;;COG2026
39288;Lavigny;;NON_VALIDE;;COG2026
39289;Lect;;NON_VALIDE;;COG2026
39290;Valzin en Petite Montagne;;NON_VALIDE;;COG2026
39291;Lemuy;;NON_VALIDE;;COG2026
39292;Lent;;NON_VALIDE;;COG2026
39293;Leschères;;NON_VALIDE;;COG2026
39295;Loisia;;NON_VALIDE;;COG2026
39296;Lombard;;NON_VALIDE;;COG2026
39297;Longchaumois;;NON_VALIDE;;COG2026
39298;Longcochon;;NON_VALIDE;;COG2026
39299;Longwy-sur-le-Doubs;;NON_VALIDE;;COG2026
39300;Lons-le-Saunier;;NON_VALIDE;;COG2026
39301;Loulle;;NON_VALIDE;;COG2026
39302;Louvatange;;NON_VALIDE;;COG2026
39304;Le Louverot;;NON_VALIDE;;COG2026
39305;La Loye;;NON_VALIDE;;COG2026
39306;Macornay;;NON_VALIDE;;COG2026
39307;Maisod;;NON_VALIDE;;COG2026
39308;Malange;;NON_VALIDE;;COG2026
39310;Mantry;;NON_VALIDE;;COG2026
39312;Marigna-sur-Valouse;;NON_VALIDE;;COG2026
39313;Marigny;;NON_VALIDE;;COG2026
39314;Marnézia;;NON_VALIDE;;COG2026
39315;Marnoz;;NON_VALIDE;;COG2026
39317;La Marre;;NON_VALIDE;;COG2026
39318;Martigna;;NON_VALIDE;;COG2026
39319;Mathenay;;NON_VALIDE;;COG2026
39320;Maynal;;NON_VALIDE;;COG2026
39321;Menétru-le-Vignoble;;NON_VALIDE;;COG2026
39322;Menétrux-en-Joux;;NON_VALIDE;;COG2026
39323;Menotey;;NON_VALIDE;;COG2026
39324;Mérona;;NON_VALIDE;;COG2026
39325;Mesnay;;NON_VALIDE;;COG2026
39326;Mesnois;;NON_VALIDE;;COG2026
39327;Messia-sur-Sorne;;NON_VALIDE;;COG2026
39328;Meussia;;NON_VALIDE;;COG2026
39329;Mièges;;NON_VALIDE;;COG2026
39330;Miéry;;NON_VALIDE;;COG2026
39331;Mignovillard;;NON_VALIDE;;COG2026
39333;Moirans-en-Montagne;;NON_VALIDE;;COG2026
39334;Moiron;;NON_VALIDE;;COG2026
39335;Moissey;;NON_VALIDE;;COG2026
39336;Molain;;NON_VALIDE;;COG2026
39337;Molamboz;;NON_VALIDE;;COG2026
39338;Molay;;NON_VALIDE;;COG2026
39339;Chassal-Molinges;;NON_VALIDE;;COG2026
39342;Monay;;NON_VALIDE;;COG2026
39343;Monnetay;;NON_VALIDE;;COG2026
39344;Monnet-la-Ville;;NON_VALIDE;;COG2026
39345;Monnières;;NON_VALIDE;;COG2026
39346;Montagna-le-Reconduit;;NON_VALIDE;;COG2026
39348;Montaigu;;NON_VALIDE;;COG2026
39349;Montain;;NON_VALIDE;;COG2026
39350;Montbarrey;;NON_VALIDE;;COG2026
39351;Montcusel;;NON_VALIDE;;COG2026
39352;Monteplain;;NON_VALIDE;;COG2026
39353;Montfleur;;NON_VALIDE;;COG2026
39354;Montholier;;NON_VALIDE;;COG2026
39355;Montigny-lès-Arsures;;NON_VALIDE;;COG2026
39356;Montigny-sur-l'Ain;;NON_VALIDE;;COG2026
39359;Montmarlon;;NON_VALIDE;;COG2026
39360;Montmirey-la-Ville;;NON_VALIDE;;COG2026
39361;Montmirey-le-Château;;NON_VALIDE;;COG2026
39362;Montmorot;;NON_VALIDE;;COG2026
39363;Montrevel;;NON_VALIDE;;COG2026
39364;Montrond;;NON_VALIDE;;COG2026
39365;Mont-sous-Vaudrey;;NON_VALIDE;;COG2026
39366;Mont-sur-Monnet;;NON_VALIDE;;COG2026
39367;Morbier;;NON_VALIDE;;COG2026
39368;Hauts de Bienne;;NON_VALIDE;;COG2026
39370;Mouchard;;NON_VALIDE;;COG2026
39372;Mournans-Charbonny;;NON_VALIDE;;COG2026
39373;Les Moussières;;NON_VALIDE;;COG2026
39375;Moutonne;;NON_VALIDE;;COG2026
39376;Moutoux;;NON_VALIDE;;COG2026
39377;Mutigney;;NON_VALIDE;;COG2026
39378;Les Trois-Châteaux;;NON_VALIDE;;COG2026
39379;Nance;;NON_VALIDE;;COG2026
39380;Nancuise;;NON_VALIDE;;COG2026
39381;Les Nans;;NON_VALIDE;;COG2026
39385;Neublans-Abergement;;NON_VALIDE;;COG2026
39386;Neuvilley;;NON_VALIDE;;COG2026
39387;Nevy-lès-Dole;;NON_VALIDE;;COG2026
39388;Nevy-sur-Seille;;NON_VALIDE;;COG2026
39389;Ney;;NON_VALIDE;;COG2026
39390;Nogna;;NON_VALIDE;;COG2026
39391;Nozeroy;;NON_VALIDE;;COG2026
39392;Offlanges;;NON_VALIDE;;COG2026
39393;Onglières;;NON_VALIDE;;COG2026
39394;Onoz;;NON_VALIDE;;COG2026
39396;Orchamps;;NON_VALIDE;;COG2026
39397;Orgelet;;NON_VALIDE;;COG2026
39398;Ougney;;NON_VALIDE;;COG2026
39399;Ounans;;NON_VALIDE;;COG2026
39400;Our;;NON_VALIDE;;COG2026
39401;Oussières;;NON_VALIDE;;COG2026
39402;Pagney;;NON_VALIDE;;COG2026
39403;Pagnoz;;NON_VALIDE;;COG2026
39404;Pannessières;;NON_VALIDE;;COG2026
39405;Parcey;;NON_VALIDE;;COG2026
39406;Le Pasquier;;NON_VALIDE;;COG2026
39407;Passenans;;NON_VALIDE;;COG2026
39408;Patornay;;NON_VALIDE;;COG2026
39409;Peintre;;NON_VALIDE;;COG2026
39411;Perrigny;;NON_VALIDE;;COG2026
39412;Peseux;;NON_VALIDE;;COG2026
39413;La Pesse;;NON_VALIDE;;COG2026
39415;Petit-Noir;;NON_VALIDE;;COG2026
39418;Picarreau;;NON_VALIDE;;COG2026
39419;Pillemoine;;NON_VALIDE;;COG2026
39420;Pimorin;;NON_VALIDE;;COG2026
39421;Le Pin;;NON_VALIDE;;COG2026
39422;Plainoiseau;;NON_VALIDE;;COG2026
39423;Plaisia;;NON_VALIDE;;COG2026
39424;Les Planches-en-Montagne;;NON_VALIDE;;COG2026
39425;Les Planches-près-Arbois;;NON_VALIDE;;COG2026
39426;Plasne;;NON_VALIDE;;COG2026
39427;Plénise;;NON_VALIDE;;COG2026
39428;Plénisette;;NON_VALIDE;;COG2026
39429;Pleure;;NON_VALIDE;;COG2026
39430;Plumont;;NON_VALIDE;;COG2026
39431;Poids-de-Fiole;;NON_VALIDE;;COG2026
39432;Pointre;;NON_VALIDE;;COG2026
39434;Poligny;;NON_VALIDE;;COG2026
39435;Pont-de-Poitte;;NON_VALIDE;;COG2026
39436;Pont-d'Héry;;NON_VALIDE;;COG2026
39437;Pont-du-Navoy;;NON_VALIDE;;COG2026
39439;Port-Lesney;;NON_VALIDE;;COG2026
39441;Prémanon;;NON_VALIDE;;COG2026
39443;Présilly;;NON_VALIDE;;COG2026
39444;Pretin;;NON_VALIDE;;COG2026
39445;Publy;;NON_VALIDE;;COG2026
39446;Pupillin;;NON_VALIDE;;COG2026
39447;Quintigny;;NON_VALIDE;;COG2026
39448;Rahon;;NON_VALIDE;;COG2026
39449;Rainans;;NON_VALIDE;;COG2026
39451;Ranchot;;NON_VALIDE;;COG2026
39452;Rans;;NON_VALIDE;;COG2026
39453;Ravilloles;;NON_VALIDE;;COG2026
39454;Recanoz;;NON_VALIDE;;COG2026
39455;Reithouse;;NON_VALIDE;;COG2026
39456;Relans;;NON_VALIDE;;COG2026
39457;Les Repôts;;NON_VALIDE;;COG2026
39458;Revigny;;NON_VALIDE;;COG2026
39460;La Rixouse;;NON_VALIDE;;COG2026
39461;Rix;;NON_VALIDE;;COG2026
39462;Rochefort-sur-Nenon;;NON_VALIDE;;COG2026
39463;Rogna;;NON_VALIDE;;COG2026
39464;Romain;;NON_VALIDE;;COG2026
39465;Romange;;NON_VALIDE;;COG2026
39466;Rosay;;NON_VALIDE;;COG2026
39467;Rotalier;;NON_VALIDE;;COG2026
39468;Rothonay;;NON_VALIDE;;COG2026
39469;Rouffange;;NON_VALIDE;;COG2026
39470;Les Rousses;;NON_VALIDE;;COG2026
39471;Ruffey-sur-Seille;;NON_VALIDE;;COG2026
39472;Rye;;NON_VALIDE;;COG2026
39473;Saffloz;;NON_VALIDE;;COG2026
39475;Saint-Amour;;NON_VALIDE;;COG2026
39476;Saint-Aubin;;NON_VALIDE;;COG2026
39477;Saint-Baraing;;NON_VALIDE;;COG2026
39478;Saint-Claude;;NON_VALIDE;;COG2026
39479;Saint-Cyr-Montmalin;;NON_VALIDE;;COG2026
39480;Saint-Didier;;NON_VALIDE;;COG2026
39481;Saint-Germain-en-Montagne;;NON_VALIDE;;COG2026
39485;Val Suran;;NON_VALIDE;;COG2026
39486;Saint-Lamain;;NON_VALIDE;;COG2026
39487;Saint-Laurent-en-Grandvaux;;NON_VALIDE;;COG2026
39489;Saint-Lothain;;NON_VALIDE;;COG2026
39490;Saint-Loup;;NON_VALIDE;;COG2026
39491;Coteaux du Lizon;;NON_VALIDE;;COG2026
39492;Saint-Maur;;NON_VALIDE;;COG2026
39493;Saint-Maurice-Crillat;;NON_VALIDE;;COG2026
39494;Saint-Pierre;;NON_VALIDE;;COG2026
39495;Saint-Thiébaud;;NON_VALIDE;;COG2026
39497;Saizenay;;NON_VALIDE;;COG2026
39498;Salans;;NON_VALIDE;;COG2026
39499;Saligney;;NON_VALIDE;;COG2026
39500;Salins-les-Bains;;NON_VALIDE;;COG2026
39501;Sampans;;NON_VALIDE;;COG2026
39502;Santans;;NON_VALIDE;;COG2026
39503;Sapois;;NON_VALIDE;;COG2026
39504;Sarrogna;;NON_VALIDE;;COG2026
39505;Saugeot;;NON_VALIDE;;COG2026
39507;Séligney;;NON_VALIDE;;COG2026
39508;Sellières;;NON_VALIDE;;COG2026
39510;Septmoncel les Molunes;;NON_VALIDE;;COG2026
39511;Sergenaux;;NON_VALIDE;;COG2026
39512;Sergenon;;NON_VALIDE;;COG2026
39513;Sermange;;NON_VALIDE;;COG2026
39514;Serre-les-Moulières;;NON_VALIDE;;COG2026
39517;Sirod;;NON_VALIDE;;COG2026
39518;Songeson;;NON_VALIDE;;COG2026
39519;Soucia;;NON_VALIDE;;COG2026
39520;Souvans;;NON_VALIDE;;COG2026
39522;Supt;;NON_VALIDE;;COG2026
39523;Syam;;NON_VALIDE;;COG2026
39525;Tassenières;;NON_VALIDE;;COG2026
39526;Tavaux;;NON_VALIDE;;COG2026
39527;Taxenne;;NON_VALIDE;;COG2026
39528;Thervay;;NON_VALIDE;;COG2026
39529;Thésy;;NON_VALIDE;;COG2026
39530;Thoirette-Coisia;;NON_VALIDE;;COG2026
39531;Thoiria;;NON_VALIDE;;COG2026
39532;Thoissia;;NON_VALIDE;;COG2026
39533;Toulouse-le-Château;;NON_VALIDE;;COG2026
39534;La Tour-du-Meix;;NON_VALIDE;;COG2026
39535;Tourmont;;NON_VALIDE;;COG2026
39537;Trenal;;NON_VALIDE;;COG2026
39538;Uxelles;;NON_VALIDE;;COG2026
39539;Vadans;;NON_VALIDE;;COG2026
39540;Valempoulières;;NON_VALIDE;;COG2026
39543;Vannoz;;NON_VALIDE;;COG2026
39545;Le Vaudioux;;NON_VALIDE;;COG2026
39546;Vaudrey;;NON_VALIDE;;COG2026
39547;Vaux-lès-Saint-Claude;;NON_VALIDE;;COG2026
39550;Verges;;NON_VALIDE;;COG2026
39551;Véria;;NON_VALIDE;;COG2026
39552;Vernantois;;NON_VALIDE;;COG2026
39553;Le Vernois;;NON_VALIDE;;COG2026
39554;Vers-en-Montagne;;NON_VALIDE;;COG2026
39555;Vers-sous-Sellières;;NON_VALIDE;;COG2026
39556;Vertamboz;;NON_VALIDE;;COG2026
39557;Vescles;;NON_VALIDE;;COG2026
39558;Vevy;;NON_VALIDE;;COG2026
39559;La Vieille-Loye;;NON_VALIDE;;COG2026
39560;Villard-Saint-Sauveur;;NON_VALIDE;;COG2026
39561;Villards-d'Héria;;NON_VALIDE;;COG2026
39565;Villeneuve-d'Aval;;NON_VALIDE;;COG2026
39567;Villeneuve-sous-Pymont;;NON_VALIDE;;COG2026
39568;Villerserine;;NON_VALIDE;;COG2026
39569;Villers-Farlay;;NON_VALIDE;;COG2026
39570;Villers-les-Bois;;NON_VALIDE;;COG2026
39571;Villers-Robert;;NON_VALIDE;;COG2026
39572;Villette-lès-Arbois;;NON_VALIDE;;COG2026
39573;Villette-lès-Dole;;NON_VALIDE;;COG2026
39574;Villevieux;;NON_VALIDE;;COG2026
39575;Le Villey;;NON_VALIDE;;COG2026
39576;Val-Sonnette;;NON_VALIDE;;COG2026
39577;Vincent-Froideville;;NON_VALIDE;;COG2026
39579;Viry;;NON_VALIDE;;COG2026
39581;Vitreux;;NON_VALIDE;;COG2026
39582;Voiteur;;NON_VALIDE;;COG2026
39583;Vosbles-Valfin;;NON_VALIDE;;COG2026
39584;Vriange;;NON_VALIDE;;COG2026
39585;Vulvoz;;NON_VALIDE;;COG2026
39586;Aresches;;NON_VALIDE;;COG2026
58001;Achun;;NON_VALIDE;;COG2026
58002;Alligny-Cosne;;NON_VALIDE;;COG2026
58003;Alligny-en-Morvan;;NON_VALIDE;;COG2026
58004;Alluy;;NON_VALIDE;;COG2026
58005;Amazy;;NON_VALIDE;;COG2026
58006;Anlezy;;NON_VALIDE;;COG2026
58007;Annay;;NON_VALIDE;;COG2026
58008;Anthien;;NON_VALIDE;;COG2026
58009;Arbourse;;NON_VALIDE;;COG2026
58010;Arleuf;;NON_VALIDE;;COG2026
58011;Armes;;NON_VALIDE;;COG2026
58012;Arquian;;NON_VALIDE;;COG2026
58013;Arthel;;NON_VALIDE;;COG2026
58014;Arzembouy;;NON_VALIDE;;COG2026
58015;Asnan;;NON_VALIDE;;COG2026
58016;Asnois;;NON_VALIDE;;COG2026
58017;Aunay-en-Bazois;;NON_VALIDE;;COG2026
58018;Authiou;;NON_VALIDE;;COG2026
58019;Avrée;;NON_VALIDE;;COG2026
58020;Avril-sur-Loire;;NON_VALIDE;;COG2026
58021;Azy-le-Vif;;NON_VALIDE;;COG2026
58023;Bazoches;;NON_VALIDE;;COG2026
58024;Bazolles;;NON_VALIDE;;COG2026
58025;Béard;;NON_VALIDE;;COG2026
58026;Beaulieu;;NON_VALIDE;;COG2026
58027;Beaumont-la-Ferrière;;NON_VALIDE;;COG2026
58028;Beaumont-Sardolles;;NON_VALIDE;;COG2026
58029;Beuvron;;NON_VALIDE;;COG2026
58030;Biches;;NON_VALIDE;;COG2026
58031;Billy-Chevannes;;NON_VALIDE;;COG2026
58032;Billy-sur-Oisy;;NON_VALIDE;;COG2026
58033;Bitry;;NON_VALIDE;;COG2026
58034;Blismes;;NON_VALIDE;;COG2026
58035;Bona;;NON_VALIDE;;COG2026
58036;Bouhy;;NON_VALIDE;;COG2026
58037;Brassy;;NON_VALIDE;;COG2026
58038;Breugnon;;NON_VALIDE;;COG2026
58039;Brèves;;NON_VALIDE;;COG2026
58040;Brinay;;NON_VALIDE;;COG2026
58041;Brinon-sur-Beuvron;;NON_VALIDE;;COG2026
58042;Bulcy;;NON_VALIDE;;COG2026
58043;Bussy-la-Pesle;;NON_VALIDE;;COG2026
58044;La Celle-sur-Loire;;NON_VALIDE;;COG2026
58045;La Celle-sur-Nièvre;;NON_VALIDE;;COG2026
58046;Cercy-la-Tour;;NON_VALIDE;;COG2026
58047;Cervon;;NON_VALIDE;;COG2026
58048;Cessy-les-Bois;;NON_VALIDE;;COG2026
58049;Chalaux;;NON_VALIDE;;COG2026
58050;Challement;;NON_VALIDE;;COG2026
58051;Challuy;;NON_VALIDE;;COG2026
58052;Champallement;;NON_VALIDE;;COG2026
58053;Champlemy;;NON_VALIDE;;COG2026
58054;Champlin;;NON_VALIDE;;COG2026
58055;Champvert;;NON_VALIDE;;COG2026
58056;Champvoux;;NON_VALIDE;;COG2026
58057;Chantenay-Saint-Imbert;;NON_VALIDE;;COG2026
58058;La Chapelle-Saint-André;;NON_VALIDE;;COG2026
58059;La Charité-sur-Loire;;NON_VALIDE;;COG2026
58060;Charrin;;NON_VALIDE;;COG2026
58061;Chasnay;;NON_VALIDE;;COG2026
58062;Château-Chinon (Ville);;NON_VALIDE;;COG2026
58063;Château-Chinon (Campagne);;NON_VALIDE;;COG2026
58064;Châteauneuf-Val-de-Bargis;;NON_VALIDE;;COG2026
58065;Châtillon-en-Bazois;;NON_VALIDE;;COG2026
58066;Châtin;;NON_VALIDE;;COG2026
58067;Chaulgnes;;NON_VALIDE;;COG2026
58068;Chaumard;;NON_VALIDE;;COG2026
58069;Chaumot;;NON_VALIDE;;COG2026
58070;Chazeuil;;NON_VALIDE;;COG2026
58071;Chevannes-Changy;;NON_VALIDE;;COG2026
58072;Chevenon;;NON_VALIDE;;COG2026
58073;Chevroches;;NON_VALIDE;;COG2026
58074;Chiddes;;NON_VALIDE;;COG2026
58075;Chitry-les-Mines;;NON_VALIDE;;COG2026
58076;Chougny;;NON_VALIDE;;COG2026
58077;Ciez;;NON_VALIDE;;COG2026
58078;Cizely;;NON_VALIDE;;COG2026
58079;Clamecy;;NON_VALIDE;;COG2026
58080;La Collancelle;;NON_VALIDE;;COG2026
58081;Colméry;;NON_VALIDE;;COG2026
58082;Corancy;;NON_VALIDE;;COG2026
58083;Corbigny;;NON_VALIDE;;COG2026
58084;Corvol-d'Embernard;;NON_VALIDE;;COG2026
58085;Corvol-l'Orgueilleux;;NON_VALIDE;;COG2026
58086;Cosne-Cours-sur-Loire;;NON_VALIDE;;COG2026
58087;Cossaye;;NON_VALIDE;;COG2026
58088;Coulanges-lès-Nevers;;NON_VALIDE;;COG2026
58089;Couloutre;;NON_VALIDE;;COG2026
58090;Courcelles;;NON_VALIDE;;COG2026
58092;Crux-la-Ville;;NON_VALIDE;;COG2026
58093;Cuncy-lès-Varzy;;NON_VALIDE;;COG2026
58094;Dampierre-sous-Bouhy;;NON_VALIDE;;COG2026
58095;Decize;;NON_VALIDE;;COG2026
58096;Devay;;NON_VALIDE;;COG2026
58097;Diennes-Aubigny;;NON_VALIDE;;COG2026
58098;Dirol;;NON_VALIDE;;COG2026
58099;Dommartin;;NON_VALIDE;;COG2026
58101;Dompierre-sur-Nièvre;;NON_VALIDE;;COG2026
58102;Donzy;;NON_VALIDE;;COG2026
58103;Dornecy;;NON_VALIDE;;COG2026
58104;Dornes;;NON_VALIDE;;COG2026
58105;Druy-Parigny;;NON_VALIDE;;COG2026
58106;Dun-les-Places;;NON_VALIDE;;COG2026
58107;Dun-sur-Grandry;;NON_VALIDE;;COG2026
58108;Empury;;NON_VALIDE;;COG2026
58109;Entrains-sur-Nohain;;NON_VALIDE;;COG2026
58110;Epiry;;NON_VALIDE;;COG2026
58111;Fâchin;;NON_VALIDE;;COG2026
58112;La Fermeté;;NON_VALIDE;;COG2026
58113;Fertrève;;NON_VALIDE;;COG2026
58114;Fléty;;NON_VALIDE;;COG2026
58115;Fleury-sur-Loire;;NON_VALIDE;;COG2026
58116;Flez-Cuzy;;NON_VALIDE;;COG2026
58117;Fourchambault;;NON_VALIDE;;COG2026
58118;Fours;;NON_VALIDE;;COG2026
58119;Frasnay-Reugny;;NON_VALIDE;;COG2026
58120;Gâcogne;;NON_VALIDE;;COG2026
58121;Garchizy;;NON_VALIDE;;COG2026
58122;Garchy;;NON_VALIDE;;COG2026
58123;Germenay;;NON_VALIDE;;COG2026
58124;Germigny-sur-Loire;;NON_VALIDE;;COG2026
58125;Gien-sur-Cure;;NON_VALIDE;;COG2026
58126;Gimouille;;NON_VALIDE;;COG2026
58127;Giry;;NON_VALIDE;;COG2026
58128;Glux-en-Glenne;;NON_VALIDE;;COG2026
58129;Gouloux;;NON_VALIDE;;COG2026
58130;Grenois;;NON_VALIDE;;COG2026
58131;Guérigny;;NON_VALIDE;;COG2026
58132;Guipy;;NON_VALIDE;;COG2026
58133;Héry;;NON_VALIDE;;COG2026
58134;Imphy;;NON_VALIDE;;COG2026
58135;Isenay;;NON_VALIDE;;COG2026
58136;Jailly;;NON_VALIDE;;COG2026
58137;Lamenay-sur-Loire;;NON_VALIDE;;COG2026
58138;Langeron;;NON_VALIDE;;COG2026
58139;Lanty;;NON_VALIDE;;COG2026
58140;Larochemillay;;NON_VALIDE;;COG2026
58141;Lavault-de-Frétoy;;NON_VALIDE;;COG2026
58142;Limanton;;NON_VALIDE;;COG2026
58143;Limon;;NON_VALIDE;;COG2026
58144;Livry;;NON_VALIDE;;COG2026
58145;Lormes;;NON_VALIDE;;COG2026
58146;Lucenay-lès-Aix;;NON_VALIDE;;COG2026
58147;Lurcy-le-Bourg;;NON_VALIDE;;COG2026
58148;Luthenay-Uxeloup;;NON_VALIDE;;COG2026
58149;Luzy;;NON_VALIDE;;COG2026
58150;Lys;;NON_VALIDE;;COG2026
58151;La Machine;;NON_VALIDE;;COG2026
58152;Magny-Cours;;NON_VALIDE;;COG2026
58153;Magny-Lormes;;NON_VALIDE;;COG2026
58154;La Maison-Dieu;;NON_VALIDE;;COG2026
58155;La Marche;;NON_VALIDE;;COG2026
58156;Marcy;;NON_VALIDE;;COG2026
58157;Marigny-l'Église;;NON_VALIDE;;COG2026
58158;Mars-sur-Allier;;NON_VALIDE;;COG2026
58159;Marigny-sur-Yonne;;NON_VALIDE;;COG2026
58160;Marzy;;NON_VALIDE;;COG2026
58161;Maux;;NON_VALIDE;;COG2026
58162;Menestreau;;NON_VALIDE;;COG2026
58163;Menou;;NON_VALIDE;;COG2026
58164;Mesves-sur-Loire;;NON_VALIDE;;COG2026
58165;Metz-le-Comte;;NON_VALIDE;;COG2026
58166;Mhère;;NON_VALIDE;;COG2026
58168;Millay;;NON_VALIDE;;COG2026
58169;Moissy-Moulinot;;NON_VALIDE;;COG2026
58170;Monceaux-le-Comte;;NON_VALIDE;;COG2026
58171;Montapas;;NON_VALIDE;;COG2026
58172;Montambert;;NON_VALIDE;;COG2026
58173;Montaron;;NON_VALIDE;;COG2026
58174;Montenoison;;NON_VALIDE;;COG2026
58175;Mont-et-Marré;;NON_VALIDE;;COG2026
58176;Montigny-aux-Amognes;;NON_VALIDE;;COG2026
58177;Montigny-en-Morvan;;NON_VALIDE;;COG2026
58178;Montigny-sur-Canne;;NON_VALIDE;;COG2026
58179;Montreuillon;;NON_VALIDE;;COG2026
58180;Montsauche-les-Settons;;NON_VALIDE;;COG2026
58181;Moraches;;NON_VALIDE;;COG2026
58182;Moulins-Engilbert;;NON_VALIDE;;COG2026
58183;Mouron-sur-Yonne;;NON_VALIDE;;COG2026
58184;Moussy;;NON_VALIDE;;COG2026
58185;Moux-en-Morvan;;NON_VALIDE;;COG2026
58186;Murlin;;NON_VALIDE;;COG2026
58187;Myennes;;NON_VALIDE;;COG2026
58188;Nannay;;NON_VALIDE;;COG2026
58189;Narcy;;NON_VALIDE;;COG2026
58190;Neuffontaines;;NON_VALIDE;;COG2026
58191;Neuilly;;NON_VALIDE;;COG2026
58192;Neuville-lès-Decize;;NON_VALIDE;;COG2026
58193;Neuvy-sur-Loire;;NON_VALIDE;;COG2026
58194;Nevers;;NON_VALIDE;;COG2026
58195;La Nocle-Maulaix;;NON_VALIDE;;COG2026
58196;Nolay;;NON_VALIDE;;COG2026
58197;Nuars;;NON_VALIDE;;COG2026
58198;Oisy;;NON_VALIDE;;COG2026
58199;Onlay;;NON_VALIDE;;COG2026
58200;Ouagne;;NON_VALIDE;;COG2026
58201;Oudan;;NON_VALIDE;;COG2026
58202;Ougny;;NON_VALIDE;;COG2026
58203;Oulon;;NON_VALIDE;;COG2026
58204;Vaux d'Amognes;;NON_VALIDE;;COG2026
58205;Ouroux-en-Morvan;;NON_VALIDE;;COG2026
58206;Parigny-la-Rose;;NON_VALIDE;;COG2026
58207;Parigny-les-Vaux;;NON_VALIDE;;COG2026
58208;Pazy;;NON_VALIDE;;COG2026
58209;Perroy;;NON_VALIDE;;COG2026
58210;Planchez;;NON_VALIDE;;COG2026
58211;Poil;;NON_VALIDE;;COG2026
58212;Poiseux;;NON_VALIDE;;COG2026
58213;Pougny;;NON_VALIDE;;COG2026
58214;Pougues-les-Eaux;;NON_VALIDE;;COG2026
58215;Pouilly-sur-Loire;;NON_VALIDE;;COG2026
58216;Pouques-Lormes;;NON_VALIDE;;COG2026
58217;Pousseaux;;NON_VALIDE;;COG2026
58218;Prémery;;NON_VALIDE;;COG2026
58219;Préporché;;NON_VALIDE;;COG2026
58220;Raveau;;NON_VALIDE;;COG2026
58221;Rémilly;;NON_VALIDE;;COG2026
58222;Rix;;NON_VALIDE;;COG2026
58223;Rouy;;NON_VALIDE;;COG2026
58224;Ruages;;NON_VALIDE;;COG2026
58225;Saincaize-Meauce;;NON_VALIDE;;COG2026
58226;Saint-Agnan;;NON_VALIDE;;COG2026
58227;Saint-Amand-en-Puisaye;;NON_VALIDE;;COG2026
58228;Saint-Andelain;;NON_VALIDE;;COG2026
58229;Saint-André-en-Morvan;;NON_VALIDE;;COG2026
58230;Saint-Aubin-des-Chaumes;;NON_VALIDE;;COG2026
58231;Saint-Aubin-les-Forges;;NON_VALIDE;;COG2026
58232;Saint-Benin-d'Azy;;NON_VALIDE;;COG2026
58233;Saint-Benin-des-Bois;;NON_VALIDE;;COG2026
58234;Saint-Bonnot;;NON_VALIDE;;COG2026
58235;Saint-Brisson;;NON_VALIDE;;COG2026
58236;Sainte-Colombe-des-Bois;;NON_VALIDE;;COG2026
58237;Saint-Didier;;NON_VALIDE;;COG2026
58238;Saint-Éloi;;NON_VALIDE;;COG2026
58239;Saint-Firmin;;NON_VALIDE;;COG2026
58240;Saint-Franchy;;NON_VALIDE;;COG2026
58241;Saint-Germain-Chassenay;;NON_VALIDE;;COG2026
58242;Saint-Germain-des-Bois;;NON_VALIDE;;COG2026
58243;Saint-Gratien-Savigny;;NON_VALIDE;;COG2026
58244;Saint-Hilaire-en-Morvan;;NON_VALIDE;;COG2026
58245;Saint-Hilaire-Fontaine;;NON_VALIDE;;COG2026
58246;Saint-Honoré-les-Bains;;NON_VALIDE;;COG2026
58247;Saint-Jean-aux-Amognes;;NON_VALIDE;;COG2026
58248;Saint-Laurent-l'Abbaye;;NON_VALIDE;;COG2026
58249;Saint-Léger-de-Fougeret;;NON_VALIDE;;COG2026
58250;Saint-Léger-des-Vignes;;NON_VALIDE;;COG2026
58251;Saint-Loup-des-Bois;;NON_VALIDE;;COG2026
58252;Saint-Malo-en-Donziois;;NON_VALIDE;;COG2026
58253;Sainte-Marie;;NON_VALIDE;;COG2026
58254;Saint-Martin-d'Heuille;;NON_VALIDE;;COG2026
58255;Saint-Martin-du-Puy;;NON_VALIDE;;COG2026
58256;Saint-Martin-sur-Nohain;;NON_VALIDE;;COG2026
58257;Saint-Maurice;;NON_VALIDE;;COG2026
58258;Saint-Ouen-sur-Loire;;NON_VALIDE;;COG2026
58259;Saint-Parize-en-Viry;;NON_VALIDE;;COG2026
58260;Saint-Parize-le-Châtel;;NON_VALIDE;;COG2026
58261;Saint-Père;;NON_VALIDE;;COG2026
58262;Saint-Péreuse;;NON_VALIDE;;COG2026
58263;Saint-Pierre-du-Mont;;NON_VALIDE;;COG2026
58264;Saint-Pierre-le-Moûtier;;NON_VALIDE;;COG2026
58265;Saint-Quentin-sur-Nohain;;NON_VALIDE;;COG2026
58266;Saint-Révérien;;NON_VALIDE;;COG2026
58267;Saint-Saulge;;NON_VALIDE;;COG2026
58268;Saint-Seine;;NON_VALIDE;;COG2026
58269;Saint-Sulpice;;NON_VALIDE;;COG2026
58270;Saint-Vérain;;NON_VALIDE;;COG2026
58271;Saizy;;NON_VALIDE;;COG2026
58272;Sardy-lès-Épiry;;NON_VALIDE;;COG2026
58273;Sauvigny-les-Bois;;NON_VALIDE;;COG2026
58274;Savigny-Poil-Fol;;NON_VALIDE;;COG2026
58275;Saxi-Bourdon;;NON_VALIDE;;COG2026
58276;Sémelay;;NON_VALIDE;;COG2026
58277;Sermages;;NON_VALIDE;;COG2026
58278;Sermoise-sur-Loire;;NON_VALIDE;;COG2026
58279;Sichamps;;NON_VALIDE;;COG2026
58280;Sougy-sur-Loire;;NON_VALIDE;;COG2026
58281;Suilly-la-Tour;;NON_VALIDE;;COG2026
58282;Surgy;;NON_VALIDE;;COG2026
58283;Taconnay;;NON_VALIDE;;COG2026
58284;Talon;;NON_VALIDE;;COG2026
58285;Tamnay-en-Bazois;;NON_VALIDE;;COG2026
58286;Tannay;;NON_VALIDE;;COG2026
58287;Tazilly;;NON_VALIDE;;COG2026
58288;Teigny;;NON_VALIDE;;COG2026
58289;Ternant;;NON_VALIDE;;COG2026
58290;Thaix;;NON_VALIDE;;COG2026
58291;Thianges;;NON_VALIDE;;COG2026
58292;Tintury;;NON_VALIDE;;COG2026
58293;Toury-Lurcy;;NON_VALIDE;;COG2026
58294;Toury-sur-Jour;;NON_VALIDE;;COG2026
58295;Tracy-sur-Loire;;NON_VALIDE;;COG2026
58296;Tresnay;;NON_VALIDE;;COG2026
58297;Trois-Vèvres;;NON_VALIDE;;COG2026
58298;Tronsanges;;NON_VALIDE;;COG2026
58299;Trucy-l'Orgueilleux;;NON_VALIDE;;COG2026
58300;Urzy;;NON_VALIDE;;COG2026
58301;Vandenesse;;NON_VALIDE;;COG2026
58302;Varennes-lès-Narcy;;NON_VALIDE;;COG2026
58303;Varennes-Vauzelles;;NON_VALIDE;;COG2026
58304;Varzy;;NON_VALIDE;;COG2026
58305;Vauclaix;;NON_VALIDE;;COG2026
58306;Verneuil;;NON_VALIDE;;COG2026
58307;Vielmanay;;NON_VALIDE;;COG2026
58308;Vignol;;NON_VALIDE;;COG2026
58309;Villapourçon;;NON_VALIDE;;COG2026
58310;Villiers-le-Sec;;NON_VALIDE;;COG2026
58311;Ville-Langy;;NON_VALIDE;;COG2026
58312;Villiers-sur-Yonne;;NON_VALIDE;;COG2026
58313;Vitry-Laché;;NON_VALIDE;;COG2026
70001;Abelcourt;;NON_VALIDE;;COG2026
70002;Aboncourt-Gesincourt;;NON_VALIDE;;COG2026
70003;Achey;;NON_VALIDE;;COG2026
70004;Adelans-et-le-Val-de-Bithaine;;NON_VALIDE;;COG2026
70005;Aillevans;;NON_VALIDE;;COG2026
70006;Aillevillers-et-Lyaumont;;NON_VALIDE;;COG2026
70007;Ailloncourt;;NON_VALIDE;;COG2026
70008;Ainvelle;;NON_VALIDE;;COG2026
70009;Aisey-et-Richecourt;;NON_VALIDE;;COG2026
70010;Alaincourt;;NON_VALIDE;;COG2026
70011;Amage;;NON_VALIDE;;COG2026
70012;Amance;;NON_VALIDE;;COG2026
70013;Ambiévillers;;NON_VALIDE;;COG2026
70014;Amblans-et-Velotte;;NON_VALIDE;;COG2026
70015;Amoncourt;;NON_VALIDE;;COG2026
70016;Amont-et-Effreney;;NON_VALIDE;;COG2026
70017;Anchenoncourt-et-Chazel;;NON_VALIDE;;COG2026
70018;Ancier;;NON_VALIDE;;COG2026
70019;Andelarre;;NON_VALIDE;;COG2026
70020;Andelarrot;;NON_VALIDE;;COG2026
70021;Andornay;;NON_VALIDE;;COG2026
70022;Angirey;;NON_VALIDE;;COG2026
70023;Anjeux;;NON_VALIDE;;COG2026
70024;Apremont;;NON_VALIDE;;COG2026
70025;Arbecey;;NON_VALIDE;;COG2026
70026;Arc-lès-Gray;;NON_VALIDE;;COG2026
70027;Argillières;;NON_VALIDE;;COG2026
70028;Aroz;;NON_VALIDE;;COG2026
70029;Arpenans;;NON_VALIDE;;COG2026
70030;Arsans;;NON_VALIDE;;COG2026
70031;Athesans-Étroitefontaine;;NON_VALIDE;;COG2026
70032;Attricourt;;NON_VALIDE;;COG2026
70035;Augicourt;;NON_VALIDE;;COG2026
70036;Aulx-lès-Cromary;;NON_VALIDE;;COG2026
70037;Autet;;NON_VALIDE;;COG2026
70038;Authoison;;NON_VALIDE;;COG2026
70039;Autoreille;;NON_VALIDE;;COG2026
70040;Autrey-lès-Cerre;;NON_VALIDE;;COG2026
70041;Autrey-lès-Gray;;NON_VALIDE;;COG2026
70042;Autrey-le-Vay;;NON_VALIDE;;COG2026
70043;Auvet-et-la-Chapelotte;;NON_VALIDE;;COG2026
70044;Auxon;;NON_VALIDE;;COG2026
70045;Avrigney-Virey;;NON_VALIDE;;COG2026
70046;Les Aynans;;NON_VALIDE;;COG2026
70047;Baignes;;NON_VALIDE;;COG2026
70048;Bard-lès-Pesmes;;NON_VALIDE;;COG2026
70049;Barges;;NON_VALIDE;;COG2026
70050;La Barre;;NON_VALIDE;;COG2026
70051;La Basse-Vaivre;;NON_VALIDE;;COG2026
70052;Bassigney;;NON_VALIDE;;COG2026
70053;Les Bâties;;NON_VALIDE;;COG2026
70054;Battrans;;NON_VALIDE;;COG2026
70055;Baudoncourt;;NON_VALIDE;;COG2026
70056;Baulay;;NON_VALIDE;;COG2026
70057;Bay;;NON_VALIDE;;COG2026
70058;Beaujeu-Saint-Vallier-Pierrejux-et-Quitteur;;NON_VALIDE;;COG2026
70059;Beaumotte-Aubertans;;NON_VALIDE;;COG2026
70060;Beaumotte-lès-Pin;;NON_VALIDE;;COG2026
70061;Belfahy;;NON_VALIDE;;COG2026
70062;Belmont;;NON_VALIDE;;COG2026
70063;Belonchamp;;NON_VALIDE;;COG2026
70064;Belverne;;NON_VALIDE;;COG2026
70065;Besnans;;NON_VALIDE;;COG2026
70066;Betaucourt;;NON_VALIDE;;COG2026
70067;Betoncourt-lès-Brotte;;NON_VALIDE;;COG2026
70069;Betoncourt-Saint-Pancras;;NON_VALIDE;;COG2026
70070;Betoncourt-sur-Mance;;NON_VALIDE;;COG2026
70071;Beulotte-Saint-Laurent;;NON_VALIDE;;COG2026
70072;Beveuge;;NON_VALIDE;;COG2026
70074;Blondefontaine;;NON_VALIDE;;COG2026
70075;Bonboillon;;NON_VALIDE;;COG2026
70076;Bonnevent-Velloreille;;NON_VALIDE;;COG2026
70077;Borey;;NON_VALIDE;;COG2026
70078;Bougey;;NON_VALIDE;;COG2026
70079;Bougnon;;NON_VALIDE;;COG2026
70080;Bouhans-et-Feurg;;NON_VALIDE;;COG2026
70081;Bouhans-lès-Lure;;NON_VALIDE;;COG2026
70082;Bouhans-lès-Montbozon;;NON_VALIDE;;COG2026
70083;Bouligney;;NON_VALIDE;;COG2026
70084;Boulot;;NON_VALIDE;;COG2026
70085;Boult;;NON_VALIDE;;COG2026
70086;Bourbévelle;;NON_VALIDE;;COG2026
70087;Bourguignon-lès-Conflans;;NON_VALIDE;;COG2026
70088;Bourguignon-lès-la-Charité;;NON_VALIDE;;COG2026
70089;Bourguignon-lès-Morey;;NON_VALIDE;;COG2026
70090;Boursières;;NON_VALIDE;;COG2026
70091;Bousseraucourt;;NON_VALIDE;;COG2026
70092;Bresilley;;NON_VALIDE;;COG2026
70093;Breuches;;NON_VALIDE;;COG2026
70094;Breuchotte;;NON_VALIDE;;COG2026
70095;Breurey-lès-Faverney;;NON_VALIDE;;COG2026
70096;Brevilliers;;NON_VALIDE;;COG2026
70097;Briaucourt;;NON_VALIDE;;COG2026
70098;Brotte-lès-Luxeuil;;NON_VALIDE;;COG2026
70099;Brotte-lès-Ray;;NON_VALIDE;;COG2026
70100;Broye-les-Loups-et-Verfontaine;;NON_VALIDE;;COG2026
70101;Broye-Aubigney-Montseugny;;NON_VALIDE;;COG2026
70102;Brussey;;NON_VALIDE;;COG2026
70103;La Bruyère;;NON_VALIDE;;COG2026
70104;Bucey-lès-Gy;;NON_VALIDE;;COG2026
70105;Bucey-lès-Traves;;NON_VALIDE;;COG2026
70106;Buffignécourt;;NON_VALIDE;;COG2026
70107;Bussières;;NON_VALIDE;;COG2026
70109;Buthiers;;NON_VALIDE;;COG2026
70111;Calmoutier;;NON_VALIDE;;COG2026
70112;Cemboing;;NON_VALIDE;;COG2026
70113;Cenans;;NON_VALIDE;;COG2026
70114;Cendrecourt;;NON_VALIDE;;COG2026
70115;Cerre-lès-Noroy;;NON_VALIDE;;COG2026
70116;Chagey;;NON_VALIDE;;COG2026
70117;Châlonvillars;;NON_VALIDE;;COG2026
70118;Chambornay-lès-Bellevaux;;NON_VALIDE;;COG2026
70119;Chambornay-lès-Pin;;NON_VALIDE;;COG2026
70120;Champagney;;NON_VALIDE;;COG2026
70121;Champey;;NON_VALIDE;;COG2026
70122;Champlitte;;NON_VALIDE;;COG2026
70124;Champtonnay;;NON_VALIDE;;COG2026
70125;Champvans;;NON_VALIDE;;COG2026
70126;Chancey;;NON_VALIDE;;COG2026
70127;Chantes;;NON_VALIDE;;COG2026
70128;La Chapelle-lès-Luxeuil;;NON_VALIDE;;COG2026
70129;La Chapelle-Saint-Quillain;;NON_VALIDE;;COG2026
70130;Charcenne;;NON_VALIDE;;COG2026
70132;Chargey-lès-Gray;;NON_VALIDE;;COG2026
70133;Chargey-lès-Port;;NON_VALIDE;;COG2026
70134;Chariez;;NON_VALIDE;;COG2026
70135;Charmes-Saint-Valbert;;NON_VALIDE;;COG2026
70136;Charmoille;;NON_VALIDE;;COG2026
70137;Chassey-lès-Montbozon;;NON_VALIDE;;COG2026
70138;Chassey-lès-Scey;;NON_VALIDE;;COG2026
70140;Châteney;;NON_VALIDE;;COG2026
70141;Châtenois;;NON_VALIDE;;COG2026
70142;Chaumercenne;;NON_VALIDE;;COG2026
70143;Chauvirey-le-Châtel;;NON_VALIDE;;COG2026
70144;Chauvirey-le-Vieil;;NON_VALIDE;;COG2026
70145;Chaux-la-Lotière;;NON_VALIDE;;COG2026
70146;Chaux-lès-Port;;NON_VALIDE;;COG2026
70147;Chavanne;;NON_VALIDE;;COG2026
70148;Chemilly;;NON_VALIDE;;COG2026
70149;Chenebier;;NON_VALIDE;;COG2026
70150;Chenevrey-et-Morogne;;NON_VALIDE;;COG2026
70151;Chevigney;;NON_VALIDE;;COG2026
70152;Colombine;;NON_VALIDE;;COG2026
70153;Cintrey;;NON_VALIDE;;COG2026
70154;Cirey;;NON_VALIDE;;COG2026
70155;Citers;;NON_VALIDE;;COG2026
70156;Citey;;NON_VALIDE;;COG2026
70157;Clairegoutte;;NON_VALIDE;;COG2026
70158;Clans;;NON_VALIDE;;COG2026
70159;Cognières;;NON_VALIDE;;COG2026
70160;Coisevaux;;NON_VALIDE;;COG2026
70162;Colombe-lès-Vesoul;;NON_VALIDE;;COG2026
70163;Colombier;;NON_VALIDE;;COG2026
70164;Colombotte;;NON_VALIDE;;COG2026
70165;Combeaufontaine;;NON_VALIDE;;COG2026
70166;Comberjon;;NON_VALIDE;;COG2026
70167;Conflandey;;NON_VALIDE;;COG2026
70168;Conflans-sur-Lanterne;;NON_VALIDE;;COG2026
70169;Confracourt;;NON_VALIDE;;COG2026
70170;Contréglise;;NON_VALIDE;;COG2026
70171;Corbenay;;NON_VALIDE;;COG2026
70172;La Corbière;;NON_VALIDE;;COG2026
70174;Cordonnet;;NON_VALIDE;;COG2026
70175;Cornot;;NON_VALIDE;;COG2026
70176;Corravillers;;NON_VALIDE;;COG2026
70177;Corre;;NON_VALIDE;;COG2026
70178;La Côte;;NON_VALIDE;;COG2026
70179;Coulevon;;NON_VALIDE;;COG2026
70180;Belles-Fontaines;;NON_VALIDE;;COG2026
70181;Courcuire;;NON_VALIDE;;COG2026
70182;Courmont;;NON_VALIDE;;COG2026
70183;Courtesoult-et-Gatey;;NON_VALIDE;;COG2026
70184;Couthenans;;NON_VALIDE;;COG2026
70185;Cresancey;;NON_VALIDE;;COG2026
70186;La Creuse;;NON_VALIDE;;COG2026
70187;Crevans-et-la-Chapelle-lès-Granges;;NON_VALIDE;;COG2026
70188;Creveney;;NON_VALIDE;;COG2026
70189;Cromary;;NON_VALIDE;;COG2026
70190;Cubry-lès-Faverney;;NON_VALIDE;;COG2026
70192;Cugney;;NON_VALIDE;;COG2026
70193;Cult;;NON_VALIDE;;COG2026
70194;Cuve;;NON_VALIDE;;COG2026
70195;Dambenoît-lès-Colombe;;NON_VALIDE;;COG2026
70196;Dampierre-lès-Conflans;;NON_VALIDE;;COG2026
70197;Dampierre-sur-Linotte;;NON_VALIDE;;COG2026
70198;Dampierre-sur-Salon;;NON_VALIDE;;COG2026
70199;Dampvalley-lès-Colombe;;NON_VALIDE;;COG2026
70200;Dampvalley-Saint-Pancras;;NON_VALIDE;;COG2026
70201;Delain;;NON_VALIDE;;COG2026
70202;Demangevelle;;NON_VALIDE;;COG2026
70203;La Demie;;NON_VALIDE;;COG2026
70204;Denèvre;;NON_VALIDE;;COG2026
70205;Échavanne;;NON_VALIDE;;COG2026
70206;Échenans-sous-Mont-Vaudois;;NON_VALIDE;;COG2026
70207;Échenoz-la-Méline;;NON_VALIDE;;COG2026
70208;Échenoz-le-Sec;;NON_VALIDE;;COG2026
70210;Écromagny;;NON_VALIDE;;COG2026
70211;Écuelle;;NON_VALIDE;;COG2026
70213;Éhuns;;NON_VALIDE;;COG2026
70214;Équevilley;;NON_VALIDE;;COG2026
70215;Errevet;;NON_VALIDE;;COG2026
70216;Esboz-Brest;;NON_VALIDE;;COG2026
70217;Esmoulières;;NON_VALIDE;;COG2026
70218;Esmoulins;;NON_VALIDE;;COG2026
70219;Esprels;;NON_VALIDE;;COG2026
70220;Essertenne-et-Cecey;;NON_VALIDE;;COG2026
70221;Étobon;;NON_VALIDE;;COG2026
70222;Étrelles-et-la-Montbleuse;;NON_VALIDE;;COG2026
70224;Étuz;;NON_VALIDE;;COG2026
70225;Fahy-lès-Autrey;;NON_VALIDE;;COG2026
70226;Fallon;;NON_VALIDE;;COG2026
70227;Faucogney-et-la-Mer;;NON_VALIDE;;COG2026
70228;Faverney;;NON_VALIDE;;COG2026
70229;Faymont;;NON_VALIDE;;COG2026
70230;Fédry;;NON_VALIDE;;COG2026
70231;Ferrières-lès-Ray;;NON_VALIDE;;COG2026
70232;Ferrières-lès-Scey;;NON_VALIDE;;COG2026
70233;Les Fessey;;NON_VALIDE;;COG2026
70234;Filain;;NON_VALIDE;;COG2026
70235;Flagy;;NON_VALIDE;;COG2026
70236;Fleurey-lès-Faverney;;NON_VALIDE;;COG2026
70237;Fleurey-lès-Lavoncourt;;NON_VALIDE;;COG2026
70238;Fleurey-lès-Saint-Loup;;NON_VALIDE;;COG2026
70239;Fondremand;;NON_VALIDE;;COG2026
70240;Fontaine-lès-Luxeuil;;NON_VALIDE;;COG2026
70242;Fontenois-la-Ville;;NON_VALIDE;;COG2026
70243;Fontenois-lès-Montbozon;;NON_VALIDE;;COG2026
70244;Fouchécourt;;NON_VALIDE;;COG2026
70245;Fougerolles-Saint-Valbert;;NON_VALIDE;;COG2026
70247;Fouvent-Saint-Andoche;;NON_VALIDE;;COG2026
70248;Frahier-et-Chatebier;;NON_VALIDE;;COG2026
70249;Francalmont;;NON_VALIDE;;COG2026
70250;Franchevelle;;NON_VALIDE;;COG2026
70251;Francourt;;NON_VALIDE;;COG2026
70252;Framont;;NON_VALIDE;;COG2026
70253;Frasne-le-Château;;NON_VALIDE;;COG2026
70254;Frédéric-Fontaine;;NON_VALIDE;;COG2026
70255;Fresne-Saint-Mamès;;NON_VALIDE;;COG2026
70256;Fresse;;NON_VALIDE;;COG2026
70257;Fretigney-et-Velloreille;;NON_VALIDE;;COG2026
70258;Froideconche;;NON_VALIDE;;COG2026
70259;Froideterre;;NON_VALIDE;;COG2026
70260;Frotey-lès-Lure;;NON_VALIDE;;COG2026
70261;Frotey-lès-Vesoul;;NON_VALIDE;;COG2026
70262;Genevreuille;;NON_VALIDE;;COG2026
70263;Genevrey;;NON_VALIDE;;COG2026
70265;Germigney;;NON_VALIDE;;COG2026
70267;Gevigney-et-Mercey;;NON_VALIDE;;COG2026
70268;Gézier-et-Fontenelay;;NON_VALIDE;;COG2026
70269;Girefontaine;;NON_VALIDE;;COG2026
70271;Gouhenans;;NON_VALIDE;;COG2026
70272;Gourgeon;;NON_VALIDE;;COG2026
70273;Grammont;;NON_VALIDE;;COG2026
70274;Grandecourt;;NON_VALIDE;;COG2026
70275;Grandvelle-et-le-Perrenot;;NON_VALIDE;;COG2026
70276;Granges-la-Ville;;NON_VALIDE;;COG2026
70277;Granges-le-Bourg;;NON_VALIDE;;COG2026
70278;Grattery;;NON_VALIDE;;COG2026
70279;Gray;;NON_VALIDE;;COG2026
70280;Gray-la-Ville;;NON_VALIDE;;COG2026
70282;Gy;;NON_VALIDE;;COG2026
70283;Haut-du-Them-Château-Lambert;;NON_VALIDE;;COG2026
70284;Hautevelle;;NON_VALIDE;;COG2026
70285;Héricourt;;NON_VALIDE;;COG2026
70286;Hugier;;NON_VALIDE;;COG2026
70287;Hurecourt;;NON_VALIDE;;COG2026
70288;Hyet;;NON_VALIDE;;COG2026
70289;Igny;;NON_VALIDE;;COG2026
70290;Jasney;;NON_VALIDE;;COG2026
70291;Jonvelle;;NON_VALIDE;;COG2026
70292;Jussey;;NON_VALIDE;;COG2026
70293;Lambrey;;NON_VALIDE;;COG2026
70294;Lantenot;;NON_VALIDE;;COG2026
70295;La Lanterne-et-les-Armonts;;NON_VALIDE;;COG2026
70296;Larians-et-Munans;;NON_VALIDE;;COG2026
70297;Larret;;NON_VALIDE;;COG2026
70298;Lavigney;;NON_VALIDE;;COG2026
70299;Lavoncourt;;NON_VALIDE;;COG2026
70301;Lieffrans;;NON_VALIDE;;COG2026
70302;Lieucourt;;NON_VALIDE;;COG2026
70303;Liévans;;NON_VALIDE;;COG2026
70304;Linexert;;NON_VALIDE;;COG2026
70305;Lœuilley;;NON_VALIDE;;COG2026
70306;Lomont;;NON_VALIDE;;COG2026
70307;Longevelle;;NON_VALIDE;;COG2026
70308;La Longine;;NON_VALIDE;;COG2026
70309;Loulans-Verchamp;;NON_VALIDE;;COG2026
70310;Lure;;NON_VALIDE;;COG2026
70311;Luxeuil-les-Bains;;NON_VALIDE;;COG2026
70312;Luze;;NON_VALIDE;;COG2026
70313;Lyoffans;;NON_VALIDE;;COG2026
70314;Magnivray;;NON_VALIDE;;COG2026
70315;Magnoncourt;;NON_VALIDE;;COG2026
70316;Le Magnoray;;NON_VALIDE;;COG2026
70317;Les Magny;;NON_VALIDE;;COG2026
70318;Magny-Danigon;;NON_VALIDE;;COG2026
70319;Magny-Jobert;;NON_VALIDE;;COG2026
70320;Magny-lès-Jussey;;NON_VALIDE;;COG2026
70321;Magny-Vernois;;NON_VALIDE;;COG2026
70322;Mailleroncourt-Charette;;NON_VALIDE;;COG2026
70323;Mailleroncourt-Saint-Pancras;;NON_VALIDE;;COG2026
70324;Mailley-et-Chazelot;;NON_VALIDE;;COG2026
70325;Maizières;;NON_VALIDE;;COG2026
70326;La Malachère;;NON_VALIDE;;COG2026
70327;Malans;;NON_VALIDE;;COG2026
70328;Malbouhans;;NON_VALIDE;;COG2026
70329;Malvillers;;NON_VALIDE;;COG2026
70330;Mandrevillars;;NON_VALIDE;;COG2026
70331;Mantoche;;NON_VALIDE;;COG2026
70332;Marast;;NON_VALIDE;;COG2026
70334;Marnay;;NON_VALIDE;;COG2026
70335;Maussans;;NON_VALIDE;;COG2026
70336;Mélecey;;NON_VALIDE;;COG2026
70337;Melin;;NON_VALIDE;;COG2026
70338;Melincourt;;NON_VALIDE;;COG2026
70339;Mélisey;;NON_VALIDE;;COG2026
70340;Membrey;;NON_VALIDE;;COG2026
70341;Menoux;;NON_VALIDE;;COG2026
70342;Mercey-sur-Saône;;NON_VALIDE;;COG2026
70343;Mersuay;;NON_VALIDE;;COG2026
70344;Meurcourt;;NON_VALIDE;;COG2026
70347;Mignavillers;;NON_VALIDE;;COG2026
70348;Moffans-et-Vacheresse;;NON_VALIDE;;COG2026
70349;Moimay;;NON_VALIDE;;COG2026
70350;Molay;;NON_VALIDE;;COG2026
70351;Mollans;;NON_VALIDE;;COG2026
70352;La Montagne;;NON_VALIDE;;COG2026
70353;Montagney;;NON_VALIDE;;COG2026
70355;Montarlot-lès-Rioz;;NON_VALIDE;;COG2026
70356;Montboillon;;NON_VALIDE;;COG2026
70357;Montbozon;;NON_VALIDE;;COG2026
70358;Montcey;;NON_VALIDE;;COG2026
70359;Montcourt;;NON_VALIDE;;COG2026
70360;Montdoré;;NON_VALIDE;;COG2026
70361;Montessaux;;NON_VALIDE;;COG2026
70362;Montigny-lès-Cherlieu;;NON_VALIDE;;COG2026
70363;Montigny-lès-Vesoul;;NON_VALIDE;;COG2026
70364;Montjustin-et-Velotte;;NON_VALIDE;;COG2026
70366;Villers-Chemin-et-Mont-lès-Étrelles;;NON_VALIDE;;COG2026
70367;Mont-le-Vernois;;NON_VALIDE;;COG2026
70368;Montot;;NON_VALIDE;;COG2026
70369;Mont-Saint-Léger;;NON_VALIDE;;COG2026
70371;Montureux-et-Prantigny;;NON_VALIDE;;COG2026
70372;Montureux-lès-Baulay;;NON_VALIDE;;COG2026
70373;La Roche-Morey;;NON_VALIDE;;COG2026
70374;Motey-Besuche;;NON_VALIDE;;COG2026
70376;Nantilly;;NON_VALIDE;;COG2026
70378;Navenne;;NON_VALIDE;;COG2026
70380;Neurey-en-Vaux;;NON_VALIDE;;COG2026
70381;Neurey-lès-la-Demie;;NON_VALIDE;;COG2026
70383;Neuvelle-lès-Cromary;;NON_VALIDE;;COG2026
70384;Neuvelle-lès-la-Charité;;NON_VALIDE;;COG2026
70385;La Neuvelle-lès-Lure;;NON_VALIDE;;COG2026
70386;La Neuvelle-lès-Scey;;NON_VALIDE;;COG2026
70387;Noidans-le-Ferroux;;NON_VALIDE;;COG2026
70388;Noidans-lès-Vesoul;;NON_VALIDE;;COG2026
70389;Noiron;;NON_VALIDE;;COG2026
70390;Noroy-le-Bourg;;NON_VALIDE;;COG2026
70392;Oigney;;NON_VALIDE;;COG2026
70393;Oiselay-et-Grachaux;;NON_VALIDE;;COG2026
70394;Onay;;NON_VALIDE;;COG2026
70395;Oppenans;;NON_VALIDE;;COG2026
70396;Oricourt;;NON_VALIDE;;COG2026
70397;Ormenans;;NON_VALIDE;;COG2026
70398;Ormoiche;;NON_VALIDE;;COG2026
70399;Ormoy;;NON_VALIDE;;COG2026
70400;Ouge;;NON_VALIDE;;COG2026
70401;Ovanches;;NON_VALIDE;;COG2026
70402;Oyrières;;NON_VALIDE;;COG2026
70403;Palante;;NON_VALIDE;;COG2026
70404;Passavant-la-Rochère;;NON_VALIDE;;COG2026
70405;Pennesières;;NON_VALIDE;;COG2026
70406;Percey-le-Grand;;NON_VALIDE;;COG2026
70407;Perrouse;;NON_VALIDE;;COG2026
70408;Pesmes;;NON_VALIDE;;COG2026
70409;Pierrecourt;;NON_VALIDE;;COG2026
70410;Pin;;NON_VALIDE;;COG2026
70411;La Pisseure;;NON_VALIDE;;COG2026
70412;Plainemont;;NON_VALIDE;;COG2026
70413;Plancher-Bas;;NON_VALIDE;;COG2026
70414;Plancher-les-Mines;;NON_VALIDE;;COG2026
70415;Polaincourt-et-Clairefontaine;;NON_VALIDE;;COG2026
70416;Pomoy;;NON_VALIDE;;COG2026
70417;Pontcey;;NON_VALIDE;;COG2026
70418;La Romaine;;NON_VALIDE;;COG2026
70419;Pont-du-Bois;;NON_VALIDE;;COG2026
70420;Pont-sur-l'Ognon;;NON_VALIDE;;COG2026
70421;Port-sur-Saône;;NON_VALIDE;;COG2026
70422;Poyans;;NON_VALIDE;;COG2026
70423;Preigney;;NON_VALIDE;;COG2026
70425;La Proiselière-et-Langle;;NON_VALIDE;;COG2026
70426;Provenchère;;NON_VALIDE;;COG2026
70427;Purgerot;;NON_VALIDE;;COG2026
70428;Pusey;;NON_VALIDE;;COG2026
70429;Pusy-et-Épenoux;;NON_VALIDE;;COG2026
70430;La Quarte;;NON_VALIDE;;COG2026
70431;Quenoche;;NON_VALIDE;;COG2026
70432;Quers;;NON_VALIDE;;COG2026
70433;Quincey;;NON_VALIDE;;COG2026
70435;Raddon-et-Chapendu;;NON_VALIDE;;COG2026
70436;Raincourt;;NON_VALIDE;;COG2026
70437;Ranzevelle;;NON_VALIDE;;COG2026
70438;Ray-sur-Saône;;NON_VALIDE;;COG2026
70439;Raze;;NON_VALIDE;;COG2026
70440;Recologne;;NON_VALIDE;;COG2026
70441;Recologne-lès-Rioz;;NON_VALIDE;;COG2026
70442;Renaucourt;;NON_VALIDE;;COG2026
70443;La Grande-Résie;;NON_VALIDE;;COG2026
70444;La Résie-Saint-Martin;;NON_VALIDE;;COG2026
70445;Rignovelle;;NON_VALIDE;;COG2026
70446;Rigny;;NON_VALIDE;;COG2026
70447;Rioz;;NON_VALIDE;;COG2026
70448;Roche-et-Raucourt;;NON_VALIDE;;COG2026
70449;Roche-sur-Linotte-et-Sorans-les-Cordiers;;NON_VALIDE;;COG2026
70450;La Rochelle;;NON_VALIDE;;COG2026
70451;Ronchamp;;NON_VALIDE;;COG2026
70452;Rosey;;NON_VALIDE;;COG2026
70453;La Rosière;;NON_VALIDE;;COG2026
70454;Rosières-sur-Mance;;NON_VALIDE;;COG2026
70455;Roye;;NON_VALIDE;;COG2026
70456;Ruhans;;NON_VALIDE;;COG2026
70457;Rupt-sur-Saône;;NON_VALIDE;;COG2026
70459;Saint-Barthélemy;;NON_VALIDE;;COG2026
70460;Saint-Bresson;;NON_VALIDE;;COG2026
70461;Saint-Broing;;NON_VALIDE;;COG2026
70462;Saint-Ferjeux;;NON_VALIDE;;COG2026
70463;Saint-Gand;;NON_VALIDE;;COG2026
70464;Saint-Germain;;NON_VALIDE;;COG2026
70466;Saint-Loup-Nantouard;;NON_VALIDE;;COG2026
70467;Saint-Loup-sur-Semouse;;NON_VALIDE;;COG2026
70468;Saint-Marcel;;NON_VALIDE;;COG2026
70469;Sainte-Marie-en-Chanois;;NON_VALIDE;;COG2026
70470;Sainte-Marie-en-Chaux;;NON_VALIDE;;COG2026
70471;Sainte-Reine;;NON_VALIDE;;COG2026
70472;Saint-Rémy-en-Comté;;NON_VALIDE;;COG2026
70473;Saint-Sauveur;;NON_VALIDE;;COG2026
70474;Saint-Sulpice;;NON_VALIDE;;COG2026
70476;Saponcourt;;NON_VALIDE;;COG2026
70477;Saulnot;;NON_VALIDE;;COG2026
70478;Saulx;;NON_VALIDE;;COG2026
70479;Sauvigney-lès-Gray;;NON_VALIDE;;COG2026
70480;Sauvigney-lès-Pesmes;;NON_VALIDE;;COG2026
70481;Savoyeux;;NON_VALIDE;;COG2026
70482;Scey-sur-Saône-et-Saint-Albin;;NON_VALIDE;;COG2026
70483;Scye;;NON_VALIDE;;COG2026
70484;Secenans;;NON_VALIDE;;COG2026
70485;Selles;;NON_VALIDE;;COG2026
70486;Semmadon;;NON_VALIDE;;COG2026
70487;Senargent-Mignafans;;NON_VALIDE;;COG2026
70488;Senoncourt;;NON_VALIDE;;COG2026
70489;Servance-Miellin;;NON_VALIDE;;COG2026
70490;Servigney;;NON_VALIDE;;COG2026
70491;Seveux-Motey;;NON_VALIDE;;COG2026
70492;Soing-Cubry-Charentenay;;NON_VALIDE;;COG2026
70493;Sorans-lès-Breurey;;NON_VALIDE;;COG2026
70494;Sornay;;NON_VALIDE;;COG2026
70496;Tartécourt;;NON_VALIDE;;COG2026
70498;Ternuay-Melay-et-Saint-Hilaire;;NON_VALIDE;;COG2026
70499;Theuley;;NON_VALIDE;;COG2026
70500;Thieffrans;;NON_VALIDE;;COG2026
70501;Thiénans;;NON_VALIDE;;COG2026
70502;Tincey-et-Pontrebeau;;NON_VALIDE;;COG2026
70503;Traitiéfontaine;;NON_VALIDE;;COG2026
70504;Traves;;NON_VALIDE;;COG2026
70505;Le Tremblois;;NON_VALIDE;;COG2026
70506;Trémoins;;NON_VALIDE;;COG2026
70507;Trésilley;;NON_VALIDE;;COG2026
70509;Tromarey;;NON_VALIDE;;COG2026
70510;Vadans;;NON_VALIDE;;COG2026
70511;Vaite;;NON_VALIDE;;COG2026
70512;La Vaivre;;NON_VALIDE;;COG2026
70513;Vaivre-et-Montoille;;NON_VALIDE;;COG2026
70514;Valay;;NON_VALIDE;;COG2026
70515;Le Val-de-Gouhenans;;NON_VALIDE;;COG2026
70516;Vallerois-le-Bois;;NON_VALIDE;;COG2026
70517;Vallerois-Lorioz;;NON_VALIDE;;COG2026
70518;Le Val-Saint-Éloi;;NON_VALIDE;;COG2026
70519;Vandelans;;NON_VALIDE;;COG2026
70520;Vanne;;NON_VALIDE;;COG2026
70521;Vantoux-et-Longevelle;;NON_VALIDE;;COG2026
70522;Varogne;;NON_VALIDE;;COG2026
70523;Vars;;NON_VALIDE;;COG2026
70524;Vauchoux;;NON_VALIDE;;COG2026
70525;Vauconcourt-Nervezain;;NON_VALIDE;;COG2026
70526;Vauvillers;;NON_VALIDE;;COG2026
70527;Vaux-le-Moncelot;;NON_VALIDE;;COG2026
70528;Velesmes-Échevanne;;NON_VALIDE;;COG2026
70529;Velet;;NON_VALIDE;;COG2026
70531;Velleclaire;;NON_VALIDE;;COG2026
70532;Vellefaux;;NON_VALIDE;;COG2026
70533;Vellefrey-et-Vellefrange;;NON_VALIDE;;COG2026
70534;Vellefrie;;NON_VALIDE;;COG2026
70535;Velleguindry-et-Levrecey;;NON_VALIDE;;COG2026
70536;Velle-le-Châtel;;NON_VALIDE;;COG2026
70537;Velleminfroy;;NON_VALIDE;;COG2026
70538;Vellemoz;;NON_VALIDE;;COG2026
70539;Vellexon-Queutrey-et-Vaudey;;NON_VALIDE;;COG2026
70540;Velloreille-lès-Choye;;NON_VALIDE;;COG2026
70541;Velorcey;;NON_VALIDE;;COG2026
70542;Venère;;NON_VALIDE;;COG2026
70544;La Vergenne;;NON_VALIDE;;COG2026
70545;Venisey;;NON_VALIDE;;COG2026
70546;Vereux;;NON_VALIDE;;COG2026
70547;Verlans;;NON_VALIDE;;COG2026
70548;Vernois-sur-Mance;;NON_VALIDE;;COG2026
70549;La Vernotte;;NON_VALIDE;;COG2026
70550;Vesoul;;NON_VALIDE;;COG2026
70552;Villafans;;NON_VALIDE;;COG2026
70553;Villargent;;NON_VALIDE;;COG2026
70554;Villars-le-Pautel;;NON_VALIDE;;COG2026
70555;La Villedieu-en-Fontenette;;NON_VALIDE;;COG2026
70558;La Villeneuve-Bellenoye-et-la-Maize;;NON_VALIDE;;COG2026
70559;Villeparois;;NON_VALIDE;;COG2026
70560;Villers-Bouton;;NON_VALIDE;;COG2026
70561;Villersexel;;NON_VALIDE;;COG2026
70562;Villers-la-Ville;;NON_VALIDE;;COG2026
70563;Villers-le-Sec;;NON_VALIDE;;COG2026
70564;Villers-lès-Luxeuil;;NON_VALIDE;;COG2026
70565;Villers-Pater;;NON_VALIDE;;COG2026
70566;Villers-sur-Port;;NON_VALIDE;;COG2026
70567;Villers-sur-Saulnot;;NON_VALIDE;;COG2026
70568;Villers-Vaudey;;NON_VALIDE;;COG2026
70569;Vilory;;NON_VALIDE;;COG2026
70571;Visoncourt;;NON_VALIDE;;COG2026
70572;Vitrey-sur-Mance;;NON_VALIDE;;COG2026
70573;La Voivre;;NON_VALIDE;;COG2026
70574;Volon;;NON_VALIDE;;COG2026
70575;Voray-sur-l'Ognon;;NON_VALIDE;;COG2026
70576;Vougécourt;;NON_VALIDE;;COG2026
70577;Vouhenans;;NON_VALIDE;;COG2026
70578;Vregille;;NON_VALIDE;;COG2026
70579;Vyans-le-Val;;NON_VALIDE;;COG2026
70580;Vy-le-Ferroux;;NON_VALIDE;;COG2026
70581;Vy-lès-Lure;;NON_VALIDE;;COG2026
70582;Vy-lès-Rupt;;NON_VALIDE;;COG2026
70583;Vy-lès-Filain;;NON_VALIDE;;COG2026
71001;L'Abergement-de-Cuisery;;NON_VALIDE;;COG2026
71002;L'Abergement-Sainte-Colombe;;NON_VALIDE;;COG2026
71003;Allerey-sur-Saône;;NON_VALIDE;;COG2026
71004;Allériot;;NON_VALIDE;;COG2026
71005;Aluze;;NON_VALIDE;;COG2026
71006;Amanzé;;NON_VALIDE;;COG2026
71007;Ameugny;;NON_VALIDE;;COG2026
71008;Anglure-sous-Dun;;NON_VALIDE;;COG2026
71009;Anost;;NON_VALIDE;;COG2026
71010;Antully;;NON_VALIDE;;COG2026
71011;Anzy-le-Duc;;NON_VALIDE;;COG2026
71012;Artaix;;NON_VALIDE;;COG2026
71013;Authumes;;NON_VALIDE;;COG2026
71014;Autun;;NON_VALIDE;;COG2026
71015;Auxy;;NON_VALIDE;;COG2026
71016;Azé;;NON_VALIDE;;COG2026
71017;Ballore;;NON_VALIDE;;COG2026
71018;Bantanges;;NON_VALIDE;;COG2026
71019;Barizey;;NON_VALIDE;;COG2026
71020;Barnay;;NON_VALIDE;;COG2026
71021;Baron;;NON_VALIDE;;COG2026
71022;Baudemont;;NON_VALIDE;;COG2026
71023;Baudrières;;NON_VALIDE;;COG2026
71024;Baugy;;NON_VALIDE;;COG2026
71025;Beaubery;;NON_VALIDE;;COG2026
71026;Beaumont-sur-Grosne;;NON_VALIDE;;COG2026
71027;Beaurepaire-en-Bresse;;NON_VALIDE;;COG2026
71028;Beauvernois;;NON_VALIDE;;COG2026
71029;Bellevesvre;;NON_VALIDE;;COG2026
71030;Bergesserin;;NON_VALIDE;;COG2026
71031;Berzé-le-Châtel;;NON_VALIDE;;COG2026
71032;Berzé-la-Ville;;NON_VALIDE;;COG2026
71033;Bey;;NON_VALIDE;;COG2026
71034;Bissey-sous-Cruchaud;;NON_VALIDE;;COG2026
71035;Bissy-la-Mâconnaise;;NON_VALIDE;;COG2026
71036;Bissy-sous-Uxelles;;NON_VALIDE;;COG2026
71037;Bissy-sur-Fley;;NON_VALIDE;;COG2026
71038;Les Bizots;;NON_VALIDE;;COG2026
71039;Blanot;;NON_VALIDE;;COG2026
71040;Blanzy;;NON_VALIDE;;COG2026
71041;Bois-Sainte-Marie;;NON_VALIDE;;COG2026
71042;Bonnay-Saint-Ythaire;;NON_VALIDE;;COG2026
71043;Les Bordes;;NON_VALIDE;;COG2026
71044;Bosjean;;NON_VALIDE;;COG2026
71045;Bouhans;;NON_VALIDE;;COG2026
71046;La Boulaye;;NON_VALIDE;;COG2026
71047;Bourbon-Lancy;;NON_VALIDE;;COG2026
71048;Bourg-le-Comte;;NON_VALIDE;;COG2026
71050;Bourgvilain;;NON_VALIDE;;COG2026
71051;Bouzeron;;NON_VALIDE;;COG2026
71052;Boyer;;NON_VALIDE;;COG2026
71054;Bragny-sur-Saône;;NON_VALIDE;;COG2026
71056;Branges;;NON_VALIDE;;COG2026
71057;Bray;;NON_VALIDE;;COG2026
71058;Bresse-sur-Grosne;;NON_VALIDE;;COG2026
71059;Le Breuil;;NON_VALIDE;;COG2026
71060;Briant;;NON_VALIDE;;COG2026
71061;Brienne;;NON_VALIDE;;COG2026
71062;Brion;;NON_VALIDE;;COG2026
71063;Broye;;NON_VALIDE;;COG2026
71064;Bruailles;;NON_VALIDE;;COG2026
71065;Buffières;;NON_VALIDE;;COG2026
71066;Burgy;;NON_VALIDE;;COG2026
71067;Burnand;;NON_VALIDE;;COG2026
71068;Burzy;;NON_VALIDE;;COG2026
71069;Bussières;;NON_VALIDE;;COG2026
71070;Buxy;;NON_VALIDE;;COG2026
71071;Céron;;NON_VALIDE;;COG2026
71072;Cersot;;NON_VALIDE;;COG2026
71073;Chagny;;NON_VALIDE;;COG2026
71074;Chaintré;;NON_VALIDE;;COG2026
71075;Chalmoux;;NON_VALIDE;;COG2026
71076;Chalon-sur-Saône;;NON_VALIDE;;COG2026
71077;Chambilly;;NON_VALIDE;;COG2026
71078;Chamilly;;NON_VALIDE;;COG2026
71079;Champagnat;;NON_VALIDE;;COG2026
71080;Champagny-sous-Uxelles;;NON_VALIDE;;COG2026
71081;Champforgeuil;;NON_VALIDE;;COG2026
71082;Champlecy;;NON_VALIDE;;COG2026
71084;Chânes;;NON_VALIDE;;COG2026
71085;Change;;NON_VALIDE;;COG2026
71086;Changy;;NON_VALIDE;;COG2026
71087;Chapaize;;NON_VALIDE;;COG2026
71088;La Chapelle-au-Mans;;NON_VALIDE;;COG2026
71089;La Chapelle-de-Bragny;;NON_VALIDE;;COG2026
71090;La Chapelle-de-Guinchay;;NON_VALIDE;;COG2026
71091;La Chapelle-du-Mont-de-France;;NON_VALIDE;;COG2026
71092;La Chapelle-Naude;;NON_VALIDE;;COG2026
71093;La Chapelle-Saint-Sauveur;;NON_VALIDE;;COG2026
71094;La Chapelle-sous-Brancion;;NON_VALIDE;;COG2026
71095;La Chapelle-sous-Dun;;NON_VALIDE;;COG2026
71096;La Chapelle-sous-Uchon;;NON_VALIDE;;COG2026
71097;La Chapelle-Thècle;;NON_VALIDE;;COG2026
71098;Charbonnat;;NON_VALIDE;;COG2026
71099;Charbonnières;;NON_VALIDE;;COG2026
71100;Chardonnay;;NON_VALIDE;;COG2026
71101;Charette-Varennes;;NON_VALIDE;;COG2026
71102;La Charmée;;NON_VALIDE;;COG2026
71103;Charmoy;;NON_VALIDE;;COG2026
71104;Charnay-lès-Chalon;;NON_VALIDE;;COG2026
71105;Charnay-lès-Mâcon;;NON_VALIDE;;COG2026
71106;Charolles;;NON_VALIDE;;COG2026
71107;Charrecey;;NON_VALIDE;;COG2026
71108;Chasselas;;NON_VALIDE;;COG2026
71109;Chassey-le-Camp;;NON_VALIDE;;COG2026
71110;Chassigny-sous-Dun;;NON_VALIDE;;COG2026
71111;Chassy;;NON_VALIDE;;COG2026
71112;Château;;NON_VALIDE;;COG2026
71113;Châteauneuf;;NON_VALIDE;;COG2026
71115;Châtel-Moron;;NON_VALIDE;;COG2026
71116;Châtenay;;NON_VALIDE;;COG2026
71117;Châtenoy-en-Bresse;;NON_VALIDE;;COG2026
71118;Châtenoy-le-Royal;;NON_VALIDE;;COG2026
71119;Chaudenay;;NON_VALIDE;;COG2026
71120;Chauffailles;;NON_VALIDE;;COG2026
71121;La Chaux;;NON_VALIDE;;COG2026
71122;Cheilly-lès-Maranges;;NON_VALIDE;;COG2026
71123;Chenay-le-Châtel;;NON_VALIDE;;COG2026
71124;Chenôves;;NON_VALIDE;;COG2026
71125;Chérizet;;NON_VALIDE;;COG2026
71126;Chevagny-les-Chevrières;;NON_VALIDE;;COG2026
71127;Chevagny-sur-Guye;;NON_VALIDE;;COG2026
71128;Chiddes;;NON_VALIDE;;COG2026
71129;Chissey-en-Morvan;;NON_VALIDE;;COG2026
71130;Chissey-lès-Mâcon;;NON_VALIDE;;COG2026
71132;Ciry-le-Noble;;NON_VALIDE;;COG2026
71133;La Clayette;;NON_VALIDE;;COG2026
71134;Navour-sur-Grosne;;NON_VALIDE;;COG2026
71135;Clessé;;NON_VALIDE;;COG2026
71136;Clessy;;NON_VALIDE;;COG2026
71137;Cluny;;NON_VALIDE;;COG2026
71139;Collonge-en-Charollais;;NON_VALIDE;;COG2026
71140;Collonge-la-Madeleine;;NON_VALIDE;;COG2026
71141;Colombier-en-Brionnais;;NON_VALIDE;;COG2026
71142;La Comelle;;NON_VALIDE;;COG2026
71143;Condal;;NON_VALIDE;;COG2026
71144;Cordesse;;NON_VALIDE;;COG2026
71145;Cormatin;;NON_VALIDE;;COG2026
71146;Cortambert;;NON_VALIDE;;COG2026
71147;Cortevaix;;NON_VALIDE;;COG2026
71148;Coublanc;;NON_VALIDE;;COG2026
71149;Couches;;NON_VALIDE;;COG2026
71150;Crêches-sur-Saône;;NON_VALIDE;;COG2026
71151;Créot;;NON_VALIDE;;COG2026
71152;Cressy-sur-Somme;;NON_VALIDE;;COG2026
71153;Le Creusot;;NON_VALIDE;;COG2026
71154;Crissey;;NON_VALIDE;;COG2026
71155;Cronat;;NON_VALIDE;;COG2026
71156;Cruzille;;NON_VALIDE;;COG2026
71157;Cuiseaux;;NON_VALIDE;;COG2026
71158;Cuisery;;NON_VALIDE;;COG2026
71159;Culles-les-Roches;;NON_VALIDE;;COG2026
71160;Curbigny;;NON_VALIDE;;COG2026
71161;Curdin;;NON_VALIDE;;COG2026
71162;Curgy;;NON_VALIDE;;COG2026
71163;Curtil-sous-Buffières;;NON_VALIDE;;COG2026
71164;Curtil-sous-Burnand;;NON_VALIDE;;COG2026
71165;Cussy-en-Morvan;;NON_VALIDE;;COG2026
71166;Cuzy;;NON_VALIDE;;COG2026
71167;Damerey;;NON_VALIDE;;COG2026
71168;Dampierre-en-Bresse;;NON_VALIDE;;COG2026
71169;Davayé;;NON_VALIDE;;COG2026
71170;Demigny;;NON_VALIDE;;COG2026
71171;Dennevy;;NON_VALIDE;;COG2026
71172;Dettey;;NON_VALIDE;;COG2026
71173;Devrouze;;NON_VALIDE;;COG2026
71174;Dezize-lès-Maranges;;NON_VALIDE;;COG2026
71175;Diconne;;NON_VALIDE;;COG2026
71176;Digoin;;NON_VALIDE;;COG2026
71177;Dommartin-lès-Cuiseaux;;NON_VALIDE;;COG2026
71178;Dompierre-les-Ormes;;NON_VALIDE;;COG2026
71179;Dompierre-sous-Sanvignes;;NON_VALIDE;;COG2026
71181;Donzy-le-Pertuis;;NON_VALIDE;;COG2026
71182;Dracy-le-Fort;;NON_VALIDE;;COG2026
71183;Dracy-lès-Couches;;NON_VALIDE;;COG2026
71184;Dracy-Saint-Loup;;NON_VALIDE;;COG2026
71185;Dyo;;NON_VALIDE;;COG2026
71186;Écuelles;;NON_VALIDE;;COG2026
71187;Écuisses;;NON_VALIDE;;COG2026
71188;Épertully;;NON_VALIDE;;COG2026
71189;Épervans;;NON_VALIDE;;COG2026
71190;Épinac;;NON_VALIDE;;COG2026
71191;Essertenne;;NON_VALIDE;;COG2026
71192;Étang-sur-Arroux;;NON_VALIDE;;COG2026
71193;Étrigny;;NON_VALIDE;;COG2026
71194;Farges-lès-Chalon;;NON_VALIDE;;COG2026
71195;Farges-lès-Mâcon;;NON_VALIDE;;COG2026
71196;Le Fay;;NON_VALIDE;;COG2026
71198;Flacey-en-Bresse;;NON_VALIDE;;COG2026
71199;Flagy;;NON_VALIDE;;COG2026
71200;Fleury-la-Montagne;;NON_VALIDE;;COG2026
71201;Fley;;NON_VALIDE;;COG2026
71202;Fontaines;;NON_VALIDE;;COG2026
71203;Fontenay;;NON_VALIDE;;COG2026
71204;Fragnes-La Loyère;;NON_VALIDE;;COG2026
71205;Frangy-en-Bresse;;NON_VALIDE;;COG2026
71206;La Frette;;NON_VALIDE;;COG2026
71207;Fretterans;;NON_VALIDE;;COG2026
71208;Frontenard;;NON_VALIDE;;COG2026
71209;Frontenaud;;NON_VALIDE;;COG2026
71210;Fuissé;;NON_VALIDE;;COG2026
71212;Génelard;;NON_VALIDE;;COG2026
71213;La Genête;;NON_VALIDE;;COG2026
71214;Genouilly;;NON_VALIDE;;COG2026
71215;Gergy;;NON_VALIDE;;COG2026
71216;Germagny;;NON_VALIDE;;COG2026
71217;Germolles-sur-Grosne;;NON_VALIDE;;COG2026
71218;Gibles;;NON_VALIDE;;COG2026
71219;Gigny-sur-Saône;;NON_VALIDE;;COG2026
71220;Gilly-sur-Loire;;NON_VALIDE;;COG2026
71221;Givry;;NON_VALIDE;;COG2026
71222;Gourdon;;NON_VALIDE;;COG2026
71223;La Grande-Verrière;;NON_VALIDE;;COG2026
71224;Grandvaux;;NON_VALIDE;;COG2026
71225;Granges;;NON_VALIDE;;COG2026
71226;Grevilly;;NON_VALIDE;;COG2026
71227;Grury;;NON_VALIDE;;COG2026
71228;Guerfand;;NON_VALIDE;;COG2026
71229;Les Guerreaux;;NON_VALIDE;;COG2026
71230;Gueugnon;;NON_VALIDE;;COG2026
71231;La Guiche;;NON_VALIDE;;COG2026
71232;Hautefond;;NON_VALIDE;;COG2026
71233;L'Hôpital-le-Mercier;;NON_VALIDE;;COG2026
71234;Huilly-sur-Seille;;NON_VALIDE;;COG2026
71235;Hurigny;;NON_VALIDE;;COG2026
71236;Igé;;NON_VALIDE;;COG2026
71237;Igornay;;NON_VALIDE;;COG2026
71238;Iguerande;;NON_VALIDE;;COG2026
71239;Issy-l'Évêque;;NON_VALIDE;;COG2026
71240;Jalogny;;NON_VALIDE;;COG2026
71241;Jambles;;NON_VALIDE;;COG2026
71242;Joncy;;NON_VALIDE;;COG2026
71243;Joudes;;NON_VALIDE;;COG2026
71244;Jouvençon;;NON_VALIDE;;COG2026
71245;Jugy;;NON_VALIDE;;COG2026
71246;Juif;;NON_VALIDE;;COG2026
71247;Jully-lès-Buxy;;NON_VALIDE;;COG2026
71248;Lacrost;;NON_VALIDE;;COG2026
71249;Laives;;NON_VALIDE;;COG2026
71250;Laizé;;NON_VALIDE;;COG2026
71251;Laizy;;NON_VALIDE;;COG2026
71252;Lalheue;;NON_VALIDE;;COG2026
71253;Lans;;NON_VALIDE;;COG2026
71254;Lays-sur-le-Doubs;;NON_VALIDE;;COG2026
71255;Lesme;;NON_VALIDE;;COG2026
71256;Lessard-en-Bresse;;NON_VALIDE;;COG2026
71257;Lessard-le-National;;NON_VALIDE;;COG2026
71258;Leynes;;NON_VALIDE;;COG2026
71259;Ligny-en-Brionnais;;NON_VALIDE;;COG2026
71261;Loisy;;NON_VALIDE;;COG2026
71262;Longepierre;;NON_VALIDE;;COG2026
71263;Louhans;;NON_VALIDE;;COG2026
71264;Lournand;;NON_VALIDE;;COG2026
71266;Lucenay-l'Évêque;;NON_VALIDE;;COG2026
71267;Lugny;;NON_VALIDE;;COG2026
71268;Lugny-lès-Charolles;;NON_VALIDE;;COG2026
71269;Lux;;NON_VALIDE;;COG2026
71270;Mâcon;;NON_VALIDE;;COG2026
71271;Mailly;;NON_VALIDE;;COG2026
71272;Malay;;NON_VALIDE;;COG2026
71273;Maltat;;NON_VALIDE;;COG2026
71274;Mancey;;NON_VALIDE;;COG2026
71275;Marcigny;;NON_VALIDE;;COG2026
71276;Marcilly-la-Gueurce;;NON_VALIDE;;COG2026
71277;Marcilly-lès-Buxy;;NON_VALIDE;;COG2026
71278;Marigny;;NON_VALIDE;;COG2026
71279;Le Rousset-Marizy;;NON_VALIDE;;COG2026
71280;Marly-sous-Issy;;NON_VALIDE;;COG2026
71281;Marly-sur-Arroux;;NON_VALIDE;;COG2026
71282;Marmagne;;NON_VALIDE;;COG2026
71283;Marnay;;NON_VALIDE;;COG2026
71284;Martailly-lès-Brancion;;NON_VALIDE;;COG2026
71285;Martigny-le-Comte;;NON_VALIDE;;COG2026
71286;Mary;;NON_VALIDE;;COG2026
71287;Massilly;;NON_VALIDE;;COG2026
71289;Matour;;NON_VALIDE;;COG2026
71290;Mazille;;NON_VALIDE;;COG2026
71291;Melay;;NON_VALIDE;;COG2026
71292;Mellecey;;NON_VALIDE;;COG2026
71293;Ménetreuil;;NON_VALIDE;;COG2026
71294;Mercurey;;NON_VALIDE;;COG2026
71295;Mervans;;NON_VALIDE;;COG2026
71296;Messey-sur-Grosne;;NON_VALIDE;;COG2026
71297;Mesvres;;NON_VALIDE;;COG2026
71299;Milly-Lamartine;;NON_VALIDE;;COG2026
71300;Le Miroir;;NON_VALIDE;;COG2026
71301;Mont;;NON_VALIDE;;COG2026
71302;Montagny-lès-Buxy;;NON_VALIDE;;COG2026
71303;Montagny-près-Louhans;;NON_VALIDE;;COG2026
71305;Montbellet;;NON_VALIDE;;COG2026
71306;Montceau-les-Mines;;NON_VALIDE;;COG2026
71307;Montceaux-l'Étoile;;NON_VALIDE;;COG2026
71308;Montceaux-Ragny;;NON_VALIDE;;COG2026
71309;Montcenis;;NON_VALIDE;;COG2026
71310;Montchanin;;NON_VALIDE;;COG2026
71311;Montcony;;NON_VALIDE;;COG2026
71312;Montcoy;;NON_VALIDE;;COG2026
71313;Monthelon;;NON_VALIDE;;COG2026
71314;Montjay;;NON_VALIDE;;COG2026
71315;Mont-lès-Seurre;;NON_VALIDE;;COG2026
71316;Montmelard;;NON_VALIDE;;COG2026
71317;Montmort;;NON_VALIDE;;COG2026
71318;Montpont-en-Bresse;;NON_VALIDE;;COG2026
71319;Montret;;NON_VALIDE;;COG2026
71320;Mont-Saint-Vincent;;NON_VALIDE;;COG2026
71321;Morey;;NON_VALIDE;;COG2026
71322;Morlet;;NON_VALIDE;;COG2026
71323;Mornay;;NON_VALIDE;;COG2026
71324;Moroges;;NON_VALIDE;;COG2026
71325;La Motte-Saint-Jean;;NON_VALIDE;;COG2026
71326;Mouthier-en-Bresse;;NON_VALIDE;;COG2026
71327;Mussy-sous-Dun;;NON_VALIDE;;COG2026
71328;Nanton;;NON_VALIDE;;COG2026
71329;Navilly;;NON_VALIDE;;COG2026
71330;Neuvy-Grandchamp;;NON_VALIDE;;COG2026
71331;Nochize;;NON_VALIDE;;COG2026
71332;Ormes;;NON_VALIDE;;COG2026
71333;Oslon;;NON_VALIDE;;COG2026
71334;Oudry;;NON_VALIDE;;COG2026
71335;Ouroux-sous-le-Bois-Sainte-Marie;;NON_VALIDE;;COG2026
71336;Ouroux-sur-Saône;;NON_VALIDE;;COG2026
71337;Oyé;;NON_VALIDE;;COG2026
71338;Ozenay;;NON_VALIDE;;COG2026
71339;Ozolles;;NON_VALIDE;;COG2026
71340;Palinges;;NON_VALIDE;;COG2026
71341;Palleau;;NON_VALIDE;;COG2026
71342;Paray-le-Monial;;NON_VALIDE;;COG2026
71343;Paris-l'Hôpital;;NON_VALIDE;;COG2026
71344;Passy;;NON_VALIDE;;COG2026
71345;Péronne;;NON_VALIDE;;COG2026
71346;Perrecy-les-Forges;;NON_VALIDE;;COG2026
71347;Perreuil;;NON_VALIDE;;COG2026
71348;Perrigny-sur-Loire;;NON_VALIDE;;COG2026
71349;La Petite-Verrière;;NON_VALIDE;;COG2026
71350;Pierreclos;;NON_VALIDE;;COG2026
71351;Pierre-de-Bresse;;NON_VALIDE;;COG2026
71352;Le Planois;;NON_VALIDE;;COG2026
71353;Plottes;;NON_VALIDE;;COG2026
71354;Poisson;;NON_VALIDE;;COG2026
71355;Pontoux;;NON_VALIDE;;COG2026
71356;Pouilloux;;NON_VALIDE;;COG2026
71357;Pourlans;;NON_VALIDE;;COG2026
71358;Pressy-sous-Dondin;;NON_VALIDE;;COG2026
71359;Préty;;NON_VALIDE;;COG2026
71360;Prissé;;NON_VALIDE;;COG2026
71361;Prizy;;NON_VALIDE;;COG2026
71362;Pruzilly;;NON_VALIDE;;COG2026
71363;Le Puley;;NON_VALIDE;;COG2026
71364;La Racineuse;;NON_VALIDE;;COG2026
71365;Rancy;;NON_VALIDE;;COG2026
71366;Ratenelle;;NON_VALIDE;;COG2026
71367;Ratte;;NON_VALIDE;;COG2026
71368;Reclesne;;NON_VALIDE;;COG2026
71369;Remigny;;NON_VALIDE;;COG2026
71370;Rigny-sur-Arroux;;NON_VALIDE;;COG2026
71371;La Roche-Vineuse;;NON_VALIDE;;COG2026
71372;Romanèche-Thorins;;NON_VALIDE;;COG2026
71373;Romenay;;NON_VALIDE;;COG2026
71374;Rosey;;NON_VALIDE;;COG2026
71376;Roussillon-en-Morvan;;NON_VALIDE;;COG2026
71377;Royer;;NON_VALIDE;;COG2026
71378;Rully;;NON_VALIDE;;COG2026
71379;Sagy;;NON_VALIDE;;COG2026
71380;Saillenard;;NON_VALIDE;;COG2026
71381;Sailly;;NON_VALIDE;;COG2026
71382;Saint-Agnan;;NON_VALIDE;;COG2026
71383;Saint-Albain;;NON_VALIDE;;COG2026
71384;Saint-Ambreuil;;NON_VALIDE;;COG2026
71385;Saint-Amour-Bellevue;;NON_VALIDE;;COG2026
71386;Saint-André-en-Bresse;;NON_VALIDE;;COG2026
71387;Saint-André-le-Désert;;NON_VALIDE;;COG2026
71388;Saint-Aubin-en-Charollais;;NON_VALIDE;;COG2026
71389;Saint-Aubin-sur-Loire;;NON_VALIDE;;COG2026
71390;Saint-Berain-sous-Sanvignes;;NON_VALIDE;;COG2026
71391;Saint-Bérain-sur-Dheune;;NON_VALIDE;;COG2026
71392;Saint-Boil;;NON_VALIDE;;COG2026
71393;Saint-Bonnet-de-Cray;;NON_VALIDE;;COG2026
71394;Saint-Bonnet-de-Joux;;NON_VALIDE;;COG2026
71395;Saint-Bonnet-de-Vieille-Vigne;;NON_VALIDE;;COG2026
71396;Saint-Bonnet-en-Bresse;;NON_VALIDE;;COG2026
71397;Sainte-Cécile;;NON_VALIDE;;COG2026
71398;Saint-Christophe-en-Bresse;;NON_VALIDE;;COG2026
71399;Saint-Christophe-en-Brionnais;;NON_VALIDE;;COG2026
71400;Saint-Clément-sur-Guye;;NON_VALIDE;;COG2026
71401;Sainte-Croix-en-Bresse;;NON_VALIDE;;COG2026
71402;Saint-Cyr;;NON_VALIDE;;COG2026
71403;Saint-Denis-de-Vaux;;NON_VALIDE;;COG2026
71404;Saint-Désert;;NON_VALIDE;;COG2026
71405;Saint-Didier-en-Bresse;;NON_VALIDE;;COG2026
71406;Saint-Didier-en-Brionnais;;NON_VALIDE;;COG2026
71407;Saint-Didier-sur-Arroux;;NON_VALIDE;;COG2026
71408;Saint-Edmond;;NON_VALIDE;;COG2026
71409;Saint-Émiland;;NON_VALIDE;;COG2026
71410;Saint-Étienne-en-Bresse;;NON_VALIDE;;COG2026
71411;Saint-Eugène;;NON_VALIDE;;COG2026
71412;Saint-Eusèbe;;NON_VALIDE;;COG2026
71413;Saint-Firmin;;NON_VALIDE;;COG2026
71414;Saint-Forgeot;;NON_VALIDE;;COG2026
71415;Sainte-Foy;;NON_VALIDE;;COG2026
71416;Saint-Gengoux-de-Scissé;;NON_VALIDE;;COG2026
71417;Saint-Gengoux-le-National;;NON_VALIDE;;COG2026
71419;Saint-Germain-du-Bois;;NON_VALIDE;;COG2026
71420;Saint-Germain-du-Plain;;NON_VALIDE;;COG2026
71421;Saint-Germain-en-Brionnais;;NON_VALIDE;;COG2026
71422;Saint-Germain-lès-Buxy;;NON_VALIDE;;COG2026
71423;Saint-Gervais-en-Vallière;;NON_VALIDE;;COG2026
71424;Saint-Gervais-sur-Couches;;NON_VALIDE;;COG2026
71425;Saint-Gilles;;NON_VALIDE;;COG2026
71426;Sainte-Hélène;;NON_VALIDE;;COG2026
71427;Saint-Huruge;;NON_VALIDE;;COG2026
71428;Saint-Igny-de-Roche;;NON_VALIDE;;COG2026
71430;Saint-Jean-de-Vaux;;NON_VALIDE;;COG2026
71431;Saint-Jean-de-Trézy;;NON_VALIDE;;COG2026
71433;Saint-Julien-de-Civry;;NON_VALIDE;;COG2026
71434;Saint-Julien-de-Jonzy;;NON_VALIDE;;COG2026
71435;Saint-Julien-sur-Dheune;;NON_VALIDE;;COG2026
71436;Saint-Laurent-d'Andenay;;NON_VALIDE;;COG2026
71437;Saint-Laurent-en-Brionnais;;NON_VALIDE;;COG2026
71438;Saint-Léger-du-Bois;;NON_VALIDE;;COG2026
71439;Saint-Léger-lès-Paray;;NON_VALIDE;;COG2026
71440;Saint-Léger-sous-Beuvray;;NON_VALIDE;;COG2026
71441;Saint-Léger-sous-la-Bussière;;NON_VALIDE;;COG2026
71442;Saint-Léger-sur-Dheune;;NON_VALIDE;;COG2026
71443;Saint-Loup-Géanges;;NON_VALIDE;;COG2026
71444;Saint-Loup-de-Varennes;;NON_VALIDE;;COG2026
71445;Saint-Marcel;;NON_VALIDE;;COG2026
71446;Saint-Marcelin-de-Cray;;NON_VALIDE;;COG2026
71447;Saint-Mard-de-Vaux;;NON_VALIDE;;COG2026
71448;Saint-Martin-Belle-Roche;;NON_VALIDE;;COG2026
71449;Saint-Martin-d'Auxy;;NON_VALIDE;;COG2026
71450;Saint-Martin-de-Commune;;NON_VALIDE;;COG2026
71451;Saint-Martin-de-Lixy;;NON_VALIDE;;COG2026
71452;Saint-Martin-de-Salencey;;NON_VALIDE;;COG2026
71453;Saint-Martin-du-Lac;;NON_VALIDE;;COG2026
71454;Saint-Martin-du-Mont;;NON_VALIDE;;COG2026
71455;Saint-Martin-du-Tartre;;NON_VALIDE;;COG2026
71456;Saint-Martin-en-Bresse;;NON_VALIDE;;COG2026
71457;Saint-Martin-en-Gâtinois;;NON_VALIDE;;COG2026
71458;Saint-Martin-la-Patrouille;;NON_VALIDE;;COG2026
71459;Saint-Martin-sous-Montaigu;;NON_VALIDE;;COG2026
71460;Saint-Maurice-de-Satonnay;;NON_VALIDE;;COG2026
71461;Saint-Maurice-des-Champs;;NON_VALIDE;;COG2026
71462;Saint-Maurice-en-Rivière;;NON_VALIDE;;COG2026
71463;Saint-Maurice-lès-Châteauneuf;;NON_VALIDE;;COG2026
71464;Saint-Maurice-lès-Couches;;NON_VALIDE;;COG2026
71465;Saint-Micaud;;NON_VALIDE;;COG2026
71466;Saint-Nizier-sur-Arroux;;NON_VALIDE;;COG2026
71468;Saint-Pierre-de-Varennes;;NON_VALIDE;;COG2026
71469;Saint-Pierre-le-Vieux;;NON_VALIDE;;COG2026
71470;Saint-Point;;NON_VALIDE;;COG2026
71471;Saint-Privé;;NON_VALIDE;;COG2026
71472;Saint-Prix;;NON_VALIDE;;COG2026
71473;Saint-Racho;;NON_VALIDE;;COG2026
71474;Sainte-Radegonde;;NON_VALIDE;;COG2026
71475;Saint-Rémy;;NON_VALIDE;;COG2026
71477;Saint-Romain-sous-Gourdon;;NON_VALIDE;;COG2026
71478;Saint-Romain-sous-Versigny;;NON_VALIDE;;COG2026
71479;Saint-Sernin-du-Bois;;NON_VALIDE;;COG2026
71480;Saint-Sernin-du-Plain;;NON_VALIDE;;COG2026
71481;Saint-Symphorien-d'Ancelles;;NON_VALIDE;;COG2026
71482;Saint-Symphorien-de-Marmagne;;NON_VALIDE;;COG2026
71483;Saint-Symphorien-des-Bois;;NON_VALIDE;;COG2026
71484;Saint-Usuge;;NON_VALIDE;;COG2026
71485;Saint-Vallerin;;NON_VALIDE;;COG2026
71486;Saint-Vallier;;NON_VALIDE;;COG2026
71487;Saint-Vérand;;NON_VALIDE;;COG2026
71488;Saint-Vincent-des-Prés;;NON_VALIDE;;COG2026
71489;Saint-Vincent-en-Bresse;;NON_VALIDE;;COG2026
71490;Saint-Vincent-Bragny;;NON_VALIDE;;COG2026
71491;Saint-Yan;;NON_VALIDE;;COG2026
71493;Saisy;;NON_VALIDE;;COG2026
71494;La Salle;;NON_VALIDE;;COG2026
71495;Salornay-sur-Guye;;NON_VALIDE;;COG2026
71496;Sampigny-lès-Maranges;;NON_VALIDE;;COG2026
71497;Sancé;;NON_VALIDE;;COG2026
71498;Santilly;;NON_VALIDE;;COG2026
71499;Sanvignes-les-Mines;;NON_VALIDE;;COG2026
71500;Sarry;;NON_VALIDE;;COG2026
71501;Sassangy;;NON_VALIDE;;COG2026
71502;Sassenay;;NON_VALIDE;;COG2026
71503;Saules;;NON_VALIDE;;COG2026
71504;Saunières;;NON_VALIDE;;COG2026
71505;Savianges;;NON_VALIDE;;COG2026
71506;Savigny-en-Revermont;;NON_VALIDE;;COG2026
71507;Savigny-sur-Grosne;;NON_VALIDE;;COG2026
71508;Savigny-sur-Seille;;NON_VALIDE;;COG2026
71509;La Celle-en-Morvan;;NON_VALIDE;;COG2026
71510;Semur-en-Brionnais;;NON_VALIDE;;COG2026
71512;Sennecey-le-Grand;;NON_VALIDE;;COG2026
71513;Senozan;;NON_VALIDE;;COG2026
71514;Sens-sur-Seille;;NON_VALIDE;;COG2026
71515;Sercy;;NON_VALIDE;;COG2026
71516;Serley;;NON_VALIDE;;COG2026
71517;Sermesse;;NON_VALIDE;;COG2026
71518;Serrières;;NON_VALIDE;;COG2026
71519;Serrigny-en-Bresse;;NON_VALIDE;;COG2026
71520;Sevrey;;NON_VALIDE;;COG2026
71521;Sigy-le-Châtel;;NON_VALIDE;;COG2026
71522;Simandre;;NON_VALIDE;;COG2026
71523;Simard;;NON_VALIDE;;COG2026
71524;Sivignon;;NON_VALIDE;;COG2026
71525;Sologny;;NON_VALIDE;;COG2026
71526;Solutré-Pouilly;;NON_VALIDE;;COG2026
71527;Sommant;;NON_VALIDE;;COG2026
71528;Sornay;;NON_VALIDE;;COG2026
71529;Suin;;NON_VALIDE;;COG2026
71530;Sully;;NON_VALIDE;;COG2026
71531;La Tagnière;;NON_VALIDE;;COG2026
71532;Taizé;;NON_VALIDE;;COG2026
71533;Tancon;;NON_VALIDE;;COG2026
71534;Le Tartre;;NON_VALIDE;;COG2026
71535;Tavernay;;NON_VALIDE;;COG2026
71537;Thil-sur-Arroux;;NON_VALIDE;;COG2026
71538;Thurey;;NON_VALIDE;;COG2026
71539;Tintry;;NON_VALIDE;;COG2026
71540;Torcy;;NON_VALIDE;;COG2026
71541;Torpes;;NON_VALIDE;;COG2026
71542;Toulon-sur-Arroux;;NON_VALIDE;;COG2026
71543;Tournus;;NON_VALIDE;;COG2026
71544;Toutenant;;NON_VALIDE;;COG2026
71545;Tramayes;;NON_VALIDE;;COG2026
71546;Trambly;;NON_VALIDE;;COG2026
71547;Trivy;;NON_VALIDE;;COG2026
71548;Tronchy;;NON_VALIDE;;COG2026
71549;La Truchère;;NON_VALIDE;;COG2026
71550;Uchizy;;NON_VALIDE;;COG2026
71551;Uchon;;NON_VALIDE;;COG2026
71552;Uxeau;;NON_VALIDE;;COG2026
71553;Vareilles;;NON_VALIDE;;COG2026
71554;Varenne-l'Arconce;;NON_VALIDE;;COG2026
71555;Varennes-le-Grand;;NON_VALIDE;;COG2026
71556;Varennes-lès-Mâcon;;NON_VALIDE;;COG2026
71557;Varenne-Saint-Germain;;NON_VALIDE;;COG2026
71558;Varennes-Saint-Sauveur;;NON_VALIDE;;COG2026
71559;Varennes-sous-Dun;;NON_VALIDE;;COG2026
71561;Vauban;;NON_VALIDE;;COG2026
71562;Vaudebarrier;;NON_VALIDE;;COG2026
71563;Vaux-en-Pré;;NON_VALIDE;;COG2026
71564;Vendenesse-lès-Charolles;;NON_VALIDE;;COG2026
71565;Vendenesse-sur-Arroux;;NON_VALIDE;;COG2026
71566;Verdun-Ciel;;NON_VALIDE;;COG2026
71567;Vergisson;;NON_VALIDE;;COG2026
71568;Vérissey;;NON_VALIDE;;COG2026
71570;Verjux;;NON_VALIDE;;COG2026
71571;Verosvres;;NON_VALIDE;;COG2026
71572;Vers;;NON_VALIDE;;COG2026
71573;Versaugues;;NON_VALIDE;;COG2026
71574;Verzé;;NON_VALIDE;;COG2026
71576;Le Villars;;NON_VALIDE;;COG2026
71577;Villegaudin;;NON_VALIDE;;COG2026
71578;Clux-Villeneuve;;NON_VALIDE;;COG2026
71579;Villeneuve-en-Montagne;;NON_VALIDE;;COG2026
71580;Vincelles;;NON_VALIDE;;COG2026
71581;Vindecy;;NON_VALIDE;;COG2026
71582;La Vineuse sur Fregande;;NON_VALIDE;;COG2026
71583;Vinzelles;;NON_VALIDE;;COG2026
71584;Viré;;NON_VALIDE;;COG2026
71585;Virey-le-Grand;;NON_VALIDE;;COG2026
71586;Viry;;NON_VALIDE;;COG2026
71588;Vitry-en-Charollais;;NON_VALIDE;;COG2026
71589;Vitry-sur-Loire;;NON_VALIDE;;COG2026
71590;Volesvres;;NON_VALIDE;;COG2026
71591;Fleurville;;NON_VALIDE;;COG2026
89002;Aigremont;;NON_VALIDE;;COG2026
89003;Montholon;;NON_VALIDE;;COG2026
89004;Aisy-sur-Armançon;;NON_VALIDE;;COG2026
89005;Ancy-le-Franc;;NON_VALIDE;;COG2026
89006;Ancy-le-Libre;;NON_VALIDE;;COG2026
89007;Andryes;;NON_VALIDE;;COG2026
89008;Angely;;NON_VALIDE;;COG2026
89009;Annay-la-Côte;;NON_VALIDE;;COG2026
89010;Annay-sur-Serein;;NON_VALIDE;;COG2026
89011;Annéot;;NON_VALIDE;;COG2026
89012;Annoux;;NON_VALIDE;;COG2026
89013;Appoigny;;NON_VALIDE;;COG2026
89014;Arces-Dilo;;NON_VALIDE;;COG2026
89015;Arcy-sur-Cure;;NON_VALIDE;;COG2026
89016;Argentenay;;NON_VALIDE;;COG2026
89017;Argenteuil-sur-Armançon;;NON_VALIDE;;COG2026
89018;Armeau;;NON_VALIDE;;COG2026
89019;Arthonnay;;NON_VALIDE;;COG2026
89020;Asnières-sous-Bois;;NON_VALIDE;;COG2026
89021;Asquins;;NON_VALIDE;;COG2026
89022;Athie;;NON_VALIDE;;COG2026
89023;Augy;;NON_VALIDE;;COG2026
89024;Auxerre;;NON_VALIDE;;COG2026
89025;Avallon;;NON_VALIDE;;COG2026
89027;Bagneaux;;NON_VALIDE;;COG2026
89028;Baon;;NON_VALIDE;;COG2026
89029;Bassou;;NON_VALIDE;;COG2026
89030;Bazarnes;;NON_VALIDE;;COG2026
89031;Beaumont;;NON_VALIDE;;COG2026
89032;Beauvilliers;;NON_VALIDE;;COG2026
89033;Beauvoir;;NON_VALIDE;;COG2026
89034;Beine;;NON_VALIDE;;COG2026
89035;Bellechaume;;NON_VALIDE;;COG2026
89036;La Belliole;;NON_VALIDE;;COG2026
89037;Béon;;NON_VALIDE;;COG2026
89038;Bernouil;;NON_VALIDE;;COG2026
89039;Béru;;NON_VALIDE;;COG2026
89040;Bessy-sur-Cure;;NON_VALIDE;;COG2026
89041;Beugnon;;NON_VALIDE;;COG2026
89042;Bierry-les-Belles-Fontaines;;NON_VALIDE;;COG2026
89043;Blacy;;NON_VALIDE;;COG2026
89044;Blannay;;NON_VALIDE;;COG2026
89045;Bleigny-le-Carreau;;NON_VALIDE;;COG2026
89046;Bléneau;;NON_VALIDE;;COG2026
89048;Bœurs-en-Othe;;NON_VALIDE;;COG2026
89049;Bois-d'Arcy;;NON_VALIDE;;COG2026
89050;Bonnard;;NON_VALIDE;;COG2026
89051;Les Bordes;;NON_VALIDE;;COG2026
89053;Branches;;NON_VALIDE;;COG2026
89054;Brannay;;NON_VALIDE;;COG2026
89055;Brienon-sur-Armançon;;NON_VALIDE;;COG2026
89056;Brion;;NON_VALIDE;;COG2026
89057;Brosses;;NON_VALIDE;;COG2026
89058;Bussières;;NON_VALIDE;;COG2026
89059;Bussy-en-Othe;;NON_VALIDE;;COG2026
89060;Bussy-le-Repos;;NON_VALIDE;;COG2026
89061;Butteaux;;NON_VALIDE;;COG2026
89062;Carisey;;NON_VALIDE;;COG2026
89063;La Celle-Saint-Cyr;;NON_VALIDE;;COG2026
89064;Censy;;NON_VALIDE;;COG2026
89065;Cérilly;;NON_VALIDE;;COG2026
89066;Cerisiers;;NON_VALIDE;;COG2026
89067;Cézy;;NON_VALIDE;;COG2026
89068;Chablis;;NON_VALIDE;;COG2026
89069;Chailley;;NON_VALIDE;;COG2026
89071;Chamoux;;NON_VALIDE;;COG2026
89072;Champcevrais;;NON_VALIDE;;COG2026
89073;Champignelles;;NON_VALIDE;;COG2026
89074;Champigny;;NON_VALIDE;;COG2026
89075;Champlay;;NON_VALIDE;;COG2026
89076;Champlost;;NON_VALIDE;;COG2026
89077;Champs-sur-Yonne;;NON_VALIDE;;COG2026
89079;Chamvres;;NON_VALIDE;;COG2026
89080;La Chapelle-sur-Oreuse;;NON_VALIDE;;COG2026
89081;La Chapelle-Vaupelteigne;;NON_VALIDE;;COG2026
89083;Charbuy;;NON_VALIDE;;COG2026
89084;Charentenay;;NON_VALIDE;;COG2026
89085;Charmoy;;NON_VALIDE;;COG2026
89086;Charny Orée de Puisaye;;NON_VALIDE;;COG2026
89087;Chassignelles;;NON_VALIDE;;COG2026
89088;Chassy;;NON_VALIDE;;COG2026
89089;Chastellux-sur-Cure;;NON_VALIDE;;COG2026
89091;Châtel-Censoir;;NON_VALIDE;;COG2026
89092;Châtel-Gérard;;NON_VALIDE;;COG2026
89093;Chaumont;;NON_VALIDE;;COG2026
89094;Chaumot;;NON_VALIDE;;COG2026
89095;Chemilly-sur-Serein;;NON_VALIDE;;COG2026
89096;Chemilly-sur-Yonne;;NON_VALIDE;;COG2026
89098;Cheney;;NON_VALIDE;;COG2026
89099;Cheny;;NON_VALIDE;;COG2026
89100;Chéroy;;NON_VALIDE;;COG2026
89101;Chéu;;NON_VALIDE;;COG2026
89102;Chevannes;;NON_VALIDE;;COG2026
89104;Chichée;;NON_VALIDE;;COG2026
89105;Chichery;;NON_VALIDE;;COG2026
89108;Chitry;;NON_VALIDE;;COG2026
89111;Les Clérimois;;NON_VALIDE;;COG2026
89112;Collan;;NON_VALIDE;;COG2026
89113;Collemiers;;NON_VALIDE;;COG2026
89115;Compigny;;NON_VALIDE;;COG2026
89116;Cornant;;NON_VALIDE;;COG2026
89117;Coulangeron;;NON_VALIDE;;COG2026
89118;Coulanges-la-Vineuse;;NON_VALIDE;;COG2026
89119;Coulanges-sur-Yonne;;NON_VALIDE;;COG2026
89120;Coulours;;NON_VALIDE;;COG2026
89122;Courgenay;;NON_VALIDE;;COG2026
89123;Courgis;;NON_VALIDE;;COG2026
89124;Courlon-sur-Yonne;;NON_VALIDE;;COG2026
89125;Courson-les-Carrières;;NON_VALIDE;;COG2026
89126;Courtoin;;NON_VALIDE;;COG2026
89127;Courtois-sur-Yonne;;NON_VALIDE;;COG2026
89128;Coutarnoux;;NON_VALIDE;;COG2026
89129;Crain;;NON_VALIDE;;COG2026
89130;Deux Rivières;;NON_VALIDE;;COG2026
89131;Cruzy-le-Châtel;;NON_VALIDE;;COG2026
89132;Cry;;NON_VALIDE;;COG2026
89133;Cudot;;NON_VALIDE;;COG2026
89134;Cussy-les-Forges;;NON_VALIDE;;COG2026
89136;Cuy;;NON_VALIDE;;COG2026
89137;Dannemoine;;NON_VALIDE;;COG2026
89139;Diges;;NON_VALIDE;;COG2026
89141;Dissangis;;NON_VALIDE;;COG2026
89142;Dixmont;;NON_VALIDE;;COG2026
89143;Dollot;;NON_VALIDE;;COG2026
89144;Domats;;NON_VALIDE;;COG2026
89145;Domecy-sur-Cure;;NON_VALIDE;;COG2026
89146;Domecy-sur-le-Vault;;NON_VALIDE;;COG2026
89147;Dracy;;NON_VALIDE;;COG2026
89148;Druyes-les-Belles-Fontaines;;NON_VALIDE;;COG2026
89149;Dyé;;NON_VALIDE;;COG2026
89150;Égleny;;NON_VALIDE;;COG2026
89151;Égriselles-le-Bocage;;NON_VALIDE;;COG2026
89152;Épineau-les-Voves;;NON_VALIDE;;COG2026
89153;Épineuil;;NON_VALIDE;;COG2026
89154;Escamps;;NON_VALIDE;;COG2026
89155;Escolives-Sainte-Camille;;NON_VALIDE;;COG2026
89156;Esnon;;NON_VALIDE;;COG2026
89158;Étais-la-Sauvin;;NON_VALIDE;;COG2026
89159;Étaule;;NON_VALIDE;;COG2026
89160;Étigny;;NON_VALIDE;;COG2026
89161;Étivey;;NON_VALIDE;;COG2026
89162;Évry;;NON_VALIDE;;COG2026
89163;La Ferté-Loupière;;NON_VALIDE;;COG2026
89164;Festigny;;NON_VALIDE;;COG2026
89165;Flacy;;NON_VALIDE;;COG2026
89167;Fleury-la-Vallée;;NON_VALIDE;;COG2026
89168;Fleys;;NON_VALIDE;;COG2026
89169;Flogny-la-Chapelle;;NON_VALIDE;;COG2026
89170;Foissy-lès-Vézelay;;NON_VALIDE;;COG2026
89171;Foissy-sur-Vanne;;NON_VALIDE;;COG2026
89172;Fontaine-la-Gaillarde;;NON_VALIDE;;COG2026
89173;Fontaines;;NON_VALIDE;;COG2026
89175;Fontenay-près-Chablis;;NON_VALIDE;;COG2026
89176;Fontenay-près-Vézelay;;NON_VALIDE;;COG2026
89177;Fontenay-sous-Fouronnes;;NON_VALIDE;;COG2026
89179;Fontenoy;;NON_VALIDE;;COG2026
89180;Fouchères;;NON_VALIDE;;COG2026
89181;Fournaudin;;NON_VALIDE;;COG2026
89182;Fouronnes;;NON_VALIDE;;COG2026
89183;Fresnes;;NON_VALIDE;;COG2026
89184;Fulvy;;NON_VALIDE;;COG2026
89186;Germigny;;NON_VALIDE;;COG2026
89187;Gigny;;NON_VALIDE;;COG2026
89188;Girolles;;NON_VALIDE;;COG2026
89189;Gisy-les-Nobles;;NON_VALIDE;;COG2026
89190;Givry;;NON_VALIDE;;COG2026
89191;Gland;;NON_VALIDE;;COG2026
89194;Grimault;;NON_VALIDE;;COG2026
89195;Gron;;NON_VALIDE;;COG2026
89196;Valravillon;;NON_VALIDE;;COG2026
89197;Guillon-Terre-Plaine;;NON_VALIDE;;COG2026
89198;Gurgy;;NON_VALIDE;;COG2026
89199;Gy-l'Évêque;;NON_VALIDE;;COG2026
89200;Hauterive;;NON_VALIDE;;COG2026
89201;Héry;;NON_VALIDE;;COG2026
89202;Irancy;;NON_VALIDE;;COG2026
89203;Island;;NON_VALIDE;;COG2026
89204;L'Isle-sur-Serein;;NON_VALIDE;;COG2026
89205;Jaulges;;NON_VALIDE;;COG2026
89206;Joigny;;NON_VALIDE;;COG2026
89207;Jouancy;;NON_VALIDE;;COG2026
89208;Joux-la-Ville;;NON_VALIDE;;COG2026
89209;Jouy;;NON_VALIDE;;COG2026
89210;Jully;;NON_VALIDE;;COG2026
89211;Junay;;NON_VALIDE;;COG2026
89212;Jussy;;NON_VALIDE;;COG2026
89214;Lailly;;NON_VALIDE;;COG2026
89215;Lain;;NON_VALIDE;;COG2026
89216;Lainsecq;;NON_VALIDE;;COG2026
89217;Lalande;;NON_VALIDE;;COG2026
89218;Laroche-Saint-Cydroine;;NON_VALIDE;;COG2026
89219;Lasson;;NON_VALIDE;;COG2026
89220;Lavau;;NON_VALIDE;;COG2026
89221;Leugny;;NON_VALIDE;;COG2026
89222;Levis;;NON_VALIDE;;COG2026
89223;Lézinnes;;NON_VALIDE;;COG2026
89224;Lichères-près-Aigremont;;NON_VALIDE;;COG2026
89225;Lichères-sur-Yonne;;NON_VALIDE;;COG2026
89226;Lignorelles;;NON_VALIDE;;COG2026
89227;Ligny-le-Châtel;;NON_VALIDE;;COG2026
89228;Lindry;;NON_VALIDE;;COG2026
89229;Lixy;;NON_VALIDE;;COG2026
89230;Looze;;NON_VALIDE;;COG2026
89232;Lucy-le-Bois;;NON_VALIDE;;COG2026
89233;Lucy-sur-Cure;;NON_VALIDE;;COG2026
89234;Lucy-sur-Yonne;;NON_VALIDE;;COG2026
89235;Magny;;NON_VALIDE;;COG2026
89236;Maillot;;NON_VALIDE;;COG2026
89237;Mailly-la-Ville;;NON_VALIDE;;COG2026
89238;Mailly-le-Château;;NON_VALIDE;;COG2026
89239;Malay-le-Grand;;NON_VALIDE;;COG2026
89240;Malay-le-Petit;;NON_VALIDE;;COG2026
89242;Maligny;;NON_VALIDE;;COG2026
89244;Marmeaux;;NON_VALIDE;;COG2026
89245;Marsangy;;NON_VALIDE;;COG2026
89246;Massangis;;NON_VALIDE;;COG2026
89247;Mélisey;;NON_VALIDE;;COG2026
89248;Menades;;NON_VALIDE;;COG2026
89249;Mercy;;NON_VALIDE;;COG2026
89250;Méré;;NON_VALIDE;;COG2026
89251;Merry-la-Vallée;;NON_VALIDE;;COG2026
89252;Merry-Sec;;NON_VALIDE;;COG2026
89253;Merry-sur-Yonne;;NON_VALIDE;;COG2026
89254;Mézilles;;NON_VALIDE;;COG2026
89255;Michery;;NON_VALIDE;;COG2026
89256;Migé;;NON_VALIDE;;COG2026
89257;Migennes;;NON_VALIDE;;COG2026
89259;Môlay;;NON_VALIDE;;COG2026
89261;Molinons;;NON_VALIDE;;COG2026
89262;Molosmes;;NON_VALIDE;;COG2026
89263;Monéteau;;NON_VALIDE;;COG2026
89264;Montacher-Villegardin;;NON_VALIDE;;COG2026
89265;Montigny-la-Resle;;NON_VALIDE;;COG2026
89266;Montillot;;NON_VALIDE;;COG2026
89267;Montréal;;NON_VALIDE;;COG2026
89268;Mont-Saint-Sulpice;;NON_VALIDE;;COG2026
89270;Mouffy;;NON_VALIDE;;COG2026
89271;Moulins-en-Tonnerrois;;NON_VALIDE;;COG2026
89272;Moulins-sur-Ouanne;;NON_VALIDE;;COG2026
89273;Moutiers-en-Puisaye;;NON_VALIDE;;COG2026
89274;Nailly;;NON_VALIDE;;COG2026
89276;Neuvy-Sautour;;NON_VALIDE;;COG2026
89277;Nitry;;NON_VALIDE;;COG2026
89278;Noé;;NON_VALIDE;;COG2026
89279;Noyers;;NON_VALIDE;;COG2026
89280;Nuits;;NON_VALIDE;;COG2026
89281;Les Ormes;;NON_VALIDE;;COG2026
89282;Ormoy;;NON_VALIDE;;COG2026
89283;Ouanne;;NON_VALIDE;;COG2026
89284;Pacy-sur-Armançon;;NON_VALIDE;;COG2026
89285;Pailly;;NON_VALIDE;;COG2026
89286;Parly;;NON_VALIDE;;COG2026
89287;Paron;;NON_VALIDE;;COG2026
89288;Paroy-en-Othe;;NON_VALIDE;;COG2026
89289;Paroy-sur-Tholon;;NON_VALIDE;;COG2026
89290;Pasilly;;NON_VALIDE;;COG2026
89291;Passy;;NON_VALIDE;;COG2026
89292;Percey;;NON_VALIDE;;COG2026
89295;Perrigny;;NON_VALIDE;;COG2026
89296;Perrigny-sur-Armançon;;NON_VALIDE;;COG2026
89297;Pierre-Perthuis;;NON_VALIDE;;COG2026
89298;Piffonds;;NON_VALIDE;;COG2026
89299;Pimelles;;NON_VALIDE;;COG2026
89300;Pisy;;NON_VALIDE;;COG2026
89302;Plessis-Saint-Jean;;NON_VALIDE;;COG2026
89303;Poilly-sur-Serein;;NON_VALIDE;;COG2026
89304;Poilly-sur-Tholon;;NON_VALIDE;;COG2026
89306;Pontaubert;;NON_VALIDE;;COG2026
89307;Pontigny;;NON_VALIDE;;COG2026
89308;Pont-sur-Vanne;;NON_VALIDE;;COG2026
89309;Pont-sur-Yonne;;NON_VALIDE;;COG2026
89310;La Postolle;;NON_VALIDE;;COG2026
89311;Pourrain;;NON_VALIDE;;COG2026
89312;Précy-le-Sec;;NON_VALIDE;;COG2026
89313;Précy-sur-Vrin;;NON_VALIDE;;COG2026
89314;Prégilbert;;NON_VALIDE;;COG2026
89315;Préhy;;NON_VALIDE;;COG2026
89316;Provency;;NON_VALIDE;;COG2026
89318;Quarré-les-Tombes;;NON_VALIDE;;COG2026
89319;Quenne;;NON_VALIDE;;COG2026
89320;Quincerot;;NON_VALIDE;;COG2026
89321;Ravières;;NON_VALIDE;;COG2026
89323;Roffey;;NON_VALIDE;;COG2026
89324;Rogny-les-Sept-Écluses;;NON_VALIDE;;COG2026
89325;Ronchères;;NON_VALIDE;;COG2026
89326;Rosoy;;NON_VALIDE;;COG2026
89327;Rousson;;NON_VALIDE;;COG2026
89328;Rouvray;;NON_VALIDE;;COG2026
89329;Rugny;;NON_VALIDE;;COG2026
89331;Sainpuits;;NON_VALIDE;;COG2026
89332;Saint-Agnan;;NON_VALIDE;;COG2026
89333;Saint-André-en-Terre-Plaine;;NON_VALIDE;;COG2026
89334;Le Val d'Ocre;;NON_VALIDE;;COG2026
89335;Saint-Aubin-sur-Yonne;;NON_VALIDE;;COG2026
89336;Saint-Brancher;;NON_VALIDE;;COG2026
89337;Saint-Bris-le-Vineux;;NON_VALIDE;;COG2026
89338;Saint-Clément;;NON_VALIDE;;COG2026
89339;Sainte-Colombe;;NON_VALIDE;;COG2026
89341;Saint-Cyr-les-Colons;;NON_VALIDE;;COG2026
89342;Saint-Denis-lès-Sens;;NON_VALIDE;;COG2026
89344;Saint-Fargeau;;NON_VALIDE;;COG2026
89345;Saint-Florentin;;NON_VALIDE;;COG2026
89346;Saint-Georges-sur-Baulche;;NON_VALIDE;;COG2026
89347;Saint-Germain-des-Champs;;NON_VALIDE;;COG2026
89348;Saint-Julien-du-Sault;;NON_VALIDE;;COG2026
89349;Saint-Léger-Vauban;;NON_VALIDE;;COG2026
89350;Saint-Loup-d'Ordon;;NON_VALIDE;;COG2026
89351;Sainte-Magnance;;NON_VALIDE;;COG2026
89352;Saint-Martin-des-Champs;;NON_VALIDE;;COG2026
89353;Saint-Martin-d'Ordon;;NON_VALIDE;;COG2026
89354;Saint-Martin-du-Tertre;;NON_VALIDE;;COG2026
89355;Saint-Martin-sur-Armançon;;NON_VALIDE;;COG2026
89359;Saint-Maurice-aux-Riches-Hommes;;NON_VALIDE;;COG2026
89360;Saint-Maurice-le-Vieil;;NON_VALIDE;;COG2026
89361;Saint-Maurice-Thizouaille;;NON_VALIDE;;COG2026
89362;Saint-Moré;;NON_VALIDE;;COG2026
89363;Sainte-Pallaye;;NON_VALIDE;;COG2026
89364;Saint-Père;;NON_VALIDE;;COG2026
89365;Saint-Privé;;NON_VALIDE;;COG2026
89367;Saints-en-Puisaye;;NON_VALIDE;;COG2026
89368;Saint-Sauveur-en-Puisaye;;NON_VALIDE;;COG2026
89369;Saint-Sérotin;;NON_VALIDE;;COG2026
89370;Saint-Valérien;;NON_VALIDE;;COG2026
89371;Sainte-Vertu;;NON_VALIDE;;COG2026
89373;Saligny;;NON_VALIDE;;COG2026
89374;Sambourg;;NON_VALIDE;;COG2026
89375;Santigny;;NON_VALIDE;;COG2026
89376;Sarry;;NON_VALIDE;;COG2026
89377;Sauvigny-le-Beuréal;;NON_VALIDE;;COG2026
89378;Sauvigny-le-Bois;;NON_VALIDE;;COG2026
89379;Savigny-en-Terre-Plaine;;NON_VALIDE;;COG2026
89380;Savigny-sur-Clairis;;NON_VALIDE;;COG2026
89382;Seignelay;;NON_VALIDE;;COG2026
89383;Sementron;;NON_VALIDE;;COG2026
89384;Senan;;NON_VALIDE;;COG2026
89385;Sennevoy-le-Bas;;NON_VALIDE;;COG2026
89386;Sennevoy-le-Haut;;NON_VALIDE;;COG2026
89387;Sens;;NON_VALIDE;;COG2026
89388;Sépeaux-Saint Romain;;NON_VALIDE;;COG2026
89390;Serbonnes;;NON_VALIDE;;COG2026
89391;Sergines;;NON_VALIDE;;COG2026
89392;Sermizelles;;NON_VALIDE;;COG2026
89393;Serrigny;;NON_VALIDE;;COG2026
89394;Sery;;NON_VALIDE;;COG2026
89395;Les Sièges;;NON_VALIDE;;COG2026
89397;Sommecaise;;NON_VALIDE;;COG2026
89398;Sormery;;NON_VALIDE;;COG2026
89399;Soucy;;NON_VALIDE;;COG2026
89400;Sougères-en-Puisaye;;NON_VALIDE;;COG2026
89402;Soumaintrain;;NON_VALIDE;;COG2026
89403;Stigny;;NON_VALIDE;;COG2026
89404;Subligny;;NON_VALIDE;;COG2026
89405;Les Hauts de Forterre;;NON_VALIDE;;COG2026
89406;Talcy;;NON_VALIDE;;COG2026
89407;Tanlay;;NON_VALIDE;;COG2026
89408;Tannerre-en-Puisaye;;NON_VALIDE;;COG2026
89409;Tharoiseau;;NON_VALIDE;;COG2026
89410;Tharot;;NON_VALIDE;;COG2026
89411;Les Vallées de la Vanne;;NON_VALIDE;;COG2026
89412;Thizy;;NON_VALIDE;;COG2026
89413;Thorey;;NON_VALIDE;;COG2026
89414;Thorigny-sur-Oreuse;;NON_VALIDE;;COG2026
89415;Thory;;NON_VALIDE;;COG2026
89416;Thury;;NON_VALIDE;;COG2026
89417;Tissey;;NON_VALIDE;;COG2026
89418;Tonnerre;;NON_VALIDE;;COG2026
89419;Toucy;;NON_VALIDE;;COG2026
89420;Treigny-Perreuse-Sainte-Colombe;;NON_VALIDE;;COG2026
89422;Trichey;;NON_VALIDE;;COG2026
89423;Tronchoy;;NON_VALIDE;;COG2026
89424;Trucy-sur-Yonne;;NON_VALIDE;;COG2026
89425;Turny;;NON_VALIDE;;COG2026
89426;Val-de-Mercy;;NON_VALIDE;;COG2026
89427;Vallan;;NON_VALIDE;;COG2026
89428;Vallery;;NON_VALIDE;;COG2026
89430;Varennes;;NON_VALIDE;;COG2026
89431;Vassy-sous-Pisy;;NON_VALIDE;;COG2026
89432;Vaudeurs;;NON_VALIDE;;COG2026
89433;Vault-de-Lugny;;NON_VALIDE;;COG2026
89434;Vaumort;;NON_VALIDE;;COG2026
89436;Venizy;;NON_VALIDE;;COG2026
89437;Venouse;;NON_VALIDE;;COG2026
89438;Venoy;;NON_VALIDE;;COG2026
89439;Vergigny;;NON_VALIDE;;COG2026
89440;Verlin;;NON_VALIDE;;COG2026
89441;Vermenton;;NON_VALIDE;;COG2026
89442;Vernoy;;NON_VALIDE;;COG2026
89443;Véron;;NON_VALIDE;;COG2026
89445;Vézannes;;NON_VALIDE;;COG2026
89446;Vézelay;;NON_VALIDE;;COG2026
89447;Vézinnes;;NON_VALIDE;;COG2026
89449;Villeblevin;;NON_VALIDE;;COG2026
89450;Villebougis;;NON_VALIDE;;COG2026
89451;Villechétive;;NON_VALIDE;;COG2026
89452;Villecien;;NON_VALIDE;;COG2026
89453;Villefargeau;;NON_VALIDE;;COG2026
89456;Villemanoche;;NON_VALIDE;;COG2026
89458;Villenavotte;;NON_VALIDE;;COG2026
89459;Villeneuve-la-Dondagre;;NON_VALIDE;;COG2026
89460;Villeneuve-la-Guyard;;NON_VALIDE;;COG2026
89461;Villeneuve-l'Archevêque;;NON_VALIDE;;COG2026
89462;Villeneuve-les-Genêts;;NON_VALIDE;;COG2026
89463;Villeneuve-Saint-Salves;;NON_VALIDE;;COG2026
89464;Villeneuve-sur-Yonne;;NON_VALIDE;;COG2026
89465;Villeperrot;;NON_VALIDE;;COG2026
89466;Villeroy;;NON_VALIDE;;COG2026
89467;Villethierry;;NON_VALIDE;;COG2026
89468;Villevallier;;NON_VALIDE;;COG2026
89469;Perceneige;;NON_VALIDE;;COG2026
89470;Villiers-les-Hauts;;NON_VALIDE;;COG2026
89471;Villiers-Louis;;NON_VALIDE;;COG2026
89472;Villiers-Saint-Benoît;;NON_VALIDE;;COG2026
89474;Villiers-Vineux;;NON_VALIDE;;COG2026
89475;Villon;;NON_VALIDE;;COG2026
89477;Villy;;NON_VALIDE;;COG2026
89478;Vincelles;;NON_VALIDE;;COG2026
89479;Vincelottes;;NON_VALIDE;;COG2026
89480;Vinneuf;;NON_VALIDE;;COG2026
89481;Vireaux;;NON_VALIDE;;COG2026
89482;Viviers;;NON_VALIDE;;COG2026
89483;Voisines;;NON_VALIDE;;COG2026
89485;Voutenay-sur-Cure;;NON_VALIDE;;COG2026
89486;Yrouerre;;NON_VALIDE;;COG2026
90001;Andelnans;;NON_VALIDE;;COG2026
90002;Angeot;;NON_VALIDE;;COG2026
90003;Anjoutey;;NON_VALIDE;;COG2026
90004;Argiésans;;NON_VALIDE;;COG2026
90005;Auxelles-Bas;;NON_VALIDE;;COG2026
90006;Auxelles-Haut;;NON_VALIDE;;COG2026
90007;Banvillars;;NON_VALIDE;;COG2026
90008;Bavilliers;;NON_VALIDE;;COG2026
90009;Beaucourt;;NON_VALIDE;;COG2026
90010;Belfort;;NON_VALIDE;;COG2026
90011;Bermont;;NON_VALIDE;;COG2026
90012;Bessoncourt;;NON_VALIDE;;COG2026
90013;Bethonvilliers;;NON_VALIDE;;COG2026
90014;Boron;;NON_VALIDE;;COG2026
90015;Botans;;NON_VALIDE;;COG2026
90016;Bourg-sous-Châtelet;;NON_VALIDE;;COG2026
90017;Bourogne;;NON_VALIDE;;COG2026
90018;Brebotte;;NON_VALIDE;;COG2026
90019;Bretagne;;NON_VALIDE;;COG2026
90020;Buc;;NON_VALIDE;;COG2026
90021;Charmois;;NON_VALIDE;;COG2026
90022;Châtenois-les-Forges;;NON_VALIDE;;COG2026
90023;Chaux;;NON_VALIDE;;COG2026
90024;Chavanatte;;NON_VALIDE;;COG2026
90025;Chavannes-les-Grands;;NON_VALIDE;;COG2026
90026;Chèvremont;;NON_VALIDE;;COG2026
90027;Courcelles;;NON_VALIDE;;COG2026
90028;Courtelevant;;NON_VALIDE;;COG2026
90029;Cravanche;;NON_VALIDE;;COG2026
90030;Croix;;NON_VALIDE;;COG2026
90031;Cunelières;;NON_VALIDE;;COG2026
90032;Danjoutin;;NON_VALIDE;;COG2026
90033;Delle;;NON_VALIDE;;COG2026
90034;Denney;;NON_VALIDE;;COG2026
90035;Dorans;;NON_VALIDE;;COG2026
90036;Eguenigue;;NON_VALIDE;;COG2026
90037;Éloie;;NON_VALIDE;;COG2026
90039;Essert;;NON_VALIDE;;COG2026
90041;Étueffont;;NON_VALIDE;;COG2026
90042;Évette-Salbert;;NON_VALIDE;;COG2026
90043;Faverois;;NON_VALIDE;;COG2026
90044;Felon;;NON_VALIDE;;COG2026
90045;Fêche-l'Église;;NON_VALIDE;;COG2026
90046;Florimont;;NON_VALIDE;;COG2026
90047;Fontaine;;NON_VALIDE;;COG2026
90048;Fontenelle;;NON_VALIDE;;COG2026
90049;Foussemagne;;NON_VALIDE;;COG2026
90050;Frais;;NON_VALIDE;;COG2026
90051;Froidefontaine;;NON_VALIDE;;COG2026
90052;Giromagny;;NON_VALIDE;;COG2026
90053;Grandvillars;;NON_VALIDE;;COG2026
90054;Grosmagny;;NON_VALIDE;;COG2026
90055;Grosne;;NON_VALIDE;;COG2026
90056;Joncherey;;NON_VALIDE;;COG2026
90057;Lachapelle-sous-Chaux;;NON_VALIDE;;COG2026
90058;Lachapelle-sous-Rougemont;;NON_VALIDE;;COG2026
90059;Lacollonge;;NON_VALIDE;;COG2026
90060;Lagrange;;NON_VALIDE;;COG2026
90061;Lamadeleine-Val-des-Anges;;NON_VALIDE;;COG2026
90062;Larivière;;NON_VALIDE;;COG2026
90063;Lebetain;;NON_VALIDE;;COG2026
90064;Lepuix-Neuf;;NON_VALIDE;;COG2026
90065;Lepuix;;NON_VALIDE;;COG2026
90066;Leval;;NON_VALIDE;;COG2026
90067;Menoncourt;;NON_VALIDE;;COG2026
90068;Meroux-Moval;;NON_VALIDE;;COG2026
90069;Méziré;;NON_VALIDE;;COG2026
90070;Montbouton;;NON_VALIDE;;COG2026
90071;Montreux-Château;;NON_VALIDE;;COG2026
90072;Morvillars;;NON_VALIDE;;COG2026
90074;Novillard;;NON_VALIDE;;COG2026
90075;Offemont;;NON_VALIDE;;COG2026
90076;Pérouse;;NON_VALIDE;;COG2026
90077;Petit-Croix;;NON_VALIDE;;COG2026
90078;Petitefontaine;;NON_VALIDE;;COG2026
90079;Petitmagny;;NON_VALIDE;;COG2026
90080;Phaffans;;NON_VALIDE;;COG2026
90081;Réchésy;;NON_VALIDE;;COG2026
90082;Autrechêne;;NON_VALIDE;;COG2026
90083;Recouvrance;;NON_VALIDE;;COG2026
90084;Reppe;;NON_VALIDE;;COG2026
90085;Riervescemont;;NON_VALIDE;;COG2026
90086;Romagny-sous-Rougemont;;NON_VALIDE;;COG2026
90087;Roppe;;NON_VALIDE;;COG2026
90088;Rougegoutte;;NON_VALIDE;;COG2026
90089;Rougemont-le-Château;;NON_VALIDE;;COG2026
90090;Saint-Dizier-l'Évêque;;NON_VALIDE;;COG2026
90091;Saint-Germain-le-Châtelet;;NON_VALIDE;;COG2026
90093;Sermamagny;;NON_VALIDE;;COG2026
90094;Sevenans;;NON_VALIDE;;COG2026
90095;Suarce;;NON_VALIDE;;COG2026
90096;Thiancourt;;NON_VALIDE;;COG2026
90097;Trévenans;;NON_VALIDE;;COG2026
90098;Urcerey;;NON_VALIDE;;COG2026
90099;Valdoie;;NON_VALIDE;;COG2026
90100;Vauthiermont;;NON_VALIDE;;COG2026
90101;Vellescot;;NON_VALIDE;;COG2026
90102;Vescemont;;NON_VALIDE;;COG2026
90103;Vétrigne;;NON_VALIDE;;COG2026
90104;Vézelois;;NON_VALIDE;;COG2026
90105;Villars-le-Sec;;NON_VALIDE;;COG2026
